i_item_id,i_item_desc,i_category,i_class,i_current_price,itemrevenue,revenueratio
AAAAAAAAOJGAAAAA,,Books,,,2776.32,33.07292597331122
AAAAAAAAAAKAAAAA,"Systematic, good contracts can hear to a leaves; social women seem at a books. Judicial products enable ever old leaders. Aside modest sons extend wome",Books,arts,2.42,2056.97,0.7685053902640865
AAAAAAAAACKBAAAA,"Social factors can report heavily different services. Patient values produce that given officers. Distinctive, am",Books,arts,6.92,9680.52,3.61674297659144
AAAAAAAAAIJCAAAA,"Very british plants increase poor, solid agencies. Small reasons ought to meet. Public institutions should die again central",Books,arts,1.76,12824.84,4.791493638348866
AAAAAAAAAJIAAAAA,"Public, small services wait chemical, private officers. Good, modest sources may vanish continental, corporate representatives. Criminal, relevant rules enable barely still ashamed years. Formidable, ",Books,arts,0.43,7362.30,2.750631868593749
AAAAAAAABFHDAAAA,Still left years require even. Di,Books,arts,2.58,4376.67,1.6351694416579334
AAAAAAAABHDCAAAA,"Visible,",Books,arts,3.88,3364.97,1.2571877971370236
AAAAAAAACBACAAAA,"Very gross years give even in a fingers. Conflicts finish visibly clear, alone years. Inland thanks strengthen currently causal serv",Books,arts,4.78,666.46,0.24899638905545687
AAAAAAAACCLCAAAA,"Bloody, main fir",Books,arts,45.80,959.00,0.3582923762929255
AAAAAAAACKDBAAAA,"Australian boys hear also legal bodies. Severe, white men shall get only local, new seats. Youn",Books,arts,3.82,11811.00,4.412712467565947
AAAAAAAACKEAAAAA,"Physical, local rates cannot explain; quickly lovely horses used to take. Quick, various subjects keep usually; please easy sources ought to thin",Books,arts,35.27,539.76,0.20165995101967618
AAAAAAAACMDCAAAA,Studies will ask to a issues. Systems remain houses. Likely patients look widely feet. Waters believe of cour,Books,arts,2.75,4789.59,1.789440649185436
AAAAAAAACNEDAAAA,Fees mean members. Considerable countries travel very; lists threaten however really visible games. ,Books,arts,6.89,10722.23,4.00593666930062
AAAAAAAADCCDAAAA,"Already similar lives take perhaps certain islands. Past thin facts find countries. Initial, steep shoulders ought to suggest concerned, hot references. Suitable",Books,arts,7.18,2550.80,0.9530054154827887
AAAAAAAADJFCAAAA,"Systematically golden pupils can continue for instance over a cells. Other members assign often so-called, present farmers. British differences gain often",Books,arts,2.74,3832.68,1.4319291186343792
AAAAAAAADPCCAAAA,"Bright, happy seconds slow available men; tensions see so mountains. Wo",Books,arts,4.23,1596.78,0.5965736189958473
AAAAAAAAEDKDAAAA,"Corporations can see certainly subjects; other, british concentratio",Books,arts,4.24,621.60,0.23223622638548747
AAAAAAAAEGAEAAAA,"Realistic soldiers say at least turkish, economic others. Considerations sound well also evident services. Places can remain at a employees",Books,arts,9.57,10702.69,3.9986363220297507
AAAAAAAAEPDDAAAA,"Able, moral advisers get; premises should wrap terms. So public visits used to pay possible, mathematical duties. Political failures look both; probl",Books,arts,2.84,4850.89,1.8123429668775697
AAAAAAAAEPKAAAAA,"Broken members give as subtle, legal lights. Correct years can get e",Books,arts,1.78,6548.18,2.446468167459655
AAAAAAAAFBMBAAAA,Clinical families cope international newspapers. Again essential principles may not define usually current written books. There poli,Books,arts,4.78,27.65,0.010330327637642743
AAAAAAAAFCFBAAAA,"Others must help. Really different goods take more early, recent facts. Variations understand miners. Important regions sort too. High children give roug",Books,arts,9.76,10291.14,3.844876960754095
AAAAAAAAFCKCAAAA,"Here costly books must not correct thus necessary patterns. Other, monetary lovers can convey urgent blocks. Tomorrow recent years woul",Books,arts,2.44,2906.70,1.0859733578421757
AAAAAAAAGAKAAAAA,"Genuine assets could say about; states put approximately issues. Bottom features continue local changes. Attacks make left, rural opportu",Books,arts,8.96,11092.51,4.144277129252387
AAAAAAAAGFHBAAAA,"Regular, european iss",Books,arts,1.75,5957.81,2.2258997939538627
AAAAAAAAGHOBAAAA,"Horrible members help immediately fast, heavy opportunities. Numerous, direct views go a",Books,arts,8.66,4394.75,1.6419243177407032
AAAAAAAAGOKBAAAA,Times shall describe public birds. Seconds mean in a stones; changes could not curb in short reasons. Rapidly new thousands may disclose rare,Books,arts,60.94,373.68,0.1396107353213143
AAAAAAAAHPNCAAAA,"Often frequent talks must judge now highly free years. Men match defiantly lovely, good clothes. Hours write also men. Children might not prefer apa",Books,arts,37.98,5907.27,2.2070175241959435
AAAAAAAAIAOAAAAA,"Now dependent students know contrary lines; difficult possibilities ought to stay even current, strategic objectives. Advantages might know extremely years. Sensitive fans may take later; popular,",Books,arts,2.40,5670.60,2.1185951501633613
AAAAAAAAIEPCAAAA,"Effectively direct years consider well professional adults. Quite current cars let electoral, commercial bonds. Statistical effects ma",Books,arts,0.91,10220.60,3.818522482940015
AAAAAAAAIHKBAAAA,"Large, real ways say by a buses. Whole budgets might not reduce on to a circ",Books,arts,9.19,1117.47,0.4174984168259181
AAAAAAAAIIPDAAAA,"Refugees paint ago main, sure pieces. Letters shall not look instead great persons. Short sales drift high accused taxes. Steps know partly. Ashamed, adverse weeks use about. Loc",Books,arts,6.04,8372.80,3.1281651806312896
AAAAAAAAIJGAAAAA,"Industrial figures shall not meet still. Live, civil years ought to spend tiny groups. Brief years know again unfortunately present texts. So as prime terms become. Effective sets get other oth",Books,arts,4.10,9142.23,3.4156322328638917
AAAAAAAAJJDBAAAA,Great signals must want developers. Also confident leve,Books,arts,1.20,8979.34,3.3547748343504877
AAAAAAAAKGBAAAAA,"Important, scientific words replace sure united friends. Important areas list fresh, gross directions. Mild services leave sadly commercial, appropriate ju",Books,arts,5.60,3357.12,1.2542549554749802
AAAAAAAAKICDAAAA,"Countries speak open crews. So special teachers could not go neighbouring, urban impl",Books,arts,1.89,13516.35,5.049848967994665
AAAAAAAAKKIAAAAA,"Only members obtain only. Small rooms may define strong, thorough eyes. Later expensive stairs undergo i",Books,arts,79.28,3997.30,1.4934328631446414
AAAAAAAAKNBCAAAA,Grounds will,Books,arts,6.89,3389.40,1.2663150992776242
AAAAAAAAMFFAAAAA,So tiny sales obtain as ill tons. Constant others increase women. New,Books,arts,8.22,3741.57,1.3978894748345372
AAAAAAAANIBAAAAA,"Open, real terms should avoid discussions. Just obvious adults will say strong, poor drawings. Very chains would allow never in the agencies; young, other funds allow",Books,arts,2.72,20201.74,7.5475802188236125
AAAAAAAAOEIDAAAA,"Plans prepare never available years. Wise, urban roses want exactly units; white, other resources might achieve for a content",Books,arts,2.20,5027.44,1.8783038834933319
AAAAAAAAOJJCAAAA,"Italian, long buildings shall react. Industrial roses see police. Very continuous charges may mean to the tests. Boots should fight regional, nic",Books,arts,6.40,32.40,0.012104977050981007
AAAAAAAAOKPBAAAA,"Silent difficulties know new families. Added, vital rates say short. Others may raise home. Bare subjects shake very alone, modern constraints. Local relations feel i",Books,arts,2.60,1785.05,0.66691324953252
AAAAAAAAOPKCAAAA,"New, international servants form together in a stars. Details must allow respective areas.",Books,arts,9.12,11103.12,4.14824113562618
AAAAAAAAPIEBAAAA,Across long rela,Books,arts,0.45,1413.65,0.5281543459296081
AAAAAAAAPLLDAAAA,Strong budgets shall not take small costs; police used to show also twice miserable fields,Books,arts,9.00,15780.88,5.895900933465591
AAAAAAAAABMBAAAA,"Real, mutual fathers cease previously late others. Vital prices go hurriedly perhaps high republics. Medical issues happen victorian sectors. Officials used to attempt also on a campaigns. German, w",Books,business,3.16,8665.52,3.259712268752998
AAAAAAAAACEBAAAA,Seats demonstrate however equal eggs; apparent letters seem reluctantly. Different,Books,business,15.17,7878.53,2.9636699125659574
AAAAAAAAAKBDAAAA,"Rather difficult conclusions brighten in the issues. Days feel plants; games must not tie public, old w",Books,business,3.10,4268.34,1.6056232361369163
AAAAAAAAANHCAAAA,"Quickly long lights experiment during a exhibitions. Popular, po",Books,business,4.80,18711.58,7.038742844486334
AAAAAAAABIPBAAAA,"National, famous weeks become just sufficient women. Humans allow there things.",Books,business,2.57,1554.04,0.5845838742663924
AAAAAAAABKACAAAA,"Important, horrible figures may spill single women. Large, used team",Books,business,5.25,112.75,0.04241321447551913
AAAAAAAABMDDAAAA,Political students cannot deliver. German qualifications happen very countries,Books,business,3.85,9353.24,3.5184121876807497
AAAAAAAACDBCAAAA,"Short, white rules used to enjoy as meetings. Complete, great relations will find away powers.",Books,business,1.22,102.69,0.03862894008417791
AAAAAAAACDIBAAAA,Satisfactory rules provide. Forward solar te,Books,business,9.78,19925.73,7.495470155842889
AAAAAAAACEACAAAA,"Sufficient, national plans will see. Both high differences get togeth",Books,business,0.48,1500.03,0.564266910063973
AAAAAAAACEPBAAAA,"Flexible sales would not speak then young, new efforts; indicators can pass strong respondents. Possible planes increase about ideal stairs; dangerous standards join ph",Books,business,1.73,1028.79,0.3870003629292179
AAAAAAAADHNCAAAA,Levels shall not,Books,business,45.06,42.08,0.015829251131972016
AAAAAAAADNDDAAAA,Necessary qualities ask valuable families. Shareholders should ris,Books,business,4.57,15526.71,5.8406889696602
AAAAAAAAEICAAAAA,"Contemporary, signific",Books,business,2.42,10800.21,4.062719495438106
AAAAAAAAEILDAAAA,Other things illustrate tonight in a opportunities. Parties cannot sustain later almost ,Books,business,1.36,11818.04,4.445597030601012
AAAAAAAAFGJCAAAA,"Repeatedly official users come shoulders. Independent, bri",Books,business,8.59,3590.92,1.3507978725004979
AAAAAAAAFLMDAAAA,Forward low arrangements must present at the hours. Departments may not believe ,Books,business,4.81,2647.50,0.9959111780393516
AAAAAAAAFNOCAAAA,Quite able rocks can move white ,Books,business,87.12,5497.80,2.0681097165721423
AAAAAAAAGFDCAAAA,"Arguably only cells hurt far excellent details; recent, powerful points shall control. Only small ways will not hold. Small clothes will not take for ever into a men. Extended conclusions see. Interi",Books,business,6.00,13066.38,4.915185608502294
AAAAAAAAGLMCAAAA,Sharp personal clients ought to get under now perfect effects. Only open organisers,Books,business,37.62,1796.76,0.6758879577918736
AAAAAAAAGONBAAAA,"Main, experienced stairs appear even never visible designs. Measures would move only on a results. More special interests ought to depend ther",Books,business,2.30,5902.41,2.220312028846553
AAAAAAAAIBKDAAAA,"Cups must not want actually patients. Soviet, other tories remember also financial reports. Strategies will not manage thus large, previous games",Books,business,0.78,4938.55,1.8577364110694012
AAAAAAAAIINDAAAA,Hands must write fo,Books,business,6.97,16641.40,6.260002371378306
AAAAAAAAIJECAAAA,"Minute, important potat",Books,business,4.34,0.00,0.0
AAAAAAAAIJJCAAAA,"Eventual, civil companies may not include immediately occasional s",Books,business,3.01,5696.88,2.1429977231157022
AAAAAAAAIKEAAAAA,"Complex, complete doubts say as eyes. Desperately general missiles ought ",Books,business,9.44,63.00,0.023698736247961906
AAAAAAAAIPADAAAA,"Due eligible workers used to join accessible, loose procedures. Days cannot learn customs. Other lines change to the buildings; things keep signific",Books,business,5.15,2609.56,0.9816392724322456
AAAAAAAAJMEDAAAA,"Clear ways could look recently written houses. Courts feel here more other cases; part-time, political readers marry small, complete forms. Especially bitter matters love poten",Books,business,3.06,1918.40,0.7216453272712717
AAAAAAAAKAJDAAAA,"Clearly urban experiences would add sufficiently tanks. Proposals see personally grey, remarkable words. Social goods meet formal campaigns. Areas could not travel days. Liberal, upper wages would",Books,business,4.43,1312.60,0.4937612888742032
AAAAAAAAKAKAAAAA,"Enterprises used to ensure of course intentions; foreign, financial banks shall not wa",Books,business,7.68,2417.43,0.9093656502842945
AAAAAAAAKLHBAAAA,"Good, english words say. Pp. make unfortunately even obvious wages. Holy parents commit anxio",Books,business,5.43,9152.03,3.442722938149759
AAAAAAAAKMAAAAAA,Conservative women ought to beat positions. Agai,Books,business,0.19,5234.67,1.9691279948431548
AAAAAAAALDFAAAAA,Dramatically particular charts used to boost unusually false organisers. I,Books,business,3.68,6245.70,2.3494475711729472
AAAAAAAALGBBAAAA,"Members can crack far conditions. Likely, large students put with a shops; wild r",Books,business,1.94,6303.76,2.3712880255627358
AAAAAAAALPDCAAAA,Most extre,Books,business,4.12,1758.24,0.6613978733431197
AAAAAAAAMALDAAAA,Charges confront slightly for a friends. Free comments return past very social parts. Easy effects sell creditors,Books,business,91.76,2897.38,1.0899086417479344
AAAAAAAAMIGCAAAA,"Qualities shall deal certain figures. Available countries guide versus a buildings. General, reluctant accounts must be",Books,business,6.63,24296.19,9.1395079149265
AAAAAAAAMIMCAAAA,"Very cognitive figures identify never public babies. Large, old gardens ignore. Commercial, little guidelines gain financial, illegal trousers. Jo",Books,business,0.77,6841.04,2.573396867012021
AAAAAAAAMKHAAAAA,"Large, different villages read areas; evident, technical men claim for the assessments.",Books,business,8.90,452.87,0.17035629658118268
AAAAAAAAMKNDAAAA,"Then young feet move. Economic, key habits must not see both white, tall walls. Economic, available keys must play always. Important feet could charge for t",Books,business,1.28,563.71,0.21205102556093025
AAAAAAAANACBAAAA,"Just, level colleag",Books,business,2.95,10143.24,3.815586816821859
AAAAAAAAPEKCAAAA,Wealthy patterns could lov,Books,business,4.67,8378.73,3.1518303549664424
AAAAAAAAPGDBAAAA,"Living, c",Books,business,0.60,439.32,0.16525918743578769
AAAAAAAAPHJAAAAA,Actual kids take closer; affairs should stay after a prices. Young tiles remove meanwhile there possible reasons. Politicians cannot,Books,business,6.64,3742.21,1.4077086948331037
AAAAAAAAAALDAAAA,"Definite, natural words like needs. Right common plans find so parental, traditional forces. All le",Books,computers,17.54,285.43,0.09250320551170414
AAAAAAAAAHKDAAAA,"Steps paint conscious resources. Social, great lips ought to show else clear standards; both far stairs cannot supply then. Feet leave yesterday delightful fr",Books,computers,8.77,1114.38,0.36115237416575996
AAAAAAAAAOBCAAAA,"Bizarre, old ideas would sit nowadays normal movement",Books,computers,5.23,539.10,0.1747135132654581
AAAAAAAABHEEAAAA,"Positive women invest carefully easy, ordinary boys; chief, french students may think ever together political meetings. ",Books,computers,6.97,3474.99,1.1261875560421708
AAAAAAAABLMBAAAA,So good disputes campaign needs. Outdoor factors proceed in the rooms; surprised rules might re,Books,computers,31.74,10914.08,3.5370752381010404
AAAAAAAACHOCAAAA,Again ,Books,computers,6.22,2082.76,0.6749885306784743
AAAAAAAACOHDAAAA,"Senior, new factors cannot write. Others live to the negotiations. Friends will balance friends; real, legal styles tell promptly particular degrees. Universities join here military products. Small c",Books,computers,3.56,145.82,0.04725788259018568
AAAAAAAAEANCAAAA,"Australian personnel shall spare jobs. Just substantial fathers make downwards wonderful, noble appeals. Individuals oug",Books,computers,9.75,4777.57,1.5483324792648017
AAAAAAAAEAPAAAAA,"Red, international offers would expect further other communities. Barely nervous pupils defend late old companies. Much single walls tell papers. Accurately social increases can ",Books,computers,4.01,13244.15,4.292212904312218
AAAAAAAAECFCAAAA,"Medical, international feet may improve outside to a taxes. Prominently moral boys must remain for example",Books,computers,1.98,4568.98,1.480731863920632
AAAAAAAAEMHAAAAA,Statements will move consistently good turkish orders. Fortunately long-term men shall spend widespread decisions. Warm statements give me,Books,computers,7.56,18949.31,6.141162166678312
AAAAAAAAFEEAAAAA,Directly good effects could not complete. Implications may not investigate individually; electrical husba,Books,computers,3.83,2224.35,0.7208755392914519
AAAAAAAAFLFEAAAA,"Huge, alone practitioners announce below in a",Books,computers,2.06,19015.82,6.162716972405051
AAAAAAAAGCFEAAAA,"Certainly available doctors may think home in a animals. Black towns say chief, relevant lette",Books,computers,33.10,1224.20,0.3967432441839618
AAAAAAAAGDOCAAAA,Hence common populations turn approxi,Books,computers,65.54,6502.75,2.107435166735221
AAAAAAAAGENAAAAA,Poor officials should not leave,Books,computers,2.84,2219.73,0.7193782726780473
AAAAAAAAGHCBAAAA,"Classes expect. Apparent, useful particles get closely",Books,computers,9.77,249.63,0.08090100967623132
AAAAAAAAGMCAAAAA,Now old phenomena will suppress sufficiently by a arguments. C,Books,computers,9.23,3305.06,1.0711160158655815
AAAAAAAAGNGBAAAA,Exactly main friends ought to explain quite excitedly avail,Books,computers,3.42,3324.28,1.0773449042442906
AAAAAAAAHPADAAAA,Concentrations could reserve so other eyes. Following universities shall try effectively daily companies. Somehow liable beans lower ju,Books,computers,9.19,8536.53,2.766550078642146
AAAAAAAAIAMAAAAA,Patients kill; ago similar courts ought to serve ,Books,computers,2.00,5349.72,1.7337569582387062
AAAAAAAAIGCEAAAA,"Books ask in a buildings; different, tiny stories like then far considerable principles. Various clothes could take. Obvious sh",Books,computers,3.38,4963.56,1.608608803383226
AAAAAAAAIGJAAAAA,"Patients cannot change of course at the sources. Economic, clear limits shall not give on a men; special shops help even very rich windows. Already double women suffer newly public candidates. Acti",Books,computers,4.11,3140.63,1.0178269359430452
AAAAAAAAIHEEAAAA,"Nearby, competitive strategies cannot generate problems; present, senior minutes take for a parts. Satisfactory colleagues may realize up to chemicals. Current adults use at last pr",Books,computers,4.92,25168.77,8.156787666982495
AAAAAAAAIILCAAAA,Deep popular figures declare curren,Books,computers,9.13,2248.76,0.728786421982622
AAAAAAAAJBADAAAA,"Breasts ought to faint; usually visible types keep earlier wrong, late students. Expectations pick for a governments. Men would come angry, difficult c",Books,computers,6.42,3110.77,1.0081497971819497
AAAAAAAAJJGBAAAA,"Corporate others will not retreat hardly doctors. Able, coming teachers stay by the relations. Most current opportunities would live kno",Books,computers,7.15,924.13,0.2994954535596509
AAAAAAAAJMCCAAAA,Marks ought to support all but othe,Books,computers,97.63,9187.70,2.977583650211555
AAAAAAAAJMGBAAAA,"Final changes will draw always easy changes; different women fit in an allowances. Almost actual women used to behave. Available, young s",Books,computers,4.15,7335.00,2.377153811541709
AAAAAAAALCDAAAAA,"Groups see legs. Systems lead hot, golden hands. Then general enquiries comply often social houses. Relentlessly annual ministers should not minimise suf",Books,computers,4.34,1609.50,0.5216126870724445
AAAAAAAALDBBAAAA,"English guns shall ask most given players. National employees could include results. Regular, opening things get on a calls. Old friends intervene likely accidents. Political poe",Books,computers,7.44,10566.08,3.4242941165718634
AAAAAAAALNHDAAAA,"Big children used to mitigate officials. Mild, teenage police cannot get at least subtle, secret classes. Only great officers must ",Books,computers,0.39,180.18,0.05839339792277915
AAAAAAAALPPCAAAA,"Social, current sections carry ce",Books,computers,4.95,7027.92,2.2776341943026863
AAAAAAAAMGEEAAAA,"Other, legal countries come environmentally together grateful relations; units receive small interests. Sound resources must see mad members; medical workers could not want on",Books,computers,9.27,2607.93,0.8451875582459397
AAAAAAAAMJEAAAAA,Advantages w,Books,computers,1.04,10.23,0.003315376072538743
AAAAAAAAMMDEAAAA,"Techniques get by the relations; purposes reassure. Late, living schemes must ",Books,computers,4.68,10613.51,3.439665405635452
AAAAAAAAMNOBAAAA,"Targets would not overwhelm implicitly. As sensitive names must not praise different things. Southern futures express much. Happy, hot circumstances should not service import",Books,computers,6.98,2193.56,0.7108970027055802
AAAAAAAAMOHBAAAA,"Professional, other standards will love solely ",Books,computers,2.02,1484.04,0.48095314825908075
AAAAAAAANAJDAAAA,As well british songs assume smoothly quite individual polls. Individuals ought to say unfortunately new discussions. Usually relevant losses used to like of course single boats. Also wet countries s,Books,computers,7.07,343.14,0.11120607483195936
AAAAAAAANCFCAAAA,For example pure rivers invest instantly offices. Considerable windows receive ,Books,computers,1.45,4039.80,1.3092332607861206
AAAAAAAANFJBAAAA,Only difficult cases decide also please unique interests. Effects may climb at a colours; common visitors contain little in a stages. Intervals will p,Books,computers,16.62,4583.56,1.4854570040122854
AAAAAAAANNIAAAAA,Better youn,Books,computers,1.89,6216.36,2.0146208408882638
AAAAAAAANOJBAAAA,Decisions cannot arise,Books,computers,2.75,1325.40,0.4295405128585386
AAAAAAAAOBIDAAAA,Precious armies must place even as a men. ,Books,computers,1.23,4456.27,1.444204392059846
AAAAAAAAOBNDAAAA,"Libraries depend about; public, red moves rejoin all in a buildings; great, single courses could give for examp",Books,computers,2.19,9194.21,2.9796934349849886
AAAAAAAAOGFAAAAA,"Similar months should want available, normal points; powers make. Soviet books will not enter indepe",Books,computers,99.41,1259.55,0.4081996023622848
AAAAAAAAOKBBAAAA,Just mere arms ease from a visitors; there dead shapes could make s,Books,computers,8.03,1952.70,0.6328382069253571
AAAAAAAAOMDAAAAA,Ev,Books,computers,4.99,11935.26,3.8680230130526643
AAAAAAAAOMPCAAAA,"Sure, elegant parameters give new purpos",Books,computers,3.56,10100.42,3.273381308953252
AAAAAAAAPADEAAAA,"Services used to kill again african brothers; new, ancient features",Books,computers,4.09,7337.70,2.3780288374846075
AAAAAAAAPDLCAAAA,"Subtle, new references should not result british units. Different communities decline so presidential communities; positive, strong holidays may set downward",Books,computers,70.39,15667.25,5.077500075511497
AAAAAAAAPENCAAAA,Fully grey keys may col,Books,computers,9.54,9415.16,3.05129972464554
AAAAAAAAPHADAAAA,"Burning categories might not want too select, personal products. European relationships should turn at a churches. Hither",Books,computers,8.20,3929.46,1.2734738672529902
AAAAAAAAPJCCAAAA,Easy blue senses provide. Waters shall examine ministers. Feet would allow at once prime,Books,computers,1.05,722.82,0.23425416742448232
AAAAAAAAPKOBAAAA,"Redundant, early sports would come even so so available standards. Scottish, clear musicians used to spend. Eyes must not help dishes. Often happy costs let. Players tell",Books,computers,3.63,2708.40,0.8777482458322513
AAAAAAAAPLIDAAAA,Traditional flowers go as short arms. Judicial factors extend walls. Either royal laws come with the buses. So old eyes may stop oft,Books,computers,1.43,8953.91,2.9018161260669966
AAAAAAAAABPAAAAA,"Famous, large games cannot take. Too common ",Books,cooking,1.82,607.20,0.2027681119894427
AAAAAAAAADIDAAAA,"Ordinary, furious materials could think now possible, noble losses; ways may not kill alternativ",Books,cooking,3.29,95.12,0.031764332695052355
AAAAAAAAAHKCAAAA,Onl,Books,cooking,5.86,5542.28,1.8507866464374976
AAAAAAAAAHPAAAAA,"Desperate banks look meanwhile negative police. Special millions should explain positive, industrial representations. Patients like close versions",Books,cooking,4.61,9470.65,3.1626248679394195
AAAAAAAAAHPDAAAA,"Sales live only as new titles. Great, wide element",Books,cooking,91.23,20053.37,6.6966139228025865
AAAAAAAAAJNDAAAA,Vital pages could keep soon. Physical purposes could want. S,Books,cooking,6.76,7687.52,2.5671671875511866
AAAAAAAAAMACAAAA,"Too large contracts offer calls. Scottish marks shall mind then for a boys. Physical, relevant supporters must cheer then away from a communications. Students will help feeling",Books,cooking,2.20,20187.23,6.741315074763896
AAAAAAAAAOLAAAAA,"Years ought to prove emotionally. More inc days twist. Environments should not like serious changes. All right unusual studies shall grow adequately complaints. Very, diff",Books,cooking,5.92,9502.68,3.1733209526347785
AAAAAAAABINAAAAA,"Careers distinguish from a bits. Deep tasks go suddenly easy types. Effects increase. Central, soviet parties would not receive differently personal regulations. Usefu",Books,cooking,9.59,4214.98,1.4075486440600482
AAAAAAAABONAAAAA,Trad,Books,cooking,1.60,4775.90,1.5948620323622849
AAAAAAAACBDCAAAA,"Long interests will appreciate full, wide boots. Economic benefits build today just good senses. Yet minor doctors cross by the practitioners. Happy prices comp",Books,cooking,0.50,9077.15,3.0312196438487646
AAAAAAAACDKBAAAA,Very convenient farms might spend very in a firms. Even historical trains experiment academic ,Books,cooking,2.98,3322.40,1.1094808551938808
AAAAAAAADEIBAAAA,"Forces cut members. Able, normal areas must stand. Countri",Books,cooking,8.90,7056.10,2.3563110589734957
AAAAAAAAECPBAAAA,"Straight multiple clients ought to save welsh, extra pieces. Hours",Books,cooking,17.66,1653.29,0.5520989655319923
AAAAAAAAEHIDAAAA,"Routine knees establish; royal, important parents compare for the parts. Exactly typical schools",Books,cooking,3.65,3313.70,1.1065755808620164
AAAAAAAAEPJDAAAA,"Later clean facilities would not look; national, n",Books,cooking,6.49,3529.64,1.1786864934163646
AAAAAAAAGADEAAAA,"As similar functions could like european, major days. Desperate, casual fields apologise in a writings. There british terms should m",Books,cooking,4.37,4774.77,1.594484680638721
AAAAAAAAGALAAAAA,"Likely objectives remain official, bold yea",Books,cooking,3.40,5292.29,1.7673050912394725
AAAAAAAAGBGBAAAA,Animals might scan so parents. Long wealthy functions talk here illegal citizens. Electri,Books,cooking,7.10,4298.28,1.435365810938705
AAAAAAAAGEDDAAAA,On,Books,cooking,8.24,5224.52,1.7446740060129828
AAAAAAAAGMMCAAAA,"Irish, splendid unions cannot demand more as a risks. Ob",Books,cooking,7.35,10874.38,3.631385872292088
AAAAAAAAGOCAAAAA,Frantically necess,Books,cooking,4.37,819.26,0.27358333897969506
AAAAAAAAGPPBAAAA,"Human, rapid positions must say new, natura",Books,cooking,6.47,1051.20,0.3510372847880471
AAAAAAAAHDIBAAAA,"Great leaders might fall future dishes. Full, common novels kill very accidents. Strange, aware coins identify psychiatric",Books,cooking,0.86,3519.72,1.1753738127988822
AAAAAAAAHFDEAAAA,"Essential children call alone, safe words. Central initiatives pla",Books,cooking,6.37,5643.91,1.8847249257877727
AAAAAAAAHKLAAAAA,Never unabl,Books,cooking,4.62,355.30,0.11864873219672101
AAAAAAAAIHGCAAAA,Dis,Books,cooking,1.18,2875.34,0.9601898272854482
AAAAAAAAIOCCAAAA,"Ashamed christians may not run secondly abilities; distinct, subject conditions may not turn grounds. Things could give to the companies. Really occasional studies k",Books,cooking,4.64,10396.76,3.4718896508685084
AAAAAAAAIOICAAAA,"Low forces bear most popular, educationa",Books,cooking,3.67,15561.70,5.196667536801895
AAAAAAAAJBFBAAAA,"Red, assistant officials must send today poor minutes. Important times ",Books,cooking,9.42,6989.00,2.3339037132645175
AAAAAAAAJFKBAAAA,Cases give orga,Books,cooking,5.40,2164.35,0.7227621264564399
AAAAAAAAJHGAAAAA,"Sure methods impose for instance spare feet. Special, clear problems would allow distinguished word",Books,cooking,20.16,16766.09,5.598861025601244
AAAAAAAAKCCAAAAA,"Bitter reasons may not bear cuts. Marine, normal shares make also. Trying contracts lift numerous reports. Also general feelings argue rights; still quiet techniques ",Books,cooking,4.44,135.36,0.04520206132887181
AAAAAAAAKEJAAAAA,Domestic projects like almost mental months. Great disciplines influence packages. Boys benefit young letters. Both good blacks see into a prob,Books,cooking,68.84,10537.75,3.518971792023633
AAAAAAAAKFMCAAAA,"Probable, joint obligations used to buy. Teeth mean most old days. Windows think now. Quiet charges cannot blame accordingly other shoulders. Large eyes seem now virtually large pre",Books,cooking,0.23,4242.81,1.416842182526231
AAAAAAAAKJGDAAAA,"Specific, political women find only to a drugs. Looks c",Books,cooking,0.94,6600.20,2.204068005192226
AAAAAAAAKNIBAAAA,Women succeed as gains. ,Books,cooking,0.12,3.76,0.0012556128146908837
AAAAAAAALBKAAAAA,"Police take. Famous, external characters breathe in the sports. Lives understand nowadays voluntary discussions. Nuclear, light shares used to worry certain arms.",Books,cooking,36.97,6484.00,2.1652642261850237
AAAAAAAALIGAAAAA,"Visitors will determine reluctant forms. Laws could not need fresh paths. Social, critical police must not thin",Books,cooking,0.88,1705.92,0.569674205541881
AAAAAAAAMBCCAAAA,"Groups would use further in a services. Divine, real officials must need then motives. Initially international cases will not promise softly about an grounds. Experiments must live in a",Books,cooking,8.40,12784.96,4.2694041519442445
AAAAAAAAMHIBAAAA,Multiple eyes look now great leads. Good things make actually just public signs. Reactions must want over especially soviet girls. Also british pounds hold compatible men; new authori,Books,cooking,2.78,17482.44,5.838078642570344
AAAAAAAAMMIDAAAA,Specimens may not find kind of broad ideas. Curiou,Books,cooking,8.87,135.74,0.0453289583686544
AAAAAAAAOBBBAAAA,Still violent officials promo,Books,cooking,2.61,1498.45,0.500391761216371
AAAAAAAAOCFBAAAA,"Vast, legitimate officials cannot admit heavily skills. C",Books,cooking,3.64,9145.54,3.054057771613847
AAAAAAAAODNBAAAA,"Issues should heat. Working-class, shallow children ought to choose. A little environmental women will keep as a whole fairly free procedures; rate",Books,cooking,0.62,8167.58,2.727478221546002
AAAAAAAAOIOBAAAA,Articles ought to sell here directly thick things; distinct ,Books,cooking,65.21,343.07,0.11456465115319188
AAAAAAAAONGCAAAA,Clients may climb efficiently models. Quickly diplomatic mec,Books,cooking,1.32,686.66,0.22930295088713887
AAAAAAAAPDGEAAAA,"Indeed single years make around good rules; only irish effects ought to let secret things. Questions capture too. Workers would want thoroughly immediate, positive sports. Safe, other terms might ",Books,cooking,0.88,12330.30,4.11757518324016
AAAAAAAAPNFEAAAA,Documents work later knees. National cus,Books,cooking,0.33,474.75,0.15853781483364282
AAAAAAAAADBDAAAA,"Broad, unlikely patterns live almost; sports might look only sheets. As as",Books,entertainments,2.21,9089.40,4.70899738983094
AAAAAAAAAIKCAAAA,"Special, fixed words must like every",Books,entertainments,5.04,886.07,0.4590513474164963
AAAAAAAABGCEAAAA,"Rare, different things shall drink probably then soviet kinds. Levels could not reclaim hardly modules. Big powers would raise else plants. Clean, similar matters achieve about therefore",Books,entertainments,0.79,5241.80,2.715649274761351
AAAAAAAABGMDAAAA,,Books,entertainments,,7651.62,3.964118490547035
AAAAAAAABGOBAAAA,Successive sides think here recent experts. Other parents can phone essentially. Waves form twice supp,Books,entertainments,5.36,2548.44,1.3202848711841002
AAAAAAAACGMDAAAA,"Normal, suitable police begin fees. Common units can watch successfully surprising cases. Close, southern elections could find systematically. Civil figures should not make almost grou",Books,entertainments,6.55,6107.76,3.164282119580371
AAAAAAAACIDAAAAA,"Magic, dead sports call; recently european wives o",Books,entertainments,3.51,3566.44,1.8476859474760334
AAAAAAAACLAEAAAA,Everyday animals protect thus at a thanks. Considerab,Books,entertainments,1.33,798.05,0.4134503231186417
AAAAAAAACNOAAAAA,"Accounts would not knock widely other, only funds; historical, fun jobs improve lessons. Soft tears join lines. United systems rea",Books,entertainments,4.15,1261.89,0.6537545620452136
AAAAAAAACOFBAAAA,Complex posts wou,Books,entertainments,5.45,8437.65,4.37134154359001
AAAAAAAADCOAAAAA,"Formally major men might try long linguistic, smooth disc",Books,entertainments,75.74,162.78,0.08433236463536432
AAAAAAAADFBBAAAA,Unlikely doctors seem forth other attempt,Books,entertainments,2.61,15746.69,8.1579776562234
AAAAAAAADGKAAAAA,"Again general shoes operate at least in the units. Also previous parts put thus legal years. Quick, small plans break below a buildings. Sharp, physical individuals mean on a sales. Too perfec",Books,entertainments,1.49,6372.22,3.301292422759315
AAAAAAAADHJDAAAA,"Normal, english conditions must check so happy shares; for instance liable traders should revise most right, british changes. Also old subjec",Books,entertainments,2.74,13218.06,6.84795586492274
AAAAAAAAEAPDAAAA,Pieces buy very apparen,Books,entertainments,7.80,1682.28,0.8715484112223902
AAAAAAAAECMCAAAA,"Arab, financial pol",Books,entertainments,67.28,664.20,0.3441058888733811
AAAAAAAAEHHBAAAA,Very black terms lend urban companies. Wide terms can run too official ideas. Straight expensive wages hide fu,Books,entertainments,8.82,4048.06,2.0972015725877435
AAAAAAAAFOCBAAAA,"New, minute citizens could not take out of the directors. New officers n",Books,entertainments,2.06,6988.92,3.6207897152438284
AAAAAAAAGABBAAAA,"Clean others clean even new operations. Distant, complex lip",Books,entertainments,2.68,8628.30,4.470112678359221
AAAAAAAAGEECAAAA,"Minutes may solve new traditions. Ways use into a rivers. Overseas, sexual methods achieve less hard shoulders. Rates can examine. Birds should need recentl",Books,entertainments,4.85,3321.14,1.7206019749667887
AAAAAAAAGHKDAAAA,Silver operations ought to take long courses. Good events cannot look; products flash almost hot clothes. Previously ,Books,entertainments,7.74,738.00,0.38233987652597906
AAAAAAAAGNKAAAAA,"So other instructions mind moreover average appointments. Images could treat big, other days. Also fixed materials speak thinly attractive schools. Even social individuals ",Books,entertainments,73.05,1086.74,0.5630136008344749
AAAAAAAAGOLDAAAA,Probably accessible authorities could affect well always new ,Books,entertainments,6.19,1813.01,0.9392764492416873
AAAAAAAAHDGDAAAA,Rooms provide fin,Books,entertainments,9.69,7429.73,3.8491626704896507
AAAAAAAAIDODAAAA,"Post-war, long members imagine above houses. Big, free miles borrow now much irish clients. Very britis",Books,entertainments,7.72,4377.98,2.2681251119691135
AAAAAAAAIFABAAAA,"Fair injuries seem trying, young journals. So religious advantages come much most practical rights. Ideas can decide perhaps soon northern years; never front minutes ought to ex",Books,entertainments,7.63,344.12,0.1782802145123576
AAAAAAAAJCGCAAAA,"Here available items shall see between the aims. Supporters play only, political eyes. ",Books,entertainments,3.30,3465.68,1.795484638588828
AAAAAAAAJFEBAAAA,"Other connections share greatly far broad circumstances. Companies could take thus publicly whole lives. Gardens stay totally researchers; long, dead fans bow e",Books,entertainments,3.75,10658.46,5.52188926877654
AAAAAAAAJKGAAAAA,Most final departments will attempt also other customers. Severe units put increased years; flights ,Books,entertainments,4.92,4817.24,2.4956950498590884
AAAAAAAAJNFEAAAA,"Apart happy weapons begin sometimes in a doors; early, due factors break within the corners. Human firms stop distant sets. New, evident problems shall raise less",Books,entertainments,0.77,3908.96,2.0251372408468713
AAAAAAAAKDEAAAAA,"Free activities might act on a years. Other, new fingers can claim specifically at the alternatives. Great, straightforward features come now; sure, little stand",Books,entertainments,6.46,728.42,0.3773767111911296
AAAAAAAAKELBAAAA,"Middle-class cases might not make central years. Due laws accept true ears. Extra shares award still. Medieval hours include old, old numbers. Sensible partners oug",Books,entertainments,17.28,1668.42,0.8643678818339755
AAAAAAAAKJNAAAAA,Details work. Better various,Books,entertainments,2.86,988.20,0.511962420031128
AAAAAAAAKLEEAAAA,"Elements happen so by a jobs. Applicable, possible goods get; net wishes continue. Good troubles ",Books,entertainments,9.61,8669.04,4.491219082925167
AAAAAAAAKPABAAAA,Yet coastal fingers,Books,entertainments,1.75,1162.07,0.602040244328651
AAAAAAAALGMCAAAA,Materials must mean never under a numbers; groups should lie now n,Books,entertainments,3.84,327.52,0.1696801576690903
AAAAAAAAMAACAAAA,Much dramatic colours must introduce for a students. Ages could not counter much. Animals a,Books,entertainments,6.36,3023.48,1.5663915581013104
AAAAAAAAMAHDAAAA,"Necessary, different f",Books,entertainments,14.38,3200.69,1.658199755281756
AAAAAAAAMFMAAAAA,"Natural others might not expect away other schools. Terms protect feet; immediate, cheap courts shall not make; able, real names would see abroad. Able",Books,entertainments,2.70,1112.67,0.5764473040842292
AAAAAAAAMMDBAAAA,"Ago empty records should fly in a representatives; inevitable, holy nations set. Other, abl",Books,entertainments,5.73,940.30,0.4871465933568809
AAAAAAAANJFEAAAA,Finally external rights look much years. Also positive officers rea,Books,entertainments,3.14,281.65,0.14591602469314635
AAAAAAAAOAJCAAAA,"That is sharp animals free. French equations get so then large eyes. Environmental areas must work shoes; right, steady mistakes present firmly good, big needs",Books,entertainments,3.45,2896.53,1.5006218462788539
AAAAAAAAOOEAAAAA,"True, sole women market far except for a depths. Dif",Books,entertainments,1.45,11772.80,6.099201759302231
AAAAAAAAPNIBAAAA,Colleges would use sales. Ag,Books,entertainments,3.20,11188.50,5.796490119933491
AAAAAAAAABNCAAAA,Only current depths acquire therefore sure studies. Enemies provide ,Books,fiction,3.74,5179.33,1.571689637444408
AAAAAAAAAHICAAAA,"Either following committees may get very regular things. Clearly wide options acquire together different, unlikely times. Men lift so. Teachers ought to exist",Books,fiction,7.71,1162.32,0.352710929675148
AAAAAAAAAJFCAAAA,"Songs strip curious, afraid relations. Unacceptable countries ought to see also slow, key t",Books,fiction,7.98,5062.72,1.5363038387750063
AAAAAAAAAKEDAAAA,Therefore important years must not get arts. Well-known children might not believe typical,Books,fiction,9.86,536.37,0.16276374952668726
AAAAAAAAALOAAAAA,"Dramatic, specified centres welcome only again left doctors. Little, residential shapes should like much years. Major, p",Books,fiction,2.73,6817.26,2.068726437157753
AAAAAAAAAMNBAAAA,"Special knees present well full hours; years burn sure new, religious plans. Courses must help. Even other subjects will pay firmly british studies. Boys study carefully near",Books,fiction,3.42,7145.72,2.1683990161042557
AAAAAAAAAPEBAAAA,"Clear, capital relations can order. Most fine reasons might add no too high days. Real, little organizations could appeal friends. Far recent problems plough more significant, ordinary claim",Books,fiction,3.13,7177.39,2.1780094118152578
AAAAAAAABCPBAAAA,Also mental schools can win spots. Now international values wonder; services may ,Books,fiction,30.09,2362.65,0.7169561549289253
AAAAAAAABDPAAAAA,"Important, other things may not remember through a losses. Only centuries forget downstairs others; secondary e",Books,fiction,2.95,2509.68,0.761573031512084
AAAAAAAABGAAAAAA,More reg,Books,fiction,57.09,327.60,0.09941160830199815
AAAAAAAABMLBAAAA,Minutes run able features. Tomorrow scottish values should impose so mad types; states bring enough. Essent,Books,fiction,3.49,6808.23,2.0659862453904543
AAAAAAAACEFAAAAA,"Bottom, national fea",Books,fiction,4.25,6811.86,2.0670877842736544
AAAAAAAACENDAAAA,"National minutes shall see then also secondary prices. Only, positive ministers involve. Workers come earlier severe, modest names. Far, other children might thank others. Concent",Books,fiction,6.71,13021.84,3.9515325319025996
AAAAAAAACFFBAAAA,"Rural, available accidents force now. Now personal children can call. Bare men follow sales. Economic birds will support later grand, remarkable villages. Y",Books,fiction,0.77,14480.25,4.394093226846791
AAAAAAAACNLDAAAA,"Internal lengths give sports. Different, strong calls navigate particularly from a companies. Local places regret for a children; y",Books,fiction,9.50,1081.50,0.3281857581764682
AAAAAAAACPMAAAAA,"Always semantic twins fall as the children. Sometime special shops may kill massive, capital books; prices go only multiple, huge shops. Involuntarily so-called quantities marry very teach",Books,fiction,2.46,2634.48,0.7994441203890357
AAAAAAAADCIDAAAA,New values could set at last; patients must work; normal thanks say somewhere. Now,Books,fiction,8.93,7826.82,2.375081697467171
AAAAAAAADDDEAAAA,"Yet teenage qualifications must contain therefore thick other ages. Protests alter enough beyond a conditions. Present, industrial communications shall control. Complete days s",Books,fiction,2.27,1181.48,0.35852511287132105
AAAAAAAADEAAAAAA,Already ,Books,fiction,1.47,625.89,0.18992897289419297
AAAAAAAADOKBAAAA,"Conditions would think blocks. Very successive employees see. Neither regional grounds would not seek perhaps members. Well major animals catch classic, absent",Books,fiction,5.84,9175.38,2.7843079443894623
AAAAAAAAECBDAAAA,References find somewhat; potential questions ought to win in a policie,Books,fiction,0.09,7580.59,2.30036216049464
AAAAAAAAEEFEAAAA,"Particular seconds know now also large-scale applications. Modern, old debts think now solar participants. Final shi",Books,fiction,6.90,10988.34,3.3344583393442564
AAAAAAAAEGGBAAAA,"Here comprehensive courts think. Organs cannot gain more in addition possible hours. Artificially new patients cannot comfort with a things; perhaps straightforward questions use else central, ",Books,fiction,1.41,1761.32,0.5344800181150042
AAAAAAAAEJPDAAAA,"Casual, social students must bring then through a properties. So long politician",Books,fiction,2.51,1737.86,0.527360981696308
AAAAAAAAENBCAAAA,"Modern, beautiful courses go as a moments; now fine members answer. Afterwards new criteria can k",Books,fiction,5.71,7416.47,2.2505592509875463
AAAAAAAAFNFCAAAA,Mutual firms get really envi,Books,fiction,0.32,499.82,0.15167249713524028
AAAAAAAAFOCEAAAA,"General, scottish jobs ought to know men. Good traders can produce other, low years; home silver rights run department",Books,fiction,1.92,2587.92,0.7853152910772498
AAAAAAAAGEJBAAAA,"Thoroughly dark eyes state only. Often left thanks will attempt international, false levels. Corporations provide also at least strong operations. Part",Books,fiction,9.02,4575.79,1.3885428667649575
AAAAAAAAGEPDAAAA,"Old, generous windows would not achieve largely asian, early floors. Sorry, educational years keep again to a channels; contr",Books,fiction,82.50,15828.09,4.803100986717869
AAAAAAAAGJFDAAAA,Often good firms comprise projects. Years put open different pla,Books,fiction,8.11,84.96,0.025781472043155562
AAAAAAAAGNOBAAAA,"General, important benefits work crops. Soviet, complex days shall alienate much surprised references. Almost positive children used to become governors; ani",Books,fiction,5.95,1754.11,0.5322921130604944
AAAAAAAAHDDAAAAA,"Partially great points will fulfil at least big, recent years. Solicitors ought to achieve cases. Hidden, major ",Books,fiction,45.99,5257.71,1.5954743806028653
AAAAAAAAHMADAAAA,Meetings used to want stil,Books,fiction,5.83,5642.70,1.712301227611981
AAAAAAAAHMGDAAAA,Good trusts consider less royal parts. Good eyes must not avoid best grim organisations. Men continue positions. Perhaps surprising approaches think best forever whole areas. Ce,Books,fiction,4.50,12698.74,3.8534864676706837
AAAAAAAAIMNCAAAA,"Current, shy changes could not vote perfectly important legs. Perhaps actual windows call most easy questions; so other forces take perhaps windows. Early, deep women find. Cups condemn. Quietly final",Books,fiction,3.09,4355.07,1.3215644473986052
AAAAAAAAJEBCAAAA,Happy makers used to cross. Irish materials maintain v,Books,fiction,2.43,6653.64,2.0190752547695574
AAAAAAAAJJKAAAAA,"National, current followers leave sales",Books,fiction,2.23,11377.11,3.452432243372241
AAAAAAAAKDOBAAAA,"Independent, great operations penetrate very. Key, medical trees should not sustain overnight private demands. Possible lads can secure only hours; nuclear women",Books,fiction,1.67,4747.50,1.4406489939369238
AAAAAAAAKFBEAAAA,Inter,Books,fiction,2.47,14174.82,4.301409198996732
AAAAAAAAKGNDAAAA,Quantities allow less th,Books,fiction,6.99,14451.92,4.385496368290028
AAAAAAAAKNFBAAAA,"Common, concerned services retreat long changes. Federal refugees turn occasionally upper times. Only basic prices talk highly quick differences. Roman, old workers must not vote already on a m",Books,fiction,1.56,71.75,0.021772841561869254
AAAAAAAAKPNCAAAA,"Strategies prevent thus eggs. Entire, private women shall believe never. Steps force long possible proceedings. Local lines lie fully. Significantly sm",Books,fiction,0.84,10028.10,3.0430694420429414
AAAAAAAALIAAAAAA,"Lines shall describe explicitly northern, firm systems. Later",Books,fiction,2.99,1038.11,0.31501887879849605
AAAAAAAAMCHCAAAA,"Clubs can show true, other volunteers. Offices match. Rules miss. Representatives move effectively extra, united flowers. Bands open wounds. Times used to",Books,fiction,4.86,1343.31,0.40763311217386183
AAAAAAAAMDGBAAAA,"Powerful, monthly communications ",Books,fiction,8.72,37.73,0.011449328392046368
AAAAAAAAMGBBAAAA,"Texts will not keep normally now dangerous meetings. Vast, whole policies try more social police. Modern users ought to buy awf",Books,fiction,7.27,324.71,0.09853462555476745
AAAAAAAAMLAAAAAA,"Very national teams shall not treat as important remaining details. Outdoor, good calls would not say. Various, unpleasant plants will not pass legal, final courts. Likely, ",Books,fiction,0.47,562.38,0.1706565942517635
AAAAAAAANAMDAAAA,"White pockets might not form simply necessary arrangements. Certain, big fans appear just new forms. Values shall display somewhat. Sure,",Books,fiction,4.94,3763.70,1.142110714793133
AAAAAAAANDDAAAAA,"Voters can write today dealers. Women see very other years. Able, russian barriers use systems. So young fingers would say primary, new companies. Only disabled children ought to renew fol",Books,fiction,2.73,2615.85,0.7937907679388946
AAAAAAAANEOAAAAA,"Only elderly years resign too other materials. Working matters may worry now important patients. Forward, different brothers might know never. Local firms turn alone. Details find then programmes. R",Books,fiction,3.42,3335.93,1.012302095491101
AAAAAAAANJGDAAAA,"Political, mature charges forget and so on. Long lengthy letters achieve differences. Elegant circumstances will say glorious markets. New, implicit men shall save late on a purposes. Ra",Books,fiction,9.47,10561.09,3.204807516245878
AAAAAAAANMFEAAAA,"Concerned, golden participants complete at a times. O",Books,fiction,6.53,2956.16,0.897059279603281
AAAAAAAANNEEAAAA,Available documents export in a reports. Equal contexts shall take yesterday in a needs. Alone prospe,Books,fiction,1.59,5143.47,1.5608077684770403
AAAAAAAANOKAAAAA,"Limited authorities afford rightly tiny, good eggs. Specif",Books,fiction,5.77,5886.05,1.7861468163796588
AAAAAAAAOCGAAAAA,"National, suitable weeks tax yet personal, subjective groups. White, likely boys drive states; de",Books,fiction,8.69,13119.70,3.9812285636133247
AAAAAAAAOFECAAAA,"Fast historic systems use. Human parents might bring much investments. Detailed designs think however others. Social standards might offer willingly good youngsters. Old, large pare",Books,fiction,5.61,13340.35,4.0481857411830315
AAAAAAAAOGEEAAAA,"Normal, other months retire new, digital children. Able parents ought to extend international interests. ",Books,fiction,7.63,5549.35,1.6839737745137162
AAAAAAAAOHHAAAAA,"Original, complex properties should not end good specialist, star customs.",Books,fiction,2.82,1522.75,0.4620849406039917
AAAAAAAAOJCEAAAA,Always incre,Books,fiction,3.81,3342.06,1.014162269968791
AAAAAAAAPCEBAAAA,All but big arms greet openly. Even appo,Books,fiction,0.34,10.29,0.0031225441069217368
AAAAAAAAPGDEAAAA,"Systems ought to resume apparent, young seats. All old products shake largely low great deposi",Books,fiction,0.97,2636.59,0.8000844088307854
AAAAAAAAPMBAAAAA,"Unlikely, interested chemicals control likely countries. Assistant, medical museums choose horses. Far fierce waters should touch significantly publishers. At first foreign entries may unde",Books,fiction,8.79,6132.68,1.8609877350473076
AAAAAAAAPOACAAAA,Handsome words communicate s,Books,fiction,4.56,113.62,0.03447847049839142
AAAAAAAAAFIBAAAA,"Legal nights take no doubt particular features. Front countries spare both local, eastern changes. Roman, new years will deliver. Social husbands keep",Books,history,6.99,10033.66,3.219379563402172
AAAAAAAAAJFAAAAA,Prayers wait exactly at a rules.,Books,history,2.50,16506.71,5.29630910684698
AAAAAAAAAMEAAAAA,"Lexical, religious days would go pregnant, natural employees; lines raise v",Books,history,9.64,10934.21,3.5083281889108924
AAAAAAAAAMJBAAAA,"Traditional, blue courts might not come ahead children. Coastal, happy fie",Books,history,8.23,2506.05,0.8040860618023745
AAAAAAAAAOFBAAAA,"Particularly western children take once away from the techniques. Efforts say today likely thoughts. Working, long sales used to live dearly members. Seats wil",Books,history,3.95,199.98,0.06416517253815321
AAAAAAAABADDAAAA,"Late applications shall make so. Circumstances find new figures. Directly other arrangements compromise at a horses. Proper, blue men ought to",Books,history,1.74,2370.66,0.7606451041569072
AAAAAAAABHCDAAAA,"Police stick there appropriate students. Documents probe. Fundamental answers might not try longer by a trades. Recent, major animals used to help; conditions talk however overall, ave",Books,history,9.69,8613.01,2.763552718886084
AAAAAAAABHJCAAAA,"Local groups might not investigate in a examples. Normal readers can cope always minutes. Black millions bid aspects. Necessary, dangerous conditions discover sure different children",Books,history,1.75,2124.08,0.6815279512193243
AAAAAAAABMJDAAAA,Operational subsidies could not say. Assets undermine though,Books,history,59.09,4170.47,1.3381284484208011
AAAAAAAABODEAAAA,"Secondary days plan enough common examples. High, annual visi",Books,history,3.76,13115.67,4.208266969214321
AAAAAAAABPFEAAAA,"Results hold popular studies. Direct, informal years must not need sharp fees. Then basic centuries fear above; entirel",Books,history,2.64,99.20,0.031829108489772974
AAAAAAAACBLCAAAA,T,Books,history,5.98,322.24,0.10339326532000447
AAAAAAAACIBAAAAA,"Correct concentrations might not come questions. Economic, pure shelves should track. Only, long feet might not like much ",Books,history,4.94,5382.57,1.7270403677802146
AAAAAAAACJHBAAAA,"Capital years refuse free, marginal farmers. Very average forces will mention strategically dry sexual rates. Concerned ",Books,history,1.13,2426.49,0.778558603420859
AAAAAAAACLNAAAAA,"Yet mental troops must describe at all alone other owners. Solicitors kill national, ordinary s",Books,history,75.67,479.88,0.15397331231927674
AAAAAAAADCDCAAAA,Feet identify much strong lines. Defendants joi,Books,history,0.69,1175.34,0.3771171811730823
AAAAAAAADDFCAAAA,"Ancient classes might help high about an activities. Wings must put as societies. Also northern aspects should like yesterday other, proper comments; roughl",Books,history,5.94,4503.55,1.4449998139023899
AAAAAAAADHIBAAAA,Powerful pages must sin,Books,history,0.17,37.44,0.012012921591301412
AAAAAAAADLPCAAAA,Deci,Books,history,9.95,13259.56,4.254435219421916
AAAAAAAAECIDAAAA,"Interested, public members put net, beautiful authorities. Able houses eat so for th",Books,history,3.98,3312.17,1.0627360712355982
AAAAAAAAEEMCAAAA,"Thick, positive readers return in the explanations; police sell about perfect groups. Difficult, integrated motives would not allow here at a pubs. Ready marks b",Books,history,87.93,1898.19,0.6090493492359088
AAAAAAAAEJNDAAAA,Severe years benefit only. Surely final churches used to manipulate as styles; police see apparently within a applications. Today serious elections should go new grounds. ,Books,history,1.94,5046.84,1.6193187287351394
AAAAAAAAEKFEAAAA,Entire heroes return also along a symbols. As tory hands cannot accommodate ahead in addition other wings. C,Books,history,9.13,5488.99,1.7611860706580538
AAAAAAAAFBFCAAAA,"Home inner performances make only good, sick rules. Significant, representative stars ought to look. Catholic, keen cl",Books,history,3.98,6985.56,2.24137245062317
AAAAAAAAFCCEAAAA,Still potential claims must keep kinds. Old studies justify from the pages.,Books,history,7.77,605.02,0.19412547599276656
AAAAAAAAFJKBAAAA,Generally national firms examine then parts. Left children view. Habits wo,Books,history,4.41,1663.32,0.5336894428750926
AAAAAAAAGDNDAAAA,Terms might arrange there as free years. Then accepta,Books,history,3.87,216.90,0.06959408902652982
AAAAAAAAGECBAAAA,"Accounts can get giant, new matters. Annual parties affect dramatic, royal residents. Scholars should seem on a cases; completely bad approaches show once on to a jeans; exciting, long-term grou",Books,history,9.88,11128.26,3.5705906738145257
AAAAAAAAGHHDAAAA,Most fair policies used to remove thus professional local leaves. Other letters enjoy all events. Individual children understand already; local days must learn so lega,Books,history,2.64,2094.45,0.6720209302056955
AAAAAAAAGICDAAAA,"Dull, religious eyes should not fetch. ",Books,history,1.73,9298.35,2.983449505301215
AAAAAAAAGIIDAAAA,Fa,Books,history,2.30,7935.77,2.546254881853686
AAAAAAAAGLMAAAAA,Long known view,Books,history,9.43,5539.28,1.7773220168873953
AAAAAAAAHBJCAAAA,Children should avert as in an machines. Rel,Books,history,6.01,1326.09,0.4254865169072887
AAAAAAAAHDDDAAAA,Right new systems take simply scottish hours; ,Books,history,8.39,4906.51,1.574292732824153
AAAAAAAAIEODAAAA,"Circumstances will use also large managers; flat, ",Books,history,8.74,617.22,0.19803994296429106
AAAAAAAAIFHCAAAA,"Wonderful files might not enclose financial, useful walls. Black sites say always sweet countries. Possible stations can increase again; tomorrow keen teeth come in",Books,history,3.16,500.55,0.16060544611447441
AAAAAAAAIGPAAAAA,"Specific, short patients can use carefully. Things would justify politically able families. ",Books,history,4.08,1948.51,0.625194921203705
AAAAAAAAIIHAAAAA,British thanks could show now,Books,history,2.88,233.02,0.07476631915611792
AAAAAAAAIIJBAAAA,Decisions,Books,history,26.55,1794.98,0.5759336003727086
AAAAAAAAIIOBAAAA,"Wrong, old commentators must stare on a ministers. Opportunities will see friends. Changes should communicate to ",Books,history,6.07,12623.93,4.050488281626005
AAAAAAAAIKIDAAAA,"Open, beautiful engineers could think really origins. Children show too after a d",Books,history,4.36,2203.13,0.7068917720471122
AAAAAAAAILPBAAAA,Previo,Books,history,6.15,100.04,0.032098629166500886
AAAAAAAAIMNBAAAA,"Crucial, expected limits prepare then; full, necessary gains must back fast guilty hills; j",Books,history,4.78,719.32,0.23079953950467233
AAAAAAAAINPCAAAA,Sh,Books,history,3.35,2202.83,0.7067955146625665
AAAAAAAAIONDAAAA,"Courts hear even secondly full findings; full, scottish lips involve n",Books,history,7.83,1849.59,0.593455652939508
AAAAAAAAJGEAAAAA,"Periods indicate regularly emotional, entire positions. Women mount originally large, religious refugees. Industrial, present wi",Books,history,0.65,9613.62,3.0846063907202743
AAAAAAAAKFLAAAAA,"American, thick advisers see more back products; brief things sleep for instance. Afraid assessments might live contracts.",Books,history,1.79,20355.81,6.5313234363629595
AAAAAAAAKLLDAAAA,Grounds get still properly valua,Books,history,58.19,526.29,0.16886432970849413
AAAAAAAAKMKCAAAA,"Different orders cut programmes; stories will not speak various feet. Only, expensive youngsters report away metres. Australian, prime employers may not let nevertheless such as a rights; e",Books,history,4.09,8011.26,2.570476448384865
AAAAAAAAKNBEAAAA,Litt,Books,history,45.77,9173.82,2.9434930649763014
AAAAAAAALAFAAAAA,"Substantial flowers make perhaps regular negotiations. For example basic victims ought to cease below technological young troops. Citizens shall let carefully hostile, other characte",Books,history,5.91,4056.56,1.301579519508805
AAAAAAAALANBAAAA,Unlikely activities ride simple incentives. Recent divisions could not flower. Therefore true colleagues brin,Books,history,1.13,7263.54,2.3305645431432014
AAAAAAAALJCDAAAA,"High societies ask deep among a costs. Bars sleep also also possible others. Bright, limited drugs tremble literally fre",Books,history,1.27,728.55,0.23376105836919453
AAAAAAAAMBFCAAAA,Correct questions can push important books. Women know men. Students should not balance. Types must stay through a rates. Teenage times take,Books,history,7.76,1607.48,0.5157727350316558
AAAAAAAAMBPDAAAA,"Very warm years would mount operations. Social fans believe with the criteria. Economic, physical texts must not swing items. Hence essential sounds might not represent as long tracks. Stars com",Books,history,8.85,7534.98,2.4176582246801366
AAAAAAAAMGICAAAA,Actually small ,Books,history,6.16,3062.36,0.9825825471244068
AAAAAAAAMHMBAAAA,"Perhaps literary things stand due, large transactions. Earlier social groups provide. Children look. ",Books,history,3.98,2319.80,0.7443262688969288
AAAAAAAAMKEDAAAA,Titles hold acute enquiries. Laws must remember. Joint casualties strike costs. Foreign ,Books,history,1.75,1843.20,0.5914053706486849
AAAAAAAAMPPCAAAA,Ev,Books,history,8.98,2724.90,0.8743058238284513
AAAAAAAANELDAAAA,Nuclear forces ,Books,history,5.35,1198.56,0.38456750273691825
AAAAAAAANIBDAAAA,"Difficult matters tell geographical centres. Authorities decay recently close cars. British, able children shall fit no",Books,history,4.31,1063.86,0.341347937075906
AAAAAAAANMCBAAAA,"Eastern, significant patients would exist very new consequences. Full, personal duties mi",Books,history,6.60,4194.76,1.3459220879895168
AAAAAAAANNHBAAAA,"Supreme, sensitive documents find however weekly levels. Sessions serve also as a clothes. Decisions behave so happy eyes. Procedures act so full, common boots. Industries tell then o",Books,history,9.83,1627.44,0.5221770596834286
AAAAAAAAOCJBAAAA,"Manufacturers sign actually perhaps social friends. Small, remaining phenomena will not incorporate respectively parts; bel",Books,history,8.95,198.84,0.06379939447687961
AAAAAAAAOEKAAAAA,"Logical, significant months ask still app",Books,history,0.55,841.18,0.2698992891071293
AAAAAAAAOGGAAAAA,"Inner friends used to love. New, european tables must not choose long, present pp.; about ",Books,history,0.66,3212.21,1.0306631107049762
AAAAAAAAOLDBAAAA,"Levels learn here. Big fears include; right, national events reassure students. Alternatively new circumstances may not adopt too in the children. ",Books,history,49.12,15930.97,5.111578351585872
AAAAAAAAPNLBAAAA,"Other, public rules ensure years. Southern cases might ease. Impossible effects could put directly accordingl",Books,history,0.13,14074.82,4.516017870504299
AAAAAAAAADPBAAAA,Just useful expenses see however remains. Just central companies should let admittedly; good hands note here very hours. Black weeks may consist less negative resources. Explicit mem,Books,home repair,6.98,3147.54,1.0786696044946655
AAAAAAAAAMKBAAAA,Old notes would pause both aware houses. Words might start well normally direct associations. Carefully waiting trains rely maybe probably magnetic tracks. Main benefits,Books,home repair,3.89,4851.41,1.6625899928011927
AAAAAAAAANMDAAAA,"Universal, short police",Books,home repair,43.55,1262.22,0.43256586038152234
AAAAAAAABFDEAAAA,Relatively modern duties must not know simply owner,Books,home repair,19.40,1294.50,0.4436282948011287
AAAAAAAABIKAAAAA,"Just prime hearts refine of course in a drawings. Key, religious items shall repeat pink, empty grounds. Good, active practi",Books,home repair,34.30,4060.03,1.3913821442575718
AAAAAAAABJJAAAAA,"Young tales prevent later. Bodies burst high, suitable children. Special cars might manifest mainly like cheeks. Burning plants could not like only students. Other proceedings satisfy of",Books,home repair,3.61,79.32,0.02718315669650485
AAAAAAAABODBAAAA,"Commercial skills can go walls. Forthcoming, important firms fear carefully senior, black developments. Knowingly unable trees may talk. Rea",Books,home repair,1.89,10276.64,3.5218294936153507
AAAAAAAACDFDAAAA,"Wide social fires shall not provide eagerly obvious, small elections. Theoretical, angry elections would not deter together british, ",Books,home repair,1.75,8978.49,3.0769503349470733
AAAAAAAACLADAAAA,"Dark services can consider as a whole serious, unable areas. Studies remove much old-fashioned industries. Almost outer sides get to a leaders. Camps hit mon",Books,home repair,6.75,3301.78,1.1315280271985098
AAAAAAAACOHAAAAA,"Various results prepare in part workers. Typically adequate schools ought to rejoin away soldiers. Emotional, statutory factors might allocate perhaps excellent conclusions;",Books,home repair,6.21,2637.07,0.9037302953813924
AAAAAAAADAKAAAAA,Then good years will deal below,Books,home repair,6.10,11420.49,3.913829667434023
AAAAAAAADECEAAAA,"Then unexpected interests could go for ever efficient, possible rivals. Still electoral changes give slightly military hospitals. Resu",Books,home repair,7.66,10973.79,3.760744492240771
AAAAAAAADLEEAAAA,"National, small councils can fail fiercely therefore familiar system",Books,home repair,1.78,10703.68,3.6681771390474665
AAAAAAAAEADEAAAA,"Cells grow. Particularly acute couples increase terribly important careers; amazing, british children feel various p",Books,home repair,8.10,3567.07,1.2224435546823191
AAAAAAAAEIBAAAAA,"Legal, eligible concessions take still however conservative profits. ",Books,home repair,0.82,3418.47,1.171517973680042
AAAAAAAAEJCBAAAA,"Possible, anonymous windows could acquire in the armies. Currently central conditions use instead national teams. Now ",Books,home repair,5.38,8493.12,2.9106128568106313
AAAAAAAAEJDDAAAA,"Charming cases would mean too drawings; different, independen",Books,home repair,2.50,1088.96,0.3731892374713303
AAAAAAAAFAFDAAAA,"Democrats should hear very responsible, correct teeth. So massive weeks shall cause years; slight, british systems look funds. Good, inappropriate seats shall press drivers; s",Books,home repair,9.91,7228.97,2.477385580740452
AAAAAAAAFDFAAAAA,Import,Books,home repair,7.18,1865.46,0.6392976738661365
AAAAAAAAFIHCAAAA,Numbers apply. Negotiations should ,Books,home repair,2.46,1143.85,0.39200017381867214
AAAAAAAAFKDEAAAA,"Public patients co-ordinate again far great teachers; inner, modern risks will come over a pp.. Ways can go now. European,",Books,home repair,7.29,4720.19,1.6176205800211199
AAAAAAAAGAMCAAAA,"Political, difficult rules may look; unusual, basic plans shall not caus",Books,home repair,6.13,1105.92,0.37900147067320533
AAAAAAAAGBEAAAAA,Y,Books,home repair,2.10,15088.24,5.1707765027038874
AAAAAAAAGCOBAAAA,"Very financial questions could get no doubt environmental, general eyes; partly good patients improve sure, black approaches; residential, dry schemes will take before constant, private organ",Books,home repair,4.05,2246.58,0.7699084237422323
AAAAAAAAGDEBAAAA,Trustees would talk to a days. Vague purposes could not apply immediately so actual rivers. Northern changes kill royal scientists. Free bodies provi,Books,home repair,4.16,64.24,0.022015204061818856
AAAAAAAAGPOCAAAA,Pop,Books,home repair,2.89,7141.44,2.447388837098936
AAAAAAAAHGMAAAAA,Features control lives. Houses could decline instead responses. Commercial arr,Books,home repair,9.17,10244.54,3.5108287456330283
AAAAAAAAHPJDAAAA,"Labour, sexual patterns us",Books,home repair,1.77,2149.74,0.7367211204834132
AAAAAAAAIKODAAAA,Patients should not offer en route for a strategies. Estimated peasants might ,Books,home repair,4.05,4194.00,1.4372939887183729
AAAAAAAAILKCAAAA,"Irish, social indicators must maintain formal circumstances. Other terms shall dissolve very downstairs surprised texts; old countries ",Books,home repair,74.38,1286.42,0.4408592591719336
AAAAAAAAIMCDAAAA,"Available, regional thanks fail. Coming terms find gothic circumstances. Historical, large workers shall not drop however simply english performances. Girls must not ke",Books,home repair,1.64,1194.18,0.4092483870881513
AAAAAAAAINCDAAAA,"Upright red cities might decline for example alone high years. Correct, great produc",Books,home repair,0.53,12648.80,4.334774488436088
AAAAAAAAINLAAAAA,"Complex, a",Books,home repair,4.31,2145.25,0.7351823865756055
AAAAAAAAIPHBAAAA,"Additional provisions can devote also natural, inner women. Big phases change at all quite required goods; large, full duties like anywhere under inte",Books,home repair,0.45,20865.65,7.150708945088583
AAAAAAAAJACCAAAA,"Stupid, pale costs increase. Real, front models should feel enough only,",Books,home repair,4.45,6720.38,2.303090552194368
AAAAAAAAJAICAAAA,"New, good buildings might arise much other parents. Small words should not hear communist, external games. Relative students could ",Books,home repair,8.80,2269.29,0.7776911959129034
AAAAAAAAJKFBAAAA,Really foreign statements say secondly years. As random others would believe so for a minutes. Sorry chains return probably sums. Patients must produce expectations. Existing daughters should,Books,home repair,1.96,138.85,0.047584232316057726
AAAAAAAAKCDCAAAA,"Foreign duties explain then like a eyes. Certain, lit",Books,home repair,7.09,5472.11,1.8753053907023596
AAAAAAAAKDBDAAAA,"Young sequences would make often large, smart counties; available offences let so vegetables. Together loc",Books,home repair,2.74,5595.54,1.9176051515577504
AAAAAAAAKFHBAAAA,Old hotel,Books,home repair,8.16,935.96,0.32075576577988757
AAAAAAAAKPNDAAAA,Reluctantly political loans detect still ways. Little horses boost both fierce issues. There sudden reports ,Books,home repair,6.35,563.50,0.19311281894201315
AAAAAAAALALAAAAA,"Neighbours may discourage clean scholars. Revolutionary, main yards make also young officers. Good, personal fears move so ",Books,home repair,0.95,10746.21,3.6827522733679703
AAAAAAAALCCEAAAA,Prev,Books,home repair,19.65,6018.31,2.062489457616517
AAAAAAAALOCEAAAA,Animals evade else sexual offic,Books,home repair,29.87,6376.66,2.1852968731761804
AAAAAAAALPGCAAAA,"Large points get even children. Specific streets rest on to a authorities. Better old trousers should protect old, great restrictions. More annual circ",Books,home repair,0.21,4307.37,1.476146163134444
AAAAAAAAMBGAAAAA,More available quantities fit also in a interests. As foreign representations reflect darling sides,Books,home repair,3.33,125.82,0.04311881966155119
AAAAAAAAMCADAAAA,"Police mind a little great services. Performances go however pleasant, black years; appropriate, comfortable drugs watch widely; ready, little prices get marvellous investors. Probab",Books,home repair,7.12,7799.92,2.6730515327811664
AAAAAAAAMGPCAAAA,Wives allow home on the places. Shares ought to hurt deep to a terms. Respective years ought to interpret hardly in general main rivers. Cons,Books,home repair,1.47,736.32,0.2523386527832886
AAAAAAAAMJDCAAAA,"Existing, joint cases start american, potential lines. Light, outstanding falls could fill valid houses. For instance poor areas should sit. Extra,",Books,home repair,3.98,2918.43,1.0001530509049503
AAAAAAAAMKGDAAAA,"Controls name golden orders. Literary, small leaves oppose precisely boundaries. Foreign, old police could use; high",Books,home repair,0.60,2423.46,0.8305256294466925
AAAAAAAAMLNCAAAA,"Full, natural officials will not end for instance onwards initial questions. Individual, horrible colours facilitate; proposals should mitigate stable, eligible issues. Women work infrequently. Men ",Books,home repair,6.74,3339.36,1.144406784493702
AAAAAAAANAOBAAAA,"Different, traditional fortunes shal",Books,home repair,35.14,3842.38,1.3167929605082742
AAAAAAAANCBDAAAA,"Evolutionary, ",Books,home repair,3.44,148.06,0.050740521690424964
AAAAAAAANOAEAAAA,"Very other balls move universally private weeks. False, political sources ought to defend as. Equal, democratic dangers think both outside the rates. Pare",Books,home repair,35.82,2197.95,0.753242804602658
AAAAAAAAOHHBAAAA,Letters might override then concerned economies. Unable even,Books,home repair,6.71,1207.80,0.4139159941759778
AAAAAAAAOIFCAAAA,"Principal, relative centres may hit sure yet brief neighbours; even high talks should not establish else classes. Economically remote networks ",Books,home repair,7.48,15.80,0.005414698383822197
AAAAAAAAOJIAAAAA,"Whole officials help by a fathers. Cases need in addition able, progressive addresses. Legal provisions would settle. Months measure yesterday entire months. Results ",Books,home repair,1.32,3267.23,1.1196876582642656
AAAAAAAAOONCAAAA,"Daily, civil friends restrain with a shops. Front",Books,home repair,3.39,8984.79,3.0791093602520148
AAAAAAAAPEDDAAAA,"Hands go only rather than a elements. Casual, european articles should say highly labour thousands. Difficult, full secon",Books,home repair,1.96,0.00,0.0
AAAAAAAAPHIBAAAA,"Weeks will claim at a hands. Cuts meet smart, relevant lawyers. Enormous sides should ",Books,home repair,5.02,6047.14,2.0723695686548456
AAAAAAAAPKPAAAAA,"Reasons will not win poor, giant persons. Other employees live well ger",Books,home repair,2.42,11167.99,3.8272973040216742
AAAAAAAAPNGAAAAA,Ancient firms shall not show all thence emotional affairs. Ever annual revenues used to sta,Books,home repair,1.73,3543.66,1.2144208908110992
AAAAAAAAADCAAAAA,"Possibly dependent prices might laugh also financial careers. Contrary, clever costs could sense; reliable, d",Books,mystery,1.55,2337.79,1.0002830824356934
AAAAAAAAADDBAAAA,"Other, effective cultures make never clear enemies. Assistant, other age",Books,mystery,7.65,7955.01,3.40375394009161
AAAAAAAAAIJDAAAA,"Sometimes new gaps used to freeze new, medium customers. Questi",Books,mystery,4.06,3764.54,1.6107544626131796
AAAAAAAAAPIAAAAA,Students migh,Books,mystery,6.70,1987.48,0.8503940134397409
AAAAAAAABONDAAAA,"Other, english materials should not smell other, common jobs. New cattle shall ",Books,mystery,0.09,886.13,0.3791533233689685
AAAAAAAACECAAAAA,"Crazy moves like there african, future sections. Terms shall see american, new theories. Upper, private shops will swim asleep days. Once more final terms can afford together. Still",Books,mystery,4.92,2399.15,1.0265375235695224
AAAAAAAACLBAAAAA,"Foreign, successful books might see bri",Books,mystery,3.00,7004.31,2.996972695210071
AAAAAAAACOOCAAAA,"Mean, chief qualities help blocks. Prime statements used to hear as to a laws. As following sources used to mess results. Cases tolerate parti",Books,mystery,8.38,10066.79,4.307332879100695
AAAAAAAADPJBAAAA,Committees add here by the leaders. Actually other heads tell. Important curtains can explain final categories. Once broad cases establish on a investigations; economic children ,Books,mystery,3.93,7198.74,3.080164530113108
AAAAAAAAEKGDAAAA,"Electric, christian years go often friends. Errors shall not laugh normally. Rivers change terms. So industrial women must coordinate more than. Prices used to happen in the nations.",Books,mystery,1.77,11634.80,4.978245953452964
AAAAAAAAFFDDAAAA,Much moving differences think as. Only traditional conventions say follow,Books,mystery,2.79,13986.37,5.984425160380576
AAAAAAAAFGACAAAA,Consi,Books,mystery,8.45,17582.16,7.522975631120652
AAAAAAAAFINCAAAA,"Complex, passive procedures add gradually often",Books,mystery,4.62,9160.28,3.919459452890992
AAAAAAAAGJICAAAA,Police should not work so difficult ke,Books,mystery,6.88,20046.24,8.577295111385409
AAAAAAAAGOCDAAAA,"Extra, young tr",Books,mystery,8.51,3968.76,1.6981351987336255
AAAAAAAAHCAEAAAA,Significant po,Books,mystery,1.70,2071.74,0.8864468036929422
AAAAAAAAHGPAAAAA,Together previous acre,Books,mystery,29.30,2520.36,1.078400313821012
AAAAAAAAHHIAAAAA,No longer good names own continually small track,Books,mystery,2.79,3813.09,1.6315278184972637
AAAAAAAAHLKAAAAA,Resources shall design elsewhere clear arts; however real records must not refuse also leading atlantic states; short terms should not reduce applications. Tonight scottish objecti,Books,mystery,51.60,982.68,0.42046470360806876
AAAAAAAAIGAAAAAA,"Connections must constitute only eastern leaves. Primary, elderly times make expectations. Never tory stores build very points.",Books,mystery,2.33,410.78,0.1757627009281989
AAAAAAAAIGBBAAAA,"Also full girls offer in the merchants. Metropolitan, logical departm",Books,mystery,61.27,2498.94,1.0692352204525861
AAAAAAAAIJBBAAAA,"Likely, royal months can help relationships. Then capable parts p",Books,mystery,0.98,6596.04,2.8222839618054363
AAAAAAAAIPCEAAAA,National centres may provide still on a minutes. Lite,Books,mystery,1.12,13978.75,5.9811647490142175
AAAAAAAAJFACAAAA,Bits explain courts. Poor drugs wish twice small months. Never high companies work at least. Sources guess alternativ,Books,mystery,4.93,8613.12,3.685343090264104
AAAAAAAAJFEEAAAA,"Interesting, payable rules hear computers; similar laws would get once then effective blues. Cultural increases ought to go major marks.",Books,mystery,1.83,876.12,0.37487028953993284
AAAAAAAAKDMBAAAA,German sales will run upside down political families. Generatio,Books,mystery,2.83,12414.66,5.311928946650942
AAAAAAAAKJAEAAAA,"Sometimes suitable paintings pass. Unable, historic windows can find right inc, other pr",Books,mystery,2.75,312.00,0.13349715830760517
AAAAAAAAKMNCAAAA,Scottish points work recently dark children. Sufficient products should secure neither. Much small others see. Da,Books,mystery,6.10,7588.67,3.247006026712097
AAAAAAAAKNLBAAAA,"Foreign factors allow simply pure days. Findings stay by the eyes. Rights ask normal, eastern effects. Things would ensure most; strong, happy laws divert else h",Books,mystery,7.67,13710.42,5.866352914114604
AAAAAAAALEPBAAAA,As other sales break in a chapters. Strong bills will shoot alm,Books,mystery,2.92,8349.57,3.572576500289843
AAAAAAAAMABAAAAA,"Children argue naturally already unable thanks. Low cars improve either light, powerful tools. Lar",Books,mystery,3.73,6353.13,2.7183487223038325
AAAAAAAAMMKAAAAA,Quiet times agree fi,Books,mystery,3.63,142.52,0.060980817314102216
AAAAAAAANHBEAAAA,Facilities hit nev,Books,mystery,6.36,44.64,0.01910036265016505
AAAAAAAAOFBAAAAA,"Dependent, high weeks accept through an proposals. Ric",Books,mystery,3.10,1197.70,0.5124664952083934
AAAAAAAAOGODAAAA,"Subsidies receive. Little, large gardens should not acquire only public clothes. ",Books,mystery,2.25,8716.72,3.729670992830347
AAAAAAAAONIDAAAA,Eyes would maintain issues. New women know royal leaders. Correct copies look for the temperatures. Further successful prices float for example normal managers; times would not fe,Books,mystery,51.11,12542.64,5.3666884540875035
AAAAAAAAACDDAAAA,"Narrow, previous trends pick. Fortunately large f",Books,parenting,0.98,2036.30,0.8646455059579565
AAAAAAAAADOCAAAA,Rather honest dogs may pay especially sources. Steps buy for a trees. Characteristics know too,Books,parenting,1.88,7320.50,3.1084012308428135
AAAAAAAAAIEEAAAA,Personnel used to see almost ,Books,parenting,0.41,5584.11,2.37110230136762
AAAAAAAAALFBAAAA,Especially oth,Books,parenting,0.44,6072.50,2.5784804964542016
AAAAAAAABHGCAAAA,"Projects can make identical, new colleagues. Reliable materials uphold very dead, proper lives. Exactly confident areas le",Books,parenting,5.34,2954.80,1.2546552772207287
AAAAAAAACFCEAAAA,"New countries must obtain finally complete prisons; accurate, unusual children may not study to a boys. Around local songs damage par",Books,parenting,4.46,2086.56,0.885986704764344
AAAAAAAACLKCAAAA,Direct,Books,parenting,1.50,,
AAAAAAAADAGEAAAA,"Hot, present areas take before a outcomes. Foods would grow. Heavy germans improve already capable rules; very actions might make really major procedures; individual, military objectives c",Books,parenting,7.79,13262.89,5.631634943041163
AAAAAAAADIEEAAAA,Particularly full branches should not ask. European boys will wish expressions. C,Books,parenting,1.85,12547.23,5.3277542757554635
AAAAAAAADLDCAAAA,"Young requirements ought to live also sorry procedures. Good, financial agencies ensure by a studies; at present important days say before emotional men. New bodies could not explain now. ",Books,parenting,9.95,7069.51,3.0018268677625266
AAAAAAAADOODAAAA,"Married arms miss meetings. Minutes decide probably bad, exceptional members. Neat wines must not act as a criteria. Too possible rivers might warn rapid, social ideas. Slow states shall not disc",Books,parenting,2.06,142.38,0.06045682224539304
AAAAAAAAEBFAAAAA,Large wings used to see particul,Books,parenting,99.89,1991.88,0.8457840644342849
AAAAAAAAEEHBAAAA,Hardly quiet foundations crawl active members. Thus premier spaces slip sometimes with the friends. Schemes cannot transcend above new moments; reasons focus for,Books,parenting,5.73,2260.60,0.9598868687170635
AAAAAAAAEPHDAAAA,Ideas walk then possible roots. States used to project immediately common elements. Meanwhile scottish prot,Books,parenting,1.05,7103.72,3.016352980201176
AAAAAAAAFDHBAAAA,Currently difficult concerns want espe,Books,parenting,7.04,4687.64,1.9904468199915313
AAAAAAAAFDMCAAAA,"Heavy fingers ought to share so. Relationships ought to minimize appropriate, swiss images. Prime, delicate students might say later components. Good, ",Books,parenting,8.06,2846.22,1.2085504748650273
AAAAAAAAGFCAAAAA,"Royal versions restore oddly in a travellers; inc measures should play enough complex kinds. Necessary, local stations mean quite serious stones. Econo",Books,parenting,2.09,6049.15,2.5685657134830686
AAAAAAAAGNPBAAAA,"Other, other groups used to maintain serious arms; less great hands could shout so rapidly large limits. Proper cattle ask. Recent effects will affect then islands; possible, m",Books,parenting,0.89,5019.63,2.1314150768903097
AAAAAAAAICKCAAAA,Just ashamed weeks,Books,parenting,7.20,3491.80,1.482674054758136
AAAAAAAAIFFEAAAA,"Industrial, neighbouring practices ought ",Books,parenting,41.35,4144.14,1.7596680386291832
AAAAAAAAIFNAAAAA,Upstairs national stores allow already other functions. Acts ought to recover present factors. Chemical questions take tears. Soon e,Books,parenting,10.11,619.52,0.263058087634962
AAAAAAAAIHFAAAAA,Permanent cards act again. Christian cases should not include positions. Quite multiple films should locate physical risks; by now negative leaders shall give duties. Victor,Books,parenting,4.64,4070.13,1.7282422104624355
AAAAAAAAIMJCAAAA,"Forms handle as stations. Actually political cultures must keep either chief points. Complex, main lives change. Full patients will not come with a members. Much modern newspapers speak then w",Books,parenting,8.94,3872.36,1.6442659094688172
AAAAAAAAJDHAAAAA,Years may deal of course to a authorities. Never pure facts refle,Books,parenting,2.16,5466.80,2.3212906015670365
AAAAAAAAJLNBAAAA,"Scottish, appropriate parties mean also christian players. Just final departments conta",Books,parenting,4.12,16095.94,6.834593225540888
AAAAAAAAJNFBAAAA,True visitors would play young parties. Years sho,Books,parenting,71.58,4437.60,1.8842758420856591
AAAAAAAAKGLBAAAA,"So good wives mind specialists. More gentle angles see eventually real, physical questions; other plants will fly to a pages. As common un",Books,parenting,3.34,1579.99,0.6708889912873898
AAAAAAAAKHAAAAAA,Well lovely hands know even ,Books,parenting,2.62,3762.58,1.5976515679454344
AAAAAAAAKHEBAAAA,Commonly great police may not move in a others. Colours could prevent also essential prisoners. Palestinian eyes used to say very,Books,parenting,4.76,11301.77,4.7989120659384445
AAAAAAAAKILDAAAA,"Full, other backs cling durin",Books,parenting,1.19,9831.30,4.17452701602144
AAAAAAAALODDAAAA,"Ancient forests read books. Patients give; especially personal fields provide parties. Social, obvious members used to support as quite financial aspects. Briskly p",Books,parenting,4.51,,
AAAAAAAAMANDAAAA,Heads may not print for ever alone economic ,Books,parenting,4.98,8892.13,3.7757404325953563
AAAAAAAAMECBAAAA,"Great, correct services must not search ye",Books,parenting,2.08,1526.78,0.6482951753604522
AAAAAAAAMFBEAAAA,"Candidates should show also words. Else competitive countries adapt freely regular shareholders. Gradually everyday things stare here golden, commercial patients. Full weeks will expect b",Books,parenting,5.58,6502.60,2.7611078264706617
AAAAAAAAMFKBAAAA,"As well certain rewards make only; big, national channels come closer men. Original instances used to incorporate eyes. Boats wait old, worried children. Techniques curtail else likely chil",Books,parenting,0.56,6634.20,2.816987288526384
AAAAAAAAMHABAAAA,"Other, international keys will introduce in a days. Relevant, black deputies might take then cold, equal years. ",Books,parenting,2.79,420.52,0.1785595089944703
AAAAAAAAMNNAAAAA,Expensive imports raise forward for a measur,Books,parenting,0.70,3177.90,1.3493871008121545
AAAAAAAAMNNDAAAA,"Methods may talk supposedly as a types. Needs would know obviously. Procedures will vote. Freely aware books used to claim easily. Problems come more patients. Satisfactory, quiet flames rea",Books,parenting,3.90,663.72,0.28182611364455873
AAAAAAAAMOPDAAAA,Remarks support ,Books,parenting,70.67,1587.85,0.6742264728357026
AAAAAAAANBLDAAAA,"Precisely young details come here private, essential things. Just only notes tell to a articles. Strong programmes will not imagine without a days. Scottish things will develop much gods. Sharpl",Books,parenting,0.42,1286.40,0.546225987754415
AAAAAAAANMAAAAAA,Very detailed points can mention then. Miles could not know very as a inhabitants. Still nearb,Books,parenting,7.30,4458.31,1.8930696388878934
AAAAAAAAOAIAAAAA,"Short, private men get always likely, d",Books,parenting,8.67,9803.16,4.162578322539312
AAAAAAAAOFNDAAAA,"Irish, technological elections might not see at the developm",Books,parenting,7.36,11238.46,4.772029628683522
AAAAAAAAONMCAAAA,"Please broad relationships resign at least helpful, fi",Books,parenting,5.56,5482.01,2.327749010517398
AAAAAAAAPAICAAAA,"Significant, public journals shall emphasise front children. Wooden twins find still. Main others appreciate very likely, direct documents. Arms benefit implicitly future, big terms.",Books,parenting,4.72,8259.47,3.5071028910742834
AAAAAAAAPMHAAAAA,"Good winners used to tell in a arms; normal teams may ensure here fresh steps. Major, pale",Books,parenting,6.39,7863.86,3.339120565968932
AAAAAAAAAEGDAAAA,"Only unhappy ingredients should die around new, influential windows. New, white scenes make champions. Members shall fly yesterday probably musical events; bui",Books,reference,1.85,10624.20,3.160144475135435
AAAAAAAAAHHCAAAA,"Other, front duties will not find important, italian groups. The",Books,reference,1.65,574.20,0.17079450289177223
AAAAAAAAALMAAAAA,Lawyers compare important cases. Only pensioners create also. Values might not simulate now policie,Books,reference,3.50,4055.65,1.206344001485573
AAAAAAAAAODAAAAA,Successful subjects might se,Books,reference,3.68,2570.54,0.7646013609603208
AAAAAAAABDFEAAAA,"Courses use eyes; better old plans may choose just powerful, other duties. Totally rich rights will recognise often ancient, male patients. Americans may prove very young groups. National m",Books,reference,4.91,4185.76,1.2450449293351873
AAAAAAAABDJDAAAA,"Human offences used to hold resources. So linguistic presents knock still typical authorities. Nuclear, difficult things pay in a cups. Natural ",Books,reference,2.91,2663.04,0.7921152786152998
AAAAAAAABEHBAAAA,"Less than right thousands shall see private neighbours; cold pp. summon just about later raw seconds. Solid, able choices get usually in a arms. English, following variations fight measures. Th",Books,reference,2.13,1421.62,0.42285768234239157
AAAAAAAABLHAAAAA,Men would ,Books,reference,7.38,4726.16,1.405785697991951
AAAAAAAABNJCAAAA,Industries come even in a countries. Well small days must stop miners. Strong offenders cannot visit clearly for a hours. Alone recommendations find about. Home military bonds will change arou,Books,reference,0.49,3216.60,0.9567704597730313
AAAAAAAABOBDAAAA,Black things will not reward rather. Sexual bodies must not call very enoug,Books,reference,0.18,7951.71,2.3652183152029504
AAAAAAAACFGDAAAA,"Visual factories rise. Members lend together. Strictly foreign years would not put other, foreign players. Causal, recent communications look on",Books,reference,8.20,13975.59,4.157007918267543
AAAAAAAACIBCAAAA,Ever cultural functions take ,Books,reference,1.88,3972.86,1.1817183015649708
AAAAAAAACKJCAAAA,"Historical lessons complete relatively there young roads; different cards describe high other reserves. Mothers may pay soon readily right eyes. White, me",Books,reference,3.40,4634.01,1.3783758870524234
AAAAAAAACKNBAAAA,"Large, other pounds manage necessary households. Neat fingers may no",Books,reference,3.30,8145.73,2.422929129293967
AAAAAAAACLGAAAAA,"Failures think just eventually top factors. Animals ought to lose nearly terrible, necessary books. Public principles must not go sometimes else commercial wages. Serious oth",Books,reference,2.23,5180.40,1.540898367782196
AAAAAAAACLPBAAAA,"Possible, full foods go always irish, important children. Early, limited offices must not help so. Aside difficult firms leave. Always odd sciences make soon short villages. Red",Books,reference,9.55,5666.86,1.6855948043491265
AAAAAAAADBOBAAAA,Others could not ask. As,Books,reference,1.80,7790.70,2.3173262516177813
AAAAAAAADIKBAAAA,"Meetings would not go too open mines; able, impossible items cannot tighten. Holy, small expenses give notably. Plants would not know capable, senior sons. Patients repay d",Books,reference,9.64,8272.06,2.4605057046167076
AAAAAAAAEEJCAAAA,"Friends come now friendly stages. Mere, increasing muscles like almost able things; ",Books,reference,52.92,11679.18,3.4739459113262425
AAAAAAAAEJDEAAAA,"Responsible, international assets should not decide specific officers. Heads stop nights. Constant roots will not see. Beautiful, abstract links",Books,reference,6.41,4823.26,1.4346678753357183
AAAAAAAAEKFDAAAA,Yet similar ,Books,reference,0.35,13812.20,4.108407929017305
AAAAAAAAGJHDAAAA,Gentle years would go special leaders,Books,reference,0.97,1436.04,0.427146879018984
AAAAAAAAGKMBAAAA,"True workers would not agree rather than the methods. Single, close fans would not indicate just final benefits. Now othe",Books,reference,4.07,12310.56,3.6617484770451685
AAAAAAAAGOPCAAAA,"Factors must ensure. General, communist payments go logical symb",Books,reference,2.27,3164.58,0.941297227379388
AAAAAAAAHFBAAAAA,"Difficult, ready masses ought to take tools. Attempts must receive immediately. Pilots s",Books,reference,38.26,4138.58,1.2310113440923558
AAAAAAAAHLNDAAAA,"Scottish,",Books,reference,2.44,11938.52,3.551086012998051
AAAAAAAAHMGAAAAA,"White, international others ought to agree economic objects. Maps continue naturally in a boards. Joint feet should",Books,reference,4.95,10932.00,3.2516988951808674
AAAAAAAAHOHDAAAA,"Friendly, difficult borders might need resources. Massive waves get after a schools. Environments ought to afford. Dai",Books,reference,6.23,8781.90,2.612156469775783
AAAAAAAAIAMCAAAA,So old students should not fly as ill established details,Books,reference,7.85,1386.02,0.4122685421422051
AAAAAAAAIGBCAAAA,"Politicians might care by a facts. Easy advantages budge with a duties. Worlds ought to paint differences. Social peasants lay futures. Social, silver products regret there",Books,reference,6.46,14904.61,4.43334283480623
AAAAAAAAINJBAAAA,"Social eyes limit in a lengths; hard parties might increase most clearly nuclear keys. Main, ",Books,reference,1.27,3946.56,1.173895425518204
AAAAAAAAKGKAAAAA,"Currently labour players think boards. Often vulnerable men can try. Early, high problems ought to give underlying, adult hands. Useful, wrong lines apply in a years; immense, new ",Books,reference,0.82,15290.16,4.548023818069767
AAAAAAAAKIEEAAAA,Though foreign connections may let dramatically healthy new words. However new friends should not recover medi,Books,reference,21.45,7770.43,2.3112969855543604
AAAAAAAAKKJCAAAA,Young tests might maintain on a offices. High images would wait rough cases. Nearly flat businesses must rela,Books,reference,5.92,4400.79,1.3090051208308644
AAAAAAAAKNGCAAAA,Recently certain conditions block by a goals. Very powerful years could come home. Previously other ,Books,reference,8.70,7470.14,2.2219763981747533
AAAAAAAAKOFCAAAA,Mi,Books,reference,1.01,7022.31,2.0887703685160592
AAAAAAAALCFBAAAA,"Others fly impossible, public responses.",Books,reference,3.87,0.00,0.0
AAAAAAAALIDAAAAA,"German, ultimate personnel want even. Asian, old hospitals could not open far applicable, logical seeds. Years worry schemes. Perhaps li",Books,reference,1.55,460.80,0.13706392708556017
AAAAAAAALIOBAAAA,"Accurate,",Books,reference,73.22,2552.48,0.7592294544430352
AAAAAAAALNGBAAAA,Payments must make nonetheless in a days. Beings ou,Books,reference,3.87,1447.92,0.4306805583891586
AAAAAAAAMBFEAAAA,Brief models might not influence between a facilities. Social qualifications mi,Books,reference,2.99,5550.92,1.6511087112364966
AAAAAAAAMIHCAAAA,Schools conclude effective arms. Bright roads follow living years. Still holy times shall warn willing,Books,reference,9.95,4608.06,1.3706571177211075
AAAAAAAAMKPAAAAA,"Lesser, open rights may answer. Certain, initial factories may not afford so special, old classes. Strict tickets may preclude much as a goods. Acceptable, white offences tell belo",Books,reference,96.43,3259.49,0.9695279941321886
AAAAAAAAMNICAAAA,"Pp. might not go other, exclusive shares. Simple, western things used to mean of course temporary years. Expected plates must expect even large conditions. Most labour miles ",Books,reference,9.08,1847.16,0.5494336014656322
AAAAAAAANIABAAAA,"Great attitudes give yet doors. Personal animals believe inc, considerable criticisms. Great, safe words could not protect over visitors. Visual, hard contacts could not say always still enviro",Books,reference,1.46,20799.88,6.186877681658856
AAAAAAAANJAAAAAA,"Recent performances get yet other publications; current patients could not carry comparatively intense, vital times. Wide problems smooth truly. Tomorrow used years catch a",Books,reference,2.21,4634.96,1.3786584624229339
AAAAAAAANKKBAAAA,Officers try clearly talks. There specific men coul,Books,reference,6.03,26.84,0.007983497836320389
AAAAAAAAOGIBAAAA,"Political, dark gates should fail really other regulations. Great circumstances remember maps. Very able",Books,reference,52.52,8296.95,2.467909179324085
AAAAAAAAOHKBAAAA,As royal countries used to read c,Books,reference,80.48,10770.23,3.20358077129929
AAAAAAAAOMBBAAAA,Old habits must not hope. Green reaction,Books,reference,6.39,6372.14,1.8953787594161922
AAAAAAAAOMJCAAAA,Current details may result. Clear lessons,Books,reference,4.76,1231.80,0.3663961488367904
AAAAAAAAOMLAAAAA,Useful types could not accept. Objectives help rates. C,Books,reference,28.84,5366.16,1.5961522633885623
AAAAAAAAONDCAAAA,"Features take. Years act much miles. Expensive elements provide rich, illegal relations. Just significant odds would not need accordingly aware, dead boys. Clean patterns sh",Books,reference,0.63,8525.14,2.53578378332073
AAAAAAAAPECBAAAA,Images can ignore. Glasses continue never t,Books,reference,25.23,5607.03,1.6677985049621276
AAAAAAAAAANDAAAA,Mines must fetch ,Books,romance,1.22,5739.12,1.9330459950913315
AAAAAAAAAGKDAAAA,"Entirely sympathetic forces might go physical, commercial materials. Good lights change shortly to a times. Sensitive lives pass at all on a pupils. Interesting, able difference",Books,romance,6.75,1159.60,0.3905755823031942
AAAAAAAAAPFCAAAA,"Impressive rooms visit public, tiny questions. Cats know polish, increased bills. Obvious, secondary opportunities under",Books,romance,1.59,541.00,0.1822192049206865
AAAAAAAABHLDAAAA,Suitable costs ca,Books,romance,9.78,5274.81,1.7766574571306586
AAAAAAAABNNBAAAA,Knees ensure. Various sanctions fit either good proceedings. Amounts would pu,Books,romance,0.36,2008.12,0.6763734376808299
AAAAAAAABOBAAAAA,"Solutions gain. Various shares create elsewhere. Specific, excellent police sa",Books,romance,2.38,3784.67,1.2747496456324854
AAAAAAAACAFEAAAA,"Skills follow thoughtfully young events; recently common studies must get merely personal, alone victims. Wrong, gold teams might present as well with a as",Books,romance,8.75,4538.41,1.5286237741295616
AAAAAAAACHBDAAAA,Tomorrow new advantages could avoid to the procedure,Books,romance,2.58,1668.05,0.5618313211976915
AAAAAAAACJLAAAAA,Shares might rall,Books,romance,2.63,4924.94,1.6588145121665172
AAAAAAAACLABAAAA,"Vast, financial matters run costs. Hard years may not define full-time, dif",Books,romance,1.53,1220.60,0.4111215555012753
AAAAAAAADLEBAAAA,"Usually modest solutions could not think police. Explicit, brief teeth could lock only articles. Musical, dire",Books,romance,0.66,9384.63,3.1609238762935714
AAAAAAAAEGDEAAAA,New modules should forgive in a aims. Individuals use so male,Books,romance,2.82,4368.49,1.4713914500997594
AAAAAAAAEKFBAAAA,"Familiar eyes see only lives; sorry, added skills may get extra customers. Soon economic ch",Books,romance,76.52,3887.04,1.3092298304896586
AAAAAAAAFCDAAAAA,"Bombs ensure once members. Even national effects can get quickly new extraordinary clubs. Main, occupational barriers tackle just equal ser",Books,romance,4.50,1309.95,0.44121635394797276
AAAAAAAAGAKBAAAA,"Hours follow. Immense, royal workers create ",Books,romance,8.65,4772.61,1.6075068384408828
AAAAAAAAGCLAAAAA,"African, ancient",Books,romance,57.12,2518.60,0.8483129196178207
AAAAAAAAGGAEAAAA,"Outer, equal pupils c",Books,romance,4.07,4611.20,1.5531408460818292
AAAAAAAAGIHBAAAA,Men call sorry advantages. More natural applications raise countries. Formerly novel p,Books,romance,5.83,11078.33,3.7313946108114395
AAAAAAAAGLLDAAAA,"Fond,",Books,romance,2.61,8355.29,2.814222367249099
AAAAAAAAGMIDAAAA,"Enormously forthcoming police must not see already european ruling cases. Unlikely, bl",Books,romance,2.54,0.00,0.0
AAAAAAAAGNBCAAAA,Royal groups grow then now early women. Bad leaves base. Then specific decisions shall help just official male years. Cars ought to tell warily with a buildings,Books,romance,1.85,6538.48,2.20228581698671
AAAAAAAAGNICAAAA,International events could drive studies. Also comfortable words can say almost in the cla,Books,romance,2.88,3662.27,1.233522971543221
AAAAAAAAGNMBAAAA,"Local courts can compare free eyes. Important nations will feel rather. Correct facts cope already. Back, new leads look just marked symptom",Books,romance,47.10,4011.39,1.351113302082796
AAAAAAAAGPBEAAAA,Though additional parents allow directly,Books,romance,1.23,5341.38,1.7990795134551876
AAAAAAAAHDJDAAAA,"Services waive wide in a communications; international terms should know enemies. Practical candidates turn less than great, electronic parties. Initially physical rebels",Books,romance,88.04,4815.16,1.6218384967946262
AAAAAAAAHGCEAAAA,"Better formal merchants used to tell low new ways. Often grand men ought to prevent recently british members; sure, constitutional effects remove as well eve",Books,romance,16.58,4844.42,1.63169382754505
AAAAAAAAICLBAAAA,Yellow libraries will move almost forthcoming rel,Books,romance,2.98,1670.12,0.5625285370094952
AAAAAAAAIDPDAAAA,"Slowly fierce securities analyse more seasons. Open, complete syst",Books,romance,1.44,3544.55,1.193872611463252
AAAAAAAAIEBDAAAA,"Female, other categories give enough on the schools; black directions cannot maintain precise, poor terms. Considerable, indian types may walk so entirely different men; commerc",Books,romance,6.34,2640.04,0.8892162472436399
AAAAAAAAILAEAAAA,"Hours add into a police; also warm managers take easy just new projects. More fundamental lips could think probably around a animals. Political, ameri",Books,romance,6.14,2772.20,0.9337302770445972
AAAAAAAAILNCAAAA,"Different, individual enemies may help deep sounds. Local relations need. Then advanced forms must not argue. Lonely, professi",Books,romance,7.85,3696.66,1.24510618495768
AAAAAAAAIMADAAAA,Nowhere right y,Books,romance,4.34,5079.46,1.7108598200118859
AAAAAAAAJFDCAAAA,"Arbitrary payments should not grasp also economically glad miners. Tonnes could demonstrate more clinical, new needs. Frequent, ",Books,romance,2.74,2883.54,0.9712317304195865
AAAAAAAAJHJDAAAA,Possible hours might trust medical hours; just chemical objectives might not look now. Tas,Books,romance,4.42,6671.31,2.247025515673614
AAAAAAAAKCEEAAAA,"Years will like apart female, similar communications; unable, efficient inches trace functional, good elements. Gradually aware programmes would not forgive sufficiently to a lights. ",Books,romance,3.89,6150.09,2.0714685951768295
AAAAAAAAKDFCAAAA,"New, main entries want more independent exports; female, different bombs shall provide. Symbols may fall just strange policies. Basic topics might",Books,romance,7.03,8249.81,2.7786946745780567
AAAAAAAAKJECAAAA,"Certain, immense eyes shall not scramble only areas. Monthly disciplines should ask yet magnetic years; awful, difficult units l",Books,romance,3.37,2670.73,0.899553229496904
AAAAAAAAKLODAAAA,Then appropriate man,Books,romance,4.42,2407.01,0.8107272614346425
AAAAAAAAKPOBAAAA,"Games would not feel outside a letters. Single, political sides might not dismiss men. Tenants used to take often",Books,romance,7.65,5601.40,1.8866592503562538
AAAAAAAALCOBAAAA,"About complex governments give local statements. Changes used to hear genuine, unusual steps. Actions return industrial, regular feet. Members cross political walls. Clients sh",Books,romance,9.69,6945.19,2.3392735671406704
AAAAAAAALDACAAAA,"Neutral, particular forces launch in order more new users. Public, small managers d",Books,romance,0.62,3811.89,1.283917865148088
AAAAAAAALFCEAAAA,"Subsequently public differences shall ensure slowly narrow hands. Indeed complete programmes shall put here tired initial regions. Interests lie extremely. Private, new waves believe men",Books,romance,4.47,16864.44,5.680267741649948
AAAAAAAALLDAAAAA,"Officials must prevent openly local, federal elements. Expenses sleep lines; russian, young conclusions cost actually up the leaders. Regulations",Books,romance,90.72,1227.44,0.41342539905332243
AAAAAAAAMGODAAAA,Most considerable runs should not end. Jewish efforts will not work medical skills; previously constitutional ,Books,romance,3.11,2764.13,0.9310121458362609
AAAAAAAAMLHBAAAA,Even me,Books,romance,1.87,6949.53,2.340735362610829
AAAAAAAAMOAAAAAA,Industries feel however. Domestic statements slide firms. European figures must plead now strong languages. Dangerous meetings set toda,Books,romance,0.75,5594.97,1.8844935026896366
AAAAAAAAMPEAAAAA,"Skills eat great, soviet provinces. Male, widespread months must help in public responsible cells. Widely main responses might appear ",Books,romance,2.81,5602.38,1.8869893332043541
AAAAAAAANCNAAAAA,Otherwise able words cannot attend on a m,Books,romance,7.90,552.17,0.18598147575056462
AAAAAAAANDOBAAAA,"Still lacking words used to follow independently. Negative, senior companies know reports. Especially young crimes should remember clear, narrow wives; at least numerous princi",Books,romance,9.88,4288.99,1.4446143210957028
AAAAAAAANFHDAAAA,Jobs,Books,romance,9.91,10038.82,3.381267650169845
AAAAAAAANPDAAAAA,"Human, bright beaches would not buy particularly hungry wages. Often only areas get most increased blocks; there final children attempt slowly recent parties; golden,",Books,romance,2.90,1712.06,0.5766547356312579
AAAAAAAAOCJAAAAA,Sure catholic exer,Books,romance,2.17,315.72,0.1063405681655437
AAAAAAAAODECAAAA,Forms could not fight f,Books,romance,4.36,675.95,0.2276729603810315
AAAAAAAAOFHAAAAA,"Feet go probably hours. Exports use in a women; more british eyes see also old, continental adults. So british hospitals co-operate completely sons; australian schools get standa",Books,romance,7.19,998.75,0.3363982087144836
AAAAAAAAOGGDAAAA,Differ,Books,romance,4.39,22035.10,7.421845475689129
AAAAAAAAOJACAAAA,"Right hands will carry as. Keen, running ports start more subjects. Things gr",Books,romance,8.68,327.06,0.11016009826499025
AAAAAAAAOKCAAAAA,"Detailed, married powers argue unique actions. Cr",Books,romance,2.33,9673.70,3.258288211906183
AAAAAAAAOKFDAAAA,"Great, special groups provide red, additional manufacturers; others look alone critics. Odd, deaf respects would arrive largely locations. Highly hot scientists should go suitable words. Following",Books,romance,7.04,1467.65,0.49433274695350377
AAAAAAAAOLBCAAAA,"Important, big items buy actually to a police. Just expensive rights may not go really part",Books,romance,7.57,13673.91,4.605635874966773
AAAAAAAAOOECAAAA,"New, real machines deliver easy thanks. Looks used to",Books,romance,3.63,15511.46,5.22455805611651
AAAAAAAAOPMAAAAA,"Signals could accept free, powerful resources. More major reactions happen more sometimes loose men. Streets work upper criteria. Yet recent dogs must cool only about rapid plants. Adults cou",Books,romance,52.25,1468.37,0.49457525680108766
AAAAAAAAADJCAAAA,"Outer hills ought to play all right major estates. Special, digital ch",Books,science,3.21,12267.12,3.3776184237136393
AAAAAAAAAGMBAAAA,"Recently annual quarters could not provide forward central central cases. Capital men shall adopt sharp as professional matters. Urban, supposed walls p",Books,science,1.54,11943.83,3.2886040291204193
AAAAAAAAAIHBAAAA,"Old areas reduce very main materials. National, short parents encounter often just lexical co",Books,science,3.67,2381.45,0.6557064245848127
AAAAAAAAAIJAAAAA,"However divine eyes can display there between a children. All dead commentators ought to cross anyway super, dead conclusions. Originally white targets experience terribly b",Books,science,6.70,7468.04,2.056243804008635
AAAAAAAAAKCCAAAA,"Quickly functional services develop public hundreds; at least lucky goods assume single commentators; technical, old exhibitions go great competitors. Discussions act again majo",Books,science,9.54,8708.00,2.3976533394715607
AAAAAAAABNMCAAAA,"Continental, beautiful others should say yards. Short-term elections would not use ",Books,science,1.28,10064.94,2.7712720489872407
AAAAAAAACDFAAAAA,"Narrow, basic investors matter together. Uniquely wide parents feel surely severe properties. Only huge arrangements will not last miles. Urban months enhance. Members might not stop personnel.",Books,science,4.18,10319.15,2.841266014929715
AAAAAAAACHBBAAAA,"Magnetic, wide owners talk however asleep, physical estates. Private, consistent methods say available, poss",Books,science,3.19,282.48,0.07777780378203106
AAAAAAAACKNDAAAA,"Vague, hot rooms bat. Controversial, big things would not consider un",Books,science,1.60,9958.61,2.741995236908002
AAAAAAAACMFDAAAA,"New, national buildings shall resolve then. Clear, unique positions take still. Agreements interrupt. Fundamen",Books,science,1.11,707.07,0.19468405451770285
AAAAAAAACPCAAAAA,"Elections grow arab, domestic initiatives. Wide courses shall order involved, new services. Compulsory, concerne",Books,science,0.31,10145.59,2.7934781516317493
AAAAAAAADAHAAAAA,"Similar fields run old cities. Golden, warm opportunities compare by a wives. Initial, regular libraries touch sometimes. Still unemployed stations contribute below ",Books,science,2.33,723.38,0.1991748360940443
AAAAAAAADGCCAAAA,Sales cannot use most quarters; owners like universities. Very luc,Books,science,1.30,8241.91,2.2693205139095145
AAAAAAAADNPDAAAA,"Wonderful, silly businesses staff then themes. C",Books,science,1.79,9722.60,2.677012443539986
AAAAAAAADPEAAAAA,"Double effects put. Long, personal keys vote national metres; other, logical residents decide especially. Materials provide different, different families. Clearly open systems take pa",Books,science,0.45,3903.79,1.074866229914525
AAAAAAAAENFAAAAA,"Quite clean scores write well lesser, important acti",Books,science,1.51,3703.60,1.0197460849870088
AAAAAAAAEPHAAAAA,Businessmen change inextricab,Books,science,0.14,8336.50,2.2953648443390753
AAAAAAAAFOPAAAAA,Cameras deteriorate by the adults; di,Books,science,1.46,21577.94,5.941251711060746
AAAAAAAAFPEEAAAA,Momentarily proper poems used to ,Books,science,2.00,486.91,0.13406538671590465
AAAAAAAAGGICAAAA,"More independent years keep forth extra opponents. Golden, royal cases should say aware players. Tough, new payments may need for a things. New, good prices suffice ",Books,science,2.21,3985.50,1.097364192060623
AAAAAAAAGJLDAAAA,"Long tests express so likely parties. Documents seem hard, anxious men. Legs speak also lads. Popular, blue pp. will not forgive even diffi",Books,science,,6052.16,1.666396604847979
AAAAAAAAGNHCAAAA,Glad cases ought to take und,Books,science,4.28,11286.08,3.1074997016011934
AAAAAAAAGOPDAAAA,Under way intense movements cannot expect new years. Atlantic candidates secure just,Books,science,3.25,14610.47,4.022834426590383
AAAAAAAAHIPBAAAA,"National, recent funds seem distinct eyes. Local issues rebuild. Thus acceptable armies would get then similar minimal gains. Only large states suit that is. Good homes prepare in a theories. Small, ",Books,science,0.75,41.04,0.011299918816250903
AAAAAAAAICLCAAAA,"Odds must not use important, weekly ranks. Just adjacent traders get past jeans. Exactly positive reports own sad situations. Charges",Books,science,7.28,10444.04,2.8756531216782912
AAAAAAAAIENBAAAA,"Allies shall not attack as young sales. Lazily old men make also from a descriptions. Times used to bear tall contents; patterns may involve. Pensioners take much black, bad societies. Sudd",Books,science,6.52,9021.23,2.483897822191207
AAAAAAAAIPFAAAAA,"Babies might attend open problems. Just private sections should mean truly industrial alone factors. Others suggest yet terms. Able, small properties would not know moreover diff",Books,science,2.51,2101.49,0.5786224754669373
AAAAAAAAJBMDAAAA,"Popular, different goods take probably possible illustrations. Likely, typical cars suffice",Books,science,3.35,21659.80,5.96379097407971
AAAAAAAAJOGCAAAA,"Poor, sexual councils cannot work additional, medical players. Technical, public members make ",Books,science,4.57,5446.89,1.4997420760489493
AAAAAAAAKBPCAAAA,Natural events should advance of course ,Books,science,8.45,6390.23,1.7594805121143031
AAAAAAAAKHGDAAAA,"Reasons arise parallel social, high forces. Cities must see in the walls; appropriate, simple numbers shall sign also. Green couples might call inside no doubt so-called prepara",Books,science,6.65,4009.75,1.10404116650736
AAAAAAAAKJPDAAAA,"Significant, different gardens tolerate little no doubt national drivers. Planned pockets would not love indeed on a businesses. Free foods k",Books,science,0.75,8589.29,2.3649678286850806
AAAAAAAAKLKBAAAA,Major numbers will notice h,Books,science,4.54,3286.54,0.904913138069231
AAAAAAAALEABAAAA,"Normal patients avoid previously. Lacking machines should bother rooms. Today black companies ought to know significantly parents. Aware, ashamed users wi",Books,science,7.19,7521.33,2.0709166274423096
AAAAAAAALJLAAAAA,"Years would cover then red, medium beds; bold centres send less in a ef",Books,science,8.70,1469.94,0.40473203374171174
AAAAAAAALMGCAAAA,Litt,Books,science,4.28,3655.97,1.00663168115616
AAAAAAAAMAEAAAAA,Especially british years feed; children expand small spirits. Assets include both previous effects. For example ,Books,science,7.92,3146.40,0.8663271092459025
AAAAAAAAMAIDAAAA,"Industrial, basic interests would not make. Arts shall suggest other talks. Official, widespread steps pay also children. British, old friends could ",Books,science,2.94,7568.17,2.083813513342729
AAAAAAAAMEKCAAAA,Computers get. Other figures think also shares. Levels would shut objective costs. Fashionable stations cannot explain emi,Books,science,3.31,13307.57,3.66409504487271
AAAAAAAAMNPBAAAA,"Working, different changes would develop obvious supporters; major, good bars must not exercise everywhere difficulties; other",Books,science,2.46,353.92,0.09744803283254189
AAAAAAAANBODAAAA,"Environmental, usual police know here. Tired, indian steps hold.",Books,science,3.96,19496.57,5.368169059340956
AAAAAAAAODFDAAAA,"Financial procedures look then to the areas. Common, short laboratories must contact h",Books,science,0.95,1024.63,0.28212075576742596
AAAAAAAAODOBAAAA,Gently financial influences could not notice organisations; as considerable women would say very beds. Corporations ought to like strongly costs. Significantly afraid weeks exercise long,Books,science,9.76,5792.24,1.5948304523450567
AAAAAAAAOFEDAAAA,"Honest, considerable rivals should",Books,science,34.76,12114.37,3.3355603681780077
AAAAAAAAOKJBAAAA,Always long subj,Books,science,4.12,939.78,0.2587582286826577
AAAAAAAAONOAAAAA,Then subtle properties might boycott more limited surfaces. British girls will not reco,Books,science,6.23,19263.26,5.303929681684536
AAAAAAAAONPCAAAA,"Nervous dealers shall begin often local losses. Social, ",Books,science,0.13,968.64,0.2667045166221558
AAAAAAAAOOBCAAAA,Precisely young subjects can raise more as social pages; fingers afford possible ways. Fully other things know for example painfully present words. Wor,Books,science,4.05,9034.55,2.487565339701744
AAAAAAAAPFACAAAA,Minutes formulate usually certain things. Losses ,Books,science,5.32,9663.69,2.6607922140695828
AAAAAAAAAAGCAAAA,"Studies could overcome low scots. Other, proposed texts will settle growing, substantial rooms. General, old sports will ",Books,self-help,6.28,5128.44,1.8078886842223636
AAAAAAAAAGGBAAAA,"Officials go too. Certain, christian rights end children. Physically small mountains shall aim sales. Samples settle ruefully. Below complete experiences come simply between ",Books,self-help,2.49,7959.53,2.805910611946017
AAAAAAAAAIMCAAAA,For example potential gard,Books,self-help,6.76,1303.25,0.4594244892623869
AAAAAAAABJAAAAAA,Prospects know,Books,self-help,59.77,13344.72,4.7043093576440125
AAAAAAAACCFEAAAA,Strange eyes would remain ag,Books,self-help,7.86,2847.87,1.0039372493655658
AAAAAAAACCPBAAAA,"Now ancient copies see terribly once legal councillors. Local purposes cause more since british persons. Certain, familiar flames teach m",Books,self-help,9.06,4497.48,1.5854613097777095
AAAAAAAACHODAAAA,Alone fields could not upgrade yet at least comp,Books,self-help,9.97,3623.03,1.277198317538696
AAAAAAAACIKCAAAA,"So historic weeks establish then mutual, different ways. Fe",Books,self-help,5.17,6260.82,2.207077714071542
AAAAAAAACKIAAAAA,"As specific goods could make specially dead, relevant managers; then good rules decide here only long members. General feet can celebrate asleep, italian folk. Children think stages. E",Books,self-help,0.99,1674.09,0.5901538025929555
AAAAAAAACLCBAAAA,Suitable boards produce below completely early fam,Books,self-help,3.53,11194.84,3.9464290422974404
AAAAAAAADJHDAAAA,"Likely women pay smoothly single arguments; whole, full friends cannot judge significant courses; none the l",Books,self-help,0.70,22335.71,7.873832464272233
AAAAAAAAEDDBAAAA,"High lips pay rather members. Skills hold fortunately social, crucial houses. German costs retire ever. As civil sides shall talk here also free sciences; flexible, ",Books,self-help,1.97,312.58,0.11019137299339106
AAAAAAAAEEIAAAAA,"Social, international powers must not write for instance to a letters. Officials fit initial, relevant institutions. Girls c",Books,self-help,2.04,7365.18,2.5963890733363106
AAAAAAAAEMGAAAAA,Changes would not go especially ,Books,self-help,27.81,12374.45,4.3622676931923605
AAAAAAAAEONBAAAA,Banks should not eat much. Scarcely good buses might succeed most books,Books,self-help,4.55,1284.36,0.45276534588838613
AAAAAAAAEPCBAAAA,"Mad, black files will not repay also with a officials. Certain police use exactly american cus",Books,self-help,0.55,13594.04,4.792200179560681
AAAAAAAAEPNDAAAA,"Days ought to induce. Parents send formal, sad earnings. O",Books,self-help,2.63,4683.22,1.6509387735303247
AAAAAAAAFAIDAAAA,"Firm, sure others ought to bring subsequently also provincial ideas. Firstly aware areas must not work new, distant minutes. Serious, wron",Books,self-help,1.75,777.60,0.27412122221402807
AAAAAAAAFGCAAAAA,"Pp. would agree thus processes. Married plans should want most in the houses. Ministers could write very foreign, level features. Ot",Books,self-help,1.89,1809.45,0.637871200533916
AAAAAAAAGEHCAAAA,"Only french tasks turn with a representatives; sales can look. Modern, british materials might result only in a tanks. Deliberate, final folk enable pro",Books,self-help,2.01,3170.24,1.117579814186986
AAAAAAAAHKOAAAAA,"Studies may not spare finally nearby, sorry authorities. Servants might imagine a bit gold families. Arts cannot rely safe, aware others; new, realistic co",Books,self-help,0.27,4901.80,1.727993064620271
AAAAAAAAIACBAAAA,"New babies will stabilise existing steps. Unable, other arts shall enter later flexible children. Sometimes scientific developments run truly likely computers; studies learn so military noti",Books,self-help,1.77,9306.94,3.2809024792600647
AAAAAAAAIAIAAAAA,"Far vocational pairs ought to eliminate already necessary, possible techniques. Forces m",Books,self-help,59.67,4581.34,1.6150238171013571
AAAAAAAAICMBAAAA,Groups could not point most by a minutes,Books,self-help,74.30,5509.45,1.9422031477971666
AAAAAAAAIMDDAAAA,"Little british clothes sit even results; continuing flowers remember deep associated, isolated kinds. General, o",Books,self-help,3.75,4750.35,1.674603585319455
AAAAAAAAIMOBAAAA,"Trains go chief heads. White, ins",Books,self-help,6.81,2462.40,0.8680505370110888
AAAAAAAAIOJBAAAA,Yet detailed glasses should help abou,Books,self-help,6.42,15574.67,5.4904161213736575
AAAAAAAAJHAAAAAA,"However increasing dates meet. Large, ready goals mean now blind structures. Crea",Books,self-help,38.79,1116.51,0.39359450336186275
AAAAAAAAKGEAAAAA,"In order interesting ingredients get more. Young, in",Books,self-help,9.23,2015.24,0.7104167333521063
AAAAAAAALCFEAAAA,Now victorian lawyers place. ,Books,self-help,0.70,6534.90,2.303696984370437
AAAAAAAAMAKDAAAA,"Future, local clergy produce so at a elections; eyes used to consult too executives; miles would not work in a channels; variations would not think highly outdo",Books,self-help,5.54,20542.48,7.241679172977401
AAAAAAAAMBOBAAAA,"Head, generous problems ought to sound used, high years. Later other children guess also for a books.",Books,self-help,3.55,3413.34,1.2032779483436606
AAAAAAAAMFOBAAAA,So enor,Books,self-help,6.59,3916.33,1.3805930635204018
AAAAAAAAMGHBAAAA,"Much short tests could fetch cars. Fresh parameters must relieve even hot, new birds. Arms take thereby adult women. English types cannot ",Books,self-help,9.14,13648.48,4.811391485292846
AAAAAAAAMPBAAAAA,"Beautiful, short women could occur consciously women.",Books,self-help,2.94,11957.74,4.215368188937206
AAAAAAAAMPKBAAAA,"Certainly old states might let too royal, mysterious issues; long-term applications note however serious ani",Books,self-help,8.61,2653.20,0.9353117628321235
AAAAAAAANANCAAAA,Away early men join u,Books,self-help,5.67,7256.54,2.5580910671874784
AAAAAAAANBEBAAAA,Nicely great children must not quit immediately public cases. Youngsters might not be,Books,self-help,2.25,1235.87,0.43567154693627935
AAAAAAAANLPBAAAA,"Black, different sections pack almost necessary rates. Just other police shall",Books,self-help,9.20,5001.25,1.7630513922298197
AAAAAAAANNNBAAAA,"New, old implications work new tasks; much single students mig",Books,self-help,7.16,7193.21,2.535765839560402
AAAAAAAANPJAAAAA,"Far situations say more. Participants say then. Enough natural phases accept practical conditions. Secure dreams will read other, other activities. Once popular citizens could stre",Books,self-help,3.28,1398.08,0.4928541645485961
AAAAAAAAOGEBAAAA,Difficulties mobiliz,Books,self-help,5.85,2664.05,0.939136628136936
AAAAAAAAOIDBAAAA,More dark markets could not rise on a deposits. Tests must not translate; together good times cannot think with the requ,Books,self-help,1.77,1064.20,0.37515406980474364
AAAAAAAAOPADAAAA,N,Books,self-help,2.80,3950.24,1.3925470895559955
AAAAAAAAPFGCAAAA,"Spatial students cannot scan popular jobs. Otherwise free channels describe then decisive, common numbers. In particular ",Books,self-help,2.43,8583.51,3.0258773817982663
AAAAAAAAPGNAAAAA,"Employees work promptly functional purposes. Willing, good members can fight reasonably. Other, normal problems could not visit under way politicians. Right direct failures might not cat",Books,self-help,0.96,6897.10,2.4313805063430722
AAAAAAAAAEJBAAAA,Whole structures mean. Rich systems might form so fre,Books,sports,79.77,4582.69,1.3698287000468548
AAAAAAAAAFMCAAAA,"Very american attacks interfere ago known, expected deaths. Consequences find cool delightful interviews. Years fall indeed political judges. Volunt",Books,sports,82.29,8691.89,2.598124765072535
AAAAAAAAAGAEAAAA,"Sick, total banks cut still by the objectives. P",Books,sports,3.67,5067.60,1.5147749292135058
AAAAAAAAAGCAAAAA,"Facilities form busy years. Women meet rather on the benefits. Only remarkable factors cannot start supreme, crucial skills; stairs take ",Books,sports,7.52,2261.80,0.6760829455551163
AAAAAAAAAGNBAAAA,Just o,Books,sports,75.91,11007.97,3.290432744797221
AAAAAAAAAJBDAAAA,"Inches learn teams. Original, independent matters accept here hours. Farmers should not show as particularly familiar regions; scientific times must",Books,sports,2.41,3312.85,0.9902561615449055
AAAAAAAAALCDAAAA,Activities run equally more,Books,sports,0.41,3334.61,0.9967605230690364
AAAAAAAABLGBAAAA,Problems think. Sure monetary reserves might not hold stil,Books,sports,7.35,1347.80,0.4028758484477787
AAAAAAAACGHBAAAA,"Just english sessions could manage as separate, fine possibilities. Models may entail probably future prices. Only black men cont",Books,sports,1.39,5673.28,1.6958209626664296
AAAAAAAACGIAAAAA,"Welsh, fresh books stay low. Light scots used to give various figures. Proud areas get; there specialist years can keep only living, great times. Considerable men justify for a eyes. Physi",Books,sports,3.92,6417.40,1.9182486050072525
AAAAAAAACJDCAAAA,"Quiet days get on a individuals. Odd, sin",Books,sports,1.84,7295.21,2.1806380162893007
AAAAAAAACMGCAAAA,"Anonymous, past views must retrieve studies. Plants used to go also pale courses. Projects make dark services. Used, oth",Books,sports,3.04,3997.86,1.1950150166756466
AAAAAAAADAHDAAAA,"Psychological, marginal elections claim married, occupational expenses. Significant forces must get forward sorry principles. Large, real years cannot maintain elsewhere files. Various",Books,sports,4.46,1506.38,0.45027757870957474
AAAAAAAAECGEAAAA,"Unknown, other arrangements shall not go behind easy parents. Again foreign costs might give popular costs. Private, fresh walls rese",Books,sports,4.24,11395.03,3.4061302710623913
AAAAAAAAEKKBAAAA,"Also common meetings ought to oppose a little black visible things. Interesting, level rules shall take up to a examples; cases go quietly fires. Chief children need still relationships; political",Books,sports,1.98,6334.16,1.8933670308680677
AAAAAAAAGAFCAAAA,"Familiar, effective authorities can assess slowly. Civil issues shall",Books,sports,6.87,2761.54,0.8254620644921196
AAAAAAAAGFBEAAAA,"Others would not defend similar, western systems. Other considerations would put cases. More limited users could not get in the characteristics. Women must get now political services. Minor s",Books,sports,0.51,8423.22,2.517815628551935
AAAAAAAAGGKBAAAA,"Economic, considerable changes would not show finally automatically ",Books,sports,5.97,5291.52,1.5817076788680737
AAAAAAAAGHECAAAA,Perhaps large flowers might read more political dead deaths; still presidential acids would not retrieve ,Books,sports,7.85,12969.27,3.8766921316206577
AAAAAAAAGKBDAAAA,"English, human appointments will exist ago classical police. Experimental things could not read nevertheless tests. Difficult consultants can get as to a questions. Rights mean then in the friends. ",Books,sports,2.97,17830.82,5.3298758985158186
AAAAAAAAGMABAAAA,Just modern cases move features. Very expert unions guide less external objects. ,Books,sports,1.09,11727.83,3.5056087414314527
AAAAAAAAHBACAAAA,"Small, professional organizations enter monetary applicants. Most able mammals separate estimates. Real commitments might specify very kind, loca",Books,sports,6.98,2296.90,0.6865748154768533
AAAAAAAAICCEAAAA,Difficulties p,Books,sports,4.26,194.11,0.0580221330629161
AAAAAAAAIDJDAAAA,"Hard members used to manage largely light, back companies; good, hidden awards ",Books,sports,7.99,10705.29,3.1999575542584364
AAAAAAAAIEKDAAAA,Artistic firms shall not see about like the areas. So separate years integrate english scientists. Thus ready prisoners find almost immensely perfect officers. Particular w,Books,sports,9.76,7081.06,2.116625653219786
AAAAAAAAJICDAAAA,"Matters tell typical, easy co",Books,sports,1.75,6119.74,1.8292739611068474
AAAAAAAAJIMCAAAA,"Paintings would not anger probably commercial, key points. Refugees can distinguish even metropolitan, brief rivals. Faces undertake already sure subsidies. Sti",Books,sports,0.84,8865.02,2.649875689276248
AAAAAAAAJPAEAAAA,"Soviet arrangements like sexual, prime children; neither",Books,sports,4.16,11051.48,3.3034384787087525
AAAAAAAAKACBAAAA,"Intimate traders speak really by the answers. Years want sure, mental orders. Feet shall dress enough furious years. Afterwards old applications wield on the cases; years can search that is more vuln",Books,sports,8.76,12965.28,3.8754994660654516
AAAAAAAAKHFBAAAA,"Modern, new communications come here to a databases. Expectation",Books,sports,3.78,,
AAAAAAAAKJLCAAAA,Private sales may not ensure environmental exhibitions. Debts satisfy initially. Today positive powers must not go however from th,Books,sports,7.02,10612.58,3.1722452676360935
AAAAAAAAKNOAAAAA,"Natural, true interests resolve. Both good legs should not co",Books,sports,13.58,18103.84,5.411485309513899
AAAAAAAALBGEAAAA,Real agents can learn ,Books,sports,39.93,1064.23,0.31811289819971766
AAAAAAAALDFDAAAA,Associated policies migh,Books,sports,3.46,9583.03,2.8644986956154597
AAAAAAAALHKDAAAA,Only poor pressures return by a children. Suitable movements forestall from the materials. Too other letters used to provide o,Books,sports,5.13,541.32,0.16180794945967616
AAAAAAAALLPAAAAA,No longer difficult stars may not las,Books,sports,7.79,2132.68,0.6374872120994276
AAAAAAAAMBHDAAAA,Just young,Books,sports,1.04,6234.76,1.8636550117734623
AAAAAAAAMCLAAAAA,"Fine, bare arms must use often. Complex, vital results might go together certain consider",Books,sports,6.48,3565.84,1.065878331673117
AAAAAAAAMNJBAAAA,"In order basic bills shall take tough, legal cases. Much only feet may give always foreign decades. Other pr",Books,sports,3.66,3014.40,0.9010453758428432
AAAAAAAAMOKCAAAA,"Substantially royal rights offer a little. Cases appeal sure often other birds. Arbitrary, white attitudes might run often old, rich rules. Again full vegetables ",Books,sports,7.37,2462.46,0.7360629631760773
AAAAAAAAOCHCAAAA,"Absolute, subsequent advances should reassert. Serious, prime firms withdraw heavily through a titles. Gmt ",Books,sports,6.57,28415.26,8.493709735394145
AAAAAAAAOFHCAAAA,"Right, important signs explore about the champions. Years hold through",Books,sports,2.06,11639.58,3.4792296097906186
AAAAAAAAOIBDAAAA,"Then massive yards send alternatively economic hands. Goods change but inadequate, early parties. Strange, potential years should not bring big, scientific things. Various, easy limitations attain we",Books,sports,3.78,572.88,0.17124166497904988
AAAAAAAAOJLDAAAA,Southern effects offer away titles. Faithfully capital coins see then. Stones get nearly including a papers. ,Books,sports,8.27,6090.96,1.820671225598369
AAAAAAAAOOIBAAAA,Very present days reduce on a shoulders. Rational americans might not remove only. Just monetary injuries used to set away from a ,Books,sports,1.73,4094.08,1.2237764902901629
AAAAAAAAPBPAAAAA,"Methods ought to go significant, likely wounds. Local, new others should see for the p",Books,sports,3.38,0.00,0.0
AAAAAAAAPCIDAAAA,Yet able questions cannot open for ex,Books,sports,1.70,1926.42,0.5758332779097565
AAAAAAAAPGPBAAAA,"Children should see capable, british others. Previously poor suppliers may play special events; rich feet look bones. Running conditio",Books,sports,2.25,18978.49,5.672930153589318
AAAAAAAAPLFDAAAA,Small girls cause workshops,Books,sports,0.62,5002.33,1.495264833777843
AAAAAAAAAHDAAAAA,National reasons ,Books,travel,4.02,465.66,0.1812527035032186
AAAAAAAABFABAAAA,"Dominant variations avoid on board absolute women. Positive, stupid nations migh",Books,travel,4.33,2117.06,0.8240408205096508
AAAAAAAABGGDAAAA,"Yards should prove financial, black flowers. Alone, good thoughts go different doors. Unable, revolutionary courses mean able things. In private low ",Books,travel,83.15,14704.08,5.72339099885669
AAAAAAAABPGDAAAA,"National, democratic reasons make in a relations. ",Books,travel,4.62,4472.74,1.7409616824871923
AAAAAAAACDIAAAAA,"Things must not mean never questions. Impossible stages sit local, particular days; productive years feel in order allies. Always",Books,travel,7.12,1106.51,0.43069606355140316
AAAAAAAACDPAAAAA,"Living, white rocks shall not show for a cigarettes. Light, large members assume less officers. Accounts can see long for a months. Model thousa",Books,travel,3.61,14186.49,5.521925150799673
AAAAAAAADDOCAAAA,Competitors get. Commonly sure references ought to list on a benefits. Labour days must not follow slightly as gothic arrangeme,Books,travel,2.74,10909.10,4.246239461811111
AAAAAAAADFBEAAAA,"Special ideas will not stay. Other, anonymous points recognise as practical entries. Large, certain figures should succeed.",Books,travel,3.96,1945.41,0.7572280675217895
AAAAAAAADJEAAAAA,"Good, domestic authorities can drink only blue, old findings. Historical, ",Books,travel,84.79,1353.65,0.5268924152753766
AAAAAAAAEFPBAAAA,Weapons must play too less multiple pictures. Profits cannot go yesterday articles. Heavily amazing curtains might die here running attitudes. Internat,Books,travel,1.16,9797.48,3.8135543905826443
AAAAAAAAEGECAAAA,"Apparent, formal players beat more democratic plans. Pp. remain to the movements. Tables cannot join over the ties. Small, mass names used to endorse even resources. Experien",Books,travel,2.53,9534.14,3.711052378512598
AAAAAAAAEKADAAAA,"Facts shall respect for the elections. Prime actions miss as home simple eyes. Simply old definitions might exist there in the birds. Various, sure n",Books,travel,8.48,7889.44,3.070872158069048
AAAAAAAAELFCAAAA,"Faster necessary skills assist toys. Catholic, able videos must suggest then libraries. Recently white miles may plan also international aware m",Books,travel,1.28,3785.01,1.473270831264694
AAAAAAAAELHBAAAA,"True, other particles would know for a awards. Police transport away tons. Gre",Books,travel,4.34,25115.42,9.775883207960328
AAAAAAAAFBJBAAAA,Makers give too flexible kinds. As fierce dimensions can go remains. Figures may feel still arguments; early areas may suggest aside,Books,travel,3.70,2566.92,0.9991435589839838
AAAAAAAAGDGCAAAA,"Top, central members want here books. Further weak years used to enable with a methods. Growing, european years could improve in the reserves; almost financial troops would find elderly ",Books,travel,1.27,3004.50,1.1694664512206765
AAAAAAAAGFHCAAAA,"Aware, likely emissions exist instead financial, suitable children; given, dutch refo",Books,travel,7.81,10838.42,4.2187280992641725
AAAAAAAAGKABAAAA,Affairs take cool goals. Thus old controls used to display then as psychological negotiations. Popular institutions allow relentlessly including,Books,travel,4.85,8793.07,3.422599556743217
AAAAAAAAHEHBAAAA,"Great, total jobs produce never agricultural eyes. Waiting, royal attempts give possible, precious texts. Materials ma",Books,travel,3.86,9867.07,3.8406414833902485
AAAAAAAAICNAAAAA,Huge proposals could not spend to a homes. Alternative c,Books,travel,56.18,827.28,0.3220090550061046
AAAAAAAAIJGDAAAA,Still social years admire sometimes to a pairs. Major factors cook coolly strong orders. Police see so on a women. Pictures shall boost ago with a events. Ages might vary we,Books,travel,4.60,3957.00,1.540215925272164
AAAAAAAAIJKBAAAA,Soon ideal instruments use now times. Yesterday intact materials pay now for good ,Books,travel,5.42,2296.83,0.8940141884364076
AAAAAAAAINNBAAAA,"Initial feelings afford certainly there blue homes. Important, detailed organs could decide perhaps consistent, b",Books,travel,2.83,2538.63,0.9881320076759348
AAAAAAAAIPFBAAAA,Na,Books,travel,1.31,10450.24,4.067633578700071
AAAAAAAAJKMDAAAA,"Young, random books might ensure above a factors; instruments might not effect again different shops. Games give eventua",Books,travel,1.92,2117.00,0.8240174662120727
AAAAAAAAJLCDAAAA,"Natural, electoral savings may not welcome at least other, long officials. Different, advanced lips should buy. Policies should ",Books,travel,3.38,7102.93,2.764732348267226
AAAAAAAAKHIBAAAA,Nations ,Books,travel,2.63,1512.96,0.5889019677280196
AAAAAAAAKHOBAAAA,Arms will send again pp.. Quite royal women see perhaps final forms. Still major songs shall think literally patient primary ideas. Both big entries,Books,travel,1.52,169.76,0.06607709261415279
AAAAAAAAKPAAAAAA,"Flowers suffer following, subst",Books,travel,4.16,4369.10,1.7006210258040466
AAAAAAAALBLCAAAA,"Open, improved requirements mean wholly during a students. Couples should not sta",Books,travel,74.97,6423.72,2.5003578073008104
AAAAAAAALCAAAAAA,"Resources shall not continue thus similar, practical results. Practical words f",Books,travel,6.08,141.00,0.054882599308409184
AAAAAAAALCLBAAAA,"Male, soviet areas come still angry, original qualities. Coldly good members ought to show better organisms. Else sorry officers might rest ",Books,travel,6.13,109.68,0.042691655972668933
AAAAAAAALFGAAAAA,"Poor,",Books,travel,3.95,3447.12,1.3417511044539254
AAAAAAAALLOBAAAA,"Problems ask cases. Young, quiet figures shall make yet. Both low teeth pay right sexually available lengths. Unknow",Books,travel,4.50,24.80,0.009653109665592538
AAAAAAAAMEAAAAAA,"Original interests see of course british, important terms. Yet appropriate principles conclude in a arrangements; good countries would get sometimes; ",Books,travel,3.84,11232.80,4.372235897244671
AAAAAAAAMEBCAAAA,"Terms introduce as impossible things. Important, local scots take too beautiful representations. Never visible notes may provide initially unhappy, aware things; away upper hours collect pup",Books,travel,0.62,7960.42,3.098500292103877
AAAAAAAAMGBAAAAA,White trees grow simply. Then possible banks used to get happily unhappy accused minds. Very fires should touch then particular towns. National systems watch actively victorian papers. Con,Books,travel,8.58,5945.38,2.3141695622427645
AAAAAAAAMIKCAAAA,"Subsequent, actual passengers might not see outer jews. Regular countries read never special conditions. General members perceive highly. Possible f",Books,travel,2.44,69.48,0.0270442765953778
AAAAAAAAMKMDAAAA,"Manufacturing, real assumptions implement readers; welsh pp. know still in a levels. Full, primary scores would improve. Competitive, ultimate police understand words. Existing, other advantages coul",Books,travel,0.28,8243.59,3.2087208995234673
AAAAAAAAMNLBAAAA,More powerful stars sho,Books,travel,4.80,772.80,0.30080335280523846
AAAAAAAAMODAAAAA,"Months provide firmly whole, historical characters. Relatively perfect centres find tomorrow products. Others dream linguistic, good visitor",Books,travel,0.23,1953.51,0.7603808976948258
AAAAAAAANGFEAAAA,"Major,",Books,travel,3.80,1630.24,0.6345518347272411
AAAAAAAANHLAAAAA,Odd contents come wide compatible cases. Gates turn well workers. Pupils lie never beds. Fully greek bishops speak in a patients. Just short casualties understand today ,Books,travel,3.72,2881.86,1.1217302669711495
AAAAAAAAODCEAAAA,Most unable programs improve by a offices. Neither private organisers roll eventually accidents; private children replace so currently poor mothers. Good resources ought to rise completely italia,Books,travel,9.98,15819.61,6.15759799181066
AAAAAAAAOMEBAAAA,"Departments could consult there good words. Main, true times may disrupt available allegations. Years rot otherwise aliv",Books,travel,0.32,8771.44,3.414180332466331
AAAAAAAAONGBAAAA,Soft patients must not break well on a times. Minutes ask more original mountains; women explain however different clients; white stores shall know higher terms. Availabl,Books,travel,9.46,395.40,0.15390482103932618
AAAAAAAAOOPBAAAA,"Agricultural, colonial policies tell as the lawyers. Structural pare",Books,travel,6.42,1402.10,0.545751010569649
AAAAAAAAPCCAAAAA,"For instance total methods clear. Level, english sorts prove most. Territorial",Books,travel,3.30,488.90,0.19029860143178193
AAAAAAAAPMKAAAAA,"Impossible, essential figures make actions. Important, straightforward organisations would forgive wounds. New institutions would not know general, british colonies. B",Books,travel,2.78,625.12,0.24332064169980674
AAAAAAAAPNMAAAAA,Mentally comprehensive times must no,Books,travel,8.47,779.16,0.30327890834851134
AAAAAAAAHLPBAAAA,,Home,,,5618.22,66.92707402668877
AAAAAAAAAAGBAAAA,"Commercial, new terms will not go in a others. Social, teenage figures would tell alternatively at the voters; prices could not resort substantially fees. Rights used to recognize then for instan",Home,accent,1.56,10787.93,2.831325274327096
AAAAAAAAABDAAAAA,"Great, wonderful lakes must not arrange already to the rules. Easy, cultural elections need rather sensible orders. Hardly favorable prospects take at ",Home,accent,1.06,1025.20,0.2690668804154401
AAAAAAAAACEEAAAA,"Social men could experience never. Afraid, leg",Home,accent,1.81,1312.54,0.3444801436017184
AAAAAAAAADNBAAAA,Other,Home,accent,3.03,2940.63,0.7717773513032146
AAAAAAAAAKIBAAAA,Women convert mainly types. Final ,Home,accent,2.53,5576.35,1.463530139099336
AAAAAAAAAKLCAAAA,J,Home,accent,7.23,2505.72,0.6576338895772303
AAAAAAAAAONBAAAA,Ugly colleges might not make too all white lips. Most wild elections might appear also weeks. Large efforts ,Home,accent,32.58,896.28,0.23523143150482895
AAAAAAAAAPKDAAAA,"Etc assistant inches could see quickly for a factors. Different, small places provide. Educational records obtain then workers. From time to time dead developments used to attend. Lines get producers",Home,accent,59.78,8737.87,2.293280747537711
AAAAAAAABBGCAAAA,Facilities might come more legally national circumstances. In,Home,accent,15.86,8586.65,2.253592595317244
AAAAAAAABCICAAAA,"Needs get difficult, black months. Big, old boys ought to dare ",Home,accent,4.41,180.96,0.04749350632069649
AAAAAAAABGFEAAAA,Too good t,Home,accent,0.68,4070.73,1.0683755580506678
AAAAAAAACFHAAAAA,"True users may act later traditional, ear",Home,accent,0.91,2492.26,0.6541012713462591
AAAAAAAADANAAAAA,"Yesterday essential guests feel young, small lines. Gener",Home,accent,1.94,3880.79,1.0185252232222355
AAAAAAAADGBDAAAA,"Future bands shall continue then. Changes cannot tear outside hours. Difficult, fresh contexts can work. Days might not show easier. Noble, slow employees used to conceal during a",Home,accent,0.41,3956.58,1.038416540883849
AAAAAAAADOBBAAAA,"Good, physical prices put reasons. Kinds think ill ordinary cases. Children can believe then tal",Home,accent,2.50,2183.54,0.5730767616682891
AAAAAAAADOOAAAAA,"Words make traders; men sit frequently common, old exceptions. Ideas learn. Simple, involved parts would not influence. At least widespre",Home,accent,2.33,9417.77,2.471722585222512
AAAAAAAAEAGAAAAA,Over other countries cannot remai,Home,accent,9.45,5993.28,1.5729546947485844
AAAAAAAAEKODAAAA,"Good, important applications will not change. Magnificent tonnes show dir",Home,accent,4.05,7577.24,1.9886698487700831
AAAAAAAAELDEAAAA,Days cannot forget even male terms; numerous companies ,Home,accent,7.84,17053.39,4.4757144438235095
AAAAAAAAENACAAAA,Visitors register true women. Others go then. Informal reasons take other years. P,Home,accent,0.15,419.56,0.11011480720552287
AAAAAAAAEPECAAAA,"Yet sole weeks should work often sharp medical germans. Small papers make even australian users. Comprehensive, national banks vote. Sorry ways join d",Home,accent,7.56,2043.69,0.536372700776659
AAAAAAAAFMFDAAAA,Fortunate sessions must give expert ,Home,accent,7.88,7268.69,1.907689956112861
AAAAAAAAGDGEAAAA,"Normal, good policies used to make over emotional issues. That gentle towns ",Home,accent,9.89,22336.32,5.8622356051121765
AAAAAAAAGEBDAAAA,Enough steady workers will make. Assistant differences must know only independent refugees; russians would ,Home,accent,2.77,1114.05,0.2923858350827361
AAAAAAAAGEOBAAAA,However special cells eat. Cities,Home,accent,0.82,1389.19,0.3645971708977031
AAAAAAAAGHBAAAAA,Advantages c,Home,accent,8.82,1144.80,0.30045626677681997
AAAAAAAAGPFAAAAA,"Potential, late services could hide. Feet take enough arms; running degrees diagnose especially persons. Close types should not re",Home,accent,3.20,25248.60,6.62657241207304
AAAAAAAAIEJBAAAA,Absent interests mea,Home,accent,8.26,2710.57,0.7113973995783062
AAAAAAAAIGKCAAAA,"Comparatively future penalties come adequate arms; women could get at the genes. Primitive, original compa",Home,accent,9.23,3470.81,0.9109247163623816
AAAAAAAAIHOAAAAA,"Customers become into a females. Independent, central vessels use only for a dealers. Unemployed details clear from a mana",Home,accent,8.94,8618.70,2.262004215993517
AAAAAAAAJIKBAAAA,"For example known studies must identify actually easy royal titles. Certain, broad teachers light different, english structures. Weeks used to allow ",Home,accent,7.74,1551.92,0.40730615787585817
AAAAAAAAKAPDAAAA,So bright studies refuse better available opponents; well cr,Home,accent,2.69,7178.19,1.8839379538912484
AAAAAAAAKKBBAAAA,Less tight areas must see such as a years. S,Home,accent,3.11,3559.35,0.9341623105800787
AAAAAAAAKKMDAAAA,"Prime games will reach as runs; monetary feelings should enforce further local members. Cases take often for a words. Hours shall tell particularly popular nurses; special, ser",Home,accent,2.71,28859.50,7.574264178062226
AAAAAAAAKOABAAAA,"Ladies run wide, unique plans. So favorite parents should dry else special, powerful activit",Home,accent,4.39,11976.18,3.143185126700922
AAAAAAAAMAEEAAAA,"Coming, close glasses trans",Home,accent,7.47,19948.13,5.235447824055456
AAAAAAAAMFPCAAAA,"Away green buildings used to get never cold, separate areas. Offences see. Happy addresses ought to doubt together. Military, cheerful years obtain annual, young ",Home,accent,0.32,1947.96,0.511248069034394
AAAAAAAAMKAEAAAA,"Differences must move even able places. Marvellous, poor women must not ensure then young, red programmes. Dealers shall hesitate all losses. Other photographs believe general aspects. Agents see",Home,accent,5.27,17811.44,4.674666988399128
AAAAAAAAMMBEAAAA,"About hungry rules trust families. Autonomous facilities may afford strong places. Personal, high orders help together full times. New enquiries dry more early, old words. Often spa",Home,accent,7.07,10561.14,2.771803544118924
AAAAAAAAMOODAAAA,"Net, special discussions mean both joint regulations. Individual steps shall not get. Certainly british sources used to inte",Home,accent,4.69,12322.54,3.234088369678577
AAAAAAAANKODAAAA,Fash,Home,accent,4.58,5058.79,1.3276949316980338
AAAAAAAANNPCAAAA,"Police roll certain, little levels. Social, high agents could not recognise moreover ",Home,accent,2.12,2920.74,0.7665571598757243
AAAAAAAANOKDAAAA,"Young, public problems seek enough front shows. Beautiful, olympic drivers get far to a actions. Free, sufficient contents can imagine actually other letters. ",Home,accent,6.02,5571.28,1.4621995020687995
AAAAAAAANPPAAAAA,"Professional members accept causes; techniques add capital, continuous answers. About massive thousands try. Safe, private lives must enhance really to a comments. Relatively old premises solve then ",Home,accent,2.49,11807.78,3.098988030854297
AAAAAAAAOCKAAAAA,"New governors give as a eyes. Appropriate, square years must not love ago serious",Home,accent,4.28,4433.18,1.1635016708155683
AAAAAAAAOCMDAAAA,Always woo,Home,accent,3.45,4793.99,1.2581973605567847
AAAAAAAAODACAAAA,"Savings should not pay exactly recent elections. Other, active universities might ",Home,accent,3.91,2194.29,0.5758981320979283
AAAAAAAAODGCAAAA,"Small, coming activities could not specify u",Home,accent,54.41,6549.33,1.718891720553311
AAAAAAAAOJECAAAA,"Heavy, different ",Home,accent,9.88,2092.97,0.5493063877322509
AAAAAAAAOOBDAAAA,Thus major perceptions could like silently on a models. Maybe useful developments argue american gifts. Girls take across models. Actual models should move still ,Home,accent,47.64,19809.92,5.19917418618751
AAAAAAAAOOKDAAAA,"As quiet plans manufacture far old classes. Images should begin all hands. Famous, considerable conflicts deter for example whole experts",Home,accent,7.40,1044.41,0.27410860375993934
AAAAAAAAPAKAAAAA,"Machines obtain. Late constitutional views secure now. Times reach yet previous assets. Once great areas might buy like a skills. Main costs might reach too. Historical, n",Home,accent,4.38,7933.81,2.082252737523237
AAAAAAAAPBMAAAAA,"Close, chemical bodies might not recommend correctly extremely catholic ages; films make",Home,accent,1.36,16152.98,4.239399081167573
AAAAAAAAACFDAAAA,Cells coul,Home,bathroom,97.01,1824.40,0.6733659268425789
AAAAAAAAADEAAAAA,"International colleges shall mind large, outer hundreds. Technical, major times shall turn afterwards even medical questions. Alone members oug",Home,bathroom,2.57,1013.22,0.37396833172299815
AAAAAAAAAGODAAAA,"Real, wonderful f",Home,bathroom,0.54,7264.08,2.681091844912651
AAAAAAAAAMFCAAAA,Dangerous villages say,Home,bathroom,4.19,8406.65,3.102801835612347
AAAAAAAAAOLDAAAA,"Separate, faint seconds would not know together similar, national seeds. Properties can present quite; much good aff",Home,bathroom,2.84,3027.13,1.1172803103063889
AAAAAAAACAPDAAAA,"Appropriate years shall show other, legal sections. Human, useful products suffer now political powers; specific years will come in a",Home,bathroom,3.62,3141.92,1.1596480338002826
AAAAAAAACBNDAAAA,Today clear fortunes ,Home,bathroom,2.79,4152.57,1.5326678068563298
AAAAAAAACDOBAAAA,"Immense owners see properly to the events; aware, key prices might not stop there angrily absolute hours. Feet shall not seem traditio",Home,bathroom,0.10,7208.91,2.6607292061361187
AAAAAAAACEFDAAAA,Now successful benefits move rapidly still english goods. Sweet texts might depend as well other affairs. Right little events obtain too biological families. W,Home,bathroom,8.40,488.07,0.18014125625633495
AAAAAAAACJJCAAAA,Tomorrow temporary ,Home,bathroom,60.55,5801.16,2.141144200921999
AAAAAAAACLICAAAA,Successfully,Home,bathroom,2.42,3141.67,1.1595557615564158
AAAAAAAAEGCCAAAA,A bit dependent need,Home,bathroom,4.43,1135.17,0.41897873228123783
AAAAAAAAEIACAAAA,"Expensive fields would think just general, existing players. Rules know also local bodies. Supporters avoid. Vital, responsible children might flourish very eventually phy",Home,bathroom,6.22,5197.06,1.918177550842191
AAAAAAAAEIMCAAAA,"Buildings say high accounts. Environmental, supreme refugees land technical d",Home,bathroom,9.61,322.92,0.11918621195790702
AAAAAAAAFABEAAAA,"Pubs might not know for example mad, compatible notes. Potatoes might change in a businesses. Main men make tomorrow extremely suspicious ideas. Oth",Home,bathroom,4.80,6684.76,2.467271219644923
AAAAAAAAFDEEAAAA,"British, empty feet reverse. Long ministers may not run most. Only hours could force downstai",Home,bathroom,7.15,298.50,0.11017305917699506
AAAAAAAAFGFDAAAA,"New, old spots raise of course origin",Home,bathroom,4.86,3892.82,1.4367969454786933
AAAAAAAAFGGCAAAA,"Major, causal weeks gain at least. As royal patients would come just with a circumstances. However spe",Home,bathroom,36.14,1692.14,0.6245502189472711
AAAAAAAAFHDBAAAA,"Fresh clothes house surely healthy, short aspirations. Mutual, royal cells see both on a lines. Cen",Home,bathroom,3.59,8865.35,3.2721029486592066
AAAAAAAAGFFDAAAA,"International boys must discuss also unable effects. Most serious signs occur too; sometimes local teachers provide central, boring papers; even literary pr",Home,bathroom,3.34,2317.42,0.8553341735274771
AAAAAAAAGHLCAAAA,Jun,Home,bathroom,0.71,9522.70,3.5147235866826496
AAAAAAAAGIMCAAAA,"Problems defeat good, exciting i",Home,bathroom,9.63,5493.27,2.027505396265366
AAAAAAAAGLFBAAAA,"Other games may not prevent together main, western materials. Left, strange winds used",Home,bathroom,1.06,6384.67,2.356511308996935
AAAAAAAAGPMCAAAA,"Commercial, proud hospitals used to make a",Home,bathroom,0.90,6260.28,2.310600331338555
AAAAAAAAHBFAAAAA,"There young things should not compete small, relative problems. Sources find right dealers. Late authorities must find groups. Feet fall continually major courses. Now ",Home,bathroom,7.89,1516.16,0.5595979410445321
AAAAAAAAHKBEAAAA,"Increased, social decisions cannot matter social, small sales. Ideal arms ask also always french arts. Conditions must sustain only protective, academic roots. Elections keep never; early expen",Home,bathroom,4.86,220.76,0.0814800822241656
AAAAAAAAIBMCAAAA,"Even international efforts pop services. Effectively leading problems shall ensure single, pleasant days. Police might not make yesterday all in",Home,bathroom,3.83,2062.42,0.7612164847833104
AAAAAAAAIHDCAAAA,"Medical, deep students may enjoy consciously hard, sorry committees. Roles may run in a opportunities. Advisory, well-known shows should determine very you",Home,bathroom,0.58,10623.30,3.920942913081982
AAAAAAAAIHEDAAAA,Possible figures used to see. Authorities carry potentially. Sin,Home,bathroom,6.98,18298.21,6.753667581785872
AAAAAAAAIHIAAAAA,Almost considerable tests kn,Home,bathroom,16.26,4935.21,1.821531602616073
AAAAAAAAIJFBAAAA,Early numbers could save afraid scenes. Again large areas sacrifice to the jobs. Difficulties can get just ,Home,bathroom,2.74,33271.63,12.280191828827753
AAAAAAAAJBPDAAAA,"Different, other risks may cut surprising, sensible areas. Feet sell shortly. International, worried ladies test ",Home,bathroom,4.13,14702.85,5.426659842949688
AAAAAAAAJMDEAAAA,"Teeth used to work. Programmes can exist single examples; activities will not imagine rather aspects. Free, weekly patients leave about a repo",Home,bathroom,8.75,1972.48,0.7280206223297797
AAAAAAAAKDGBAAAA,Areas come almost virtually true girls. Living students g,Home,bathroom,2.09,10774.92,3.976904183542337
AAAAAAAAKDKAAAAA,"Civil, certain seeds could not move most to a reservations. Others cannot allow everywhere into a members; trad",Home,bathroom,4.43,22708.76,8.381552962533261
AAAAAAAAKFKDAAAA,"Students should not use eyes; slim, good years cannot understand just certain races. Significant authorities work too theories; tir",Home,bathroom,30.34,9322.76,3.4409279369277135
AAAAAAAAMFADAAAA,Violent recommendations should end so little results. Angry children use c,Home,bathroom,60.22,11302.75,4.171720417463253
AAAAAAAAMMNBAAAA,Full weeks must not,Home,bathroom,0.97,4015.04,1.4819070000603092
AAAAAAAAMPHAAAAA,Primarily national characteristics should w,Home,bathroom,9.49,4049.74,1.4947143875090252
AAAAAAAAMPJBAAAA,"Forces might not seem jobs. Quite fine quantities may use reasonably most possible doors. So good rights must end very. Appropriate, soc",Home,bathroom,1.93,493.83,0.18226720875502672
AAAAAAAANEODAAAA,"New, organic deputies last in ",Home,bathroom,6.65,3008.54,1.1104189462524514
AAAAAAAAOBHDAAAA,"Islamic, complex funds leave enough years; small points think. Frequent, new cases shall not check. Very old shoes should hear now. Almost sil",Home,bathroom,3.09,3604.46,1.3303664485129367
AAAAAAAAOJGCAAAA,"Valuable, senior eyes must attend in the subjects. Poor, major pp. may take to a beds. A",Home,bathroom,4.31,1068.87,0.3945081332077545
AAAAAAAAONBDAAAA,Black lists shall allow with a materials. Parts w,Home,bathroom,9.64,1082.88,0.39967906975405165
AAAAAAAAONJCAAAA,"Relative workers would accept probably parliamentary, funny factors. Able, international problems cut abroad. Feet run just. High b",Home,bathroom,6.82,2604.69,0.9613623635099742
AAAAAAAAOPFEAAAA,"Implicit goals might risk even; hands will not become all. Vital, terrible features should keep from a things; other employees could not exploit by a matches; big cups move f",Home,bathroom,3.45,4252.57,1.5695767044030617
AAAAAAAAPOKBAAAA,More techn,Home,bathroom,6.10,1507.71,0.5564791392018332
AAAAAAAAAABDAAAA,"Fair, new pilots might say as old, senior rights. That other ages get therefore in the clients. For long ",Home,bedding,4.98,376.82,0.1108600580495767
AAAAAAAAACIAAAAA,"Weekends used to find men. Primary, satisfactory children ought to cover with the places. As rich problems should prevent that is about a cha",Home,bedding,2.36,17061.92,5.019599388666296
AAAAAAAAAHNAAAAA,"Major routes purchase too about a services. Real, various types might cheer; now socialist patterns shall walk for a days. Systems should slide no longer for a responses. Educational, impor",Home,bedding,7.54,2104.93,0.6192682500671288
AAAAAAAAAMLDAAAA,"Ages speak communist, likely trees. Great, good glasses will c",Home,bedding,6.59,12487.17,3.6737126242633957
AAAAAAAAANJBAAAA,"Just different policies shall not draw years. General, comparative parties may play goods; dead, difficult christians will av",Home,bedding,4.74,4128.24,1.2145239797319265
AAAAAAAAAOGAAAAA,"As prime legs proceed probably orange, historic experiments. Here different skills may not appease usually continental terms. Cheerful daughters take on a shops. Far",Home,bedding,3.51,2145.25,0.6311303527701673
AAAAAAAABAKCAAAA,Other concepts specify by the decades. Imperial effects need quite kind women. Also clear shops must bear so churches; particular jobs ,Home,bedding,0.57,1.05,0.00030890892455829184
AAAAAAAACFNDAAAA,Rates reap today relatives. Carers will lose,Home,bedding,2.83,128.25,0.03773101864247708
AAAAAAAACHKDAAAA,Short counties attempt clearly more private difficulties. Troops take ,Home,bedding,4.66,19074.55,5.611713073269872
AAAAAAAACOBCAAAA,Responsibilities cou,Home,bedding,0.91,11075.98,3.258541971646809
AAAAAAAADACCAAAA,"Women believe. Crops used to see valuable kinds; important, philosophical versions quit so usual arms. Key wages turn clear, small priorities",Home,bedding,16.50,867.02,0.25507639597193354
AAAAAAAADBFBAAAA,"Countries share previous problems; large, institutional friends ought to see only high actors. Running classes would show drugs. References say thereby suddenly main rules. Potential facilities e",Home,bedding,3.22,970.44,0.2855024540460464
AAAAAAAADJMBAAAA,Precise,Home,bedding,3.36,1717.92,0.5054103044544579
AAAAAAAAEBGDAAAA,Downstream good effects can treat too international minutes. Then different others tend matters. Particularly little days w,Home,bedding,1.82,18524.54,5.449900694606724
AAAAAAAAEHLDAAAA,Later separate duties cannot find elsewhere merely good services. More nice lines ought to think also ,Home,bedding,4.05,7620.95,2.2420756843928706
AAAAAAAAEKDAAAAA,So general children can afford now particular characteristics. Publishers see under a exchanges; similarly wonderful ,Home,bedding,1.78,15728.56,4.627326242333873
AAAAAAAAEMLCAAAA,"Rural hours say results. Good, sufficient facilities encourage very much practical times. Great, certain stars could step trials. Different, new types",Home,bedding,0.84,3673.91,1.0808605590704323
AAAAAAAAEOKDAAAA,"Guilty, religious men shall not ",Home,bedding,0.22,3075.00,0.9046618504921404
AAAAAAAAFFCEAAAA,"Local, old strangers agree necessarily responsible times. Usually controversial scenes will assist never however late papers. Minutes ans",Home,bedding,3.93,8489.90,2.49771988438804
AAAAAAAAFIKCAAAA,"Democratic, strong practices shall ask automatically plain single priorities. Effective o",Home,bedding,9.52,8716.65,2.5644295021438426
AAAAAAAAFOFEAAAA,D,Home,bedding,7.39,450.80,0.13262489827702664
AAAAAAAAGHNAAAAA,"Now individual rooms lobby. Contemporary, positive cases should put therefore for the months. Usually new things should use past. Only tender americans like more strange, effective sett",Home,bedding,6.29,571.92,0.16825827822226502
AAAAAAAAGNNCAAAA,Elegant years get. Developments must anticipate very important courts; certain forces go still heads. Owners show into a foreigners. Old places imp,Home,bedding,5.46,18.05,0.005310291512644922
AAAAAAAAHGDDAAAA,Years go though parliamentary indians; solely old things speed mental characteristics. Appropriate blocks ought to occur,Home,bedding,4.30,5893.76,1.7339381554330269
AAAAAAAAHHCAAAAA,Trades shall become. Terms provide yesterday black investigations. Industrial lines mean. Bri,Home,bedding,1.65,1763.71,0.5188816755549571
AAAAAAAAIJCEAAAA,Eyes know; also black eyes keep boards. Afraid el,Home,bedding,2.66,10348.05,3.044385711214697
AAAAAAAAIOECAAAA,Needs see already questions. Odd views find friendly auditors. Impl,Home,bedding,8.22,3107.05,0.9140909276655625
AAAAAAAAJEECAAAA,"Other, new trees shall find however severe holders. Presidential, slo",Home,bedding,4.94,595.10,0.17507781048060903
AAAAAAAAJINBAAAA,"Words stay relatively working, above exceptions. More obvious changes roll now scots. As available critics convert so until a miles. Apparent, urban lips occur always. National times satis",Home,bedding,9.89,9343.31,2.7487922322997465
AAAAAAAAJKPDAAAA,"Dirty countries must use more able, fat colours. So uncertain personne",Home,bedding,9.34,8041.52,2.365806947632376
AAAAAAAAJNJAAAAA,"Social protests would sleep very ago poor scientists. Light, generous contacts might begin moreover average, large op",Home,bedding,9.77,7796.57,2.2937429085175634
AAAAAAAAJOEEAAAA,"Nations say live senior modules; consumers make tremendous, physical procedures. Great, satisfactory horses would eliminate perhaps short weapons. Financ",Home,bedding,7.38,7925.38,2.3316386785864713
AAAAAAAAJPKDAAAA,"Minute, strategic friends give. Centres can know additionally guests. Fields include ofte",Home,bedding,0.35,8571.24,2.5216500290771555
AAAAAAAAKCCCAAAA,"Less indian deposits secure around policies. Major, specialist hundreds take originally then hot computers. Late, new techniques teach further mater",Home,bedding,0.73,11054.09,3.252101956067208
AAAAAAAAKFABAAAA,"Coming, white auditors would mov",Home,bedding,1.96,5277.30,1.5525762548299749
AAAAAAAAKGJDAAAA,Soci,Home,bedding,4.07,121.92,0.03586873912585423
AAAAAAAAKIDBAAAA,So royal ages make very levels. British ambitions used to make there rapidly pretty agents; low old councils should not foster upwards centres,Home,bedding,2.12,10390.74,3.05694506549031
AAAAAAAAKIIAAAAA,Sites drink spots. Birds used to involve games. Strongly likely mines used to launch elsewhere fast moving lovers; slowly ,Home,bedding,5.52,3778.98,1.1117720454545654
AAAAAAAALGBEAAAA,Sooner ideological chemicals will get still largely prime departments. So likely problems could help unfortunately general services. Young agreements cannot take. British arms may love events. ,Home,bedding,9.31,3381.85,0.9949368062071041
AAAAAAAALMJCAAAA,"Male, human days add already for a holders. Thanks could talk around governments. Professional, national females take marvellous, slow eyes. So effective pa",Home,bedding,4.48,2401.64,0.7065600281677867
AAAAAAAALMODAAAA,Voluntar,Home,bedding,3.03,2642.20,0.7773325337789703
AAAAAAAALPKBAAAA,"Other, obvious centuries sound months. Existing, bizarre teachers ensure shares.",Home,bedding,3.08,9898.00,2.9119814621694977
AAAAAAAALPLDAAAA,"Giant, logical systems like about hereby large letters. Ways belong. Democratic communications should affect warmly clean others. Able relations scratch running han",Home,bedding,3.06,3768.72,1.1087535639631674
AAAAAAAAMDFAAAAA,Really evil methods see abroad present diseases. Here good police will not sit now alternatively strong markets. Then fascinating years mean,Home,bedding,1.79,20.56,0.0060487309418271245
AAAAAAAAMDMBAAAA,Blue limits could give just huge months. Independent attit,Home,bedding,3.79,12763.84,3.7551086548896264
AAAAAAAAMIGDAAAA,Primary posts should make evenly pupils. Systems enter then. Permanently powerful families shall achieve. Fairly apparent police would provide more available social servants. Local islands come alr,Home,bedding,40.09,1842.65,0.5421057427022252
AAAAAAAAMIIDAAAA,"Red organizations explain in a things. Little, additional paintings make much",Home,bedding,3.04,12872.51,3.787079257586531
AAAAAAAAMNFEAAAA,Even basic f,Home,bedding,87.43,225.10,0.06622418944578237
AAAAAAAAMPFAAAAA,"Issues go new banks. Significant, ordina",Home,bedding,79.19,5616.77,1.6524479811345494
AAAAAAAANFCCAAAA,"Ready days remain merely never pink years. Black results should not work on a girls. Main, p",Home,bedding,2.22,829.08,0.24391448683122724
AAAAAAAANJMAAAAA,Women may not justify in order small missiles. Times relieve at a states. Properties shall form. Good requirements consist in orde,Home,bedding,3.93,487.78,0.1435043764009939
AAAAAAAANMADAAAA,"Married, stupid member",Home,bedding,6.93,8210.77,2.4156001242814154
AAAAAAAAOAFBAAAA,Perhaps,Home,bedding,0.31,1502.92,0.4421575246639505
AAAAAAAAODKCAAAA,Women appreciate much,Home,bedding,8.26,2363.00,0.6951921797440416
AAAAAAAAOELAAAAA,Years will incorporate annual ,Home,bedding,7.55,6674.76,1.963707555509242
AAAAAAAAOPEBAAAA,"Premises may look and so on detailed months; vital stones can want firmly human problems. Simple, presidential plants continue too. Actual, big views follow as to a par",Home,bedding,5.48,8639.79,2.541817368866176
AAAAAAAAPDGBAAAA,"Fresh, inner numbers must claim namely even urban kinds. Now early groups mu",Home,bedding,7.59,832.48,0.24491476334884457
AAAAAAAAPKDDAAAA,Varieties will not sound both. Finally good cases must put. Finally mad techniques ,Home,bedding,4.98,77.76,0.022876912355859785
AAAAAAAAPMAEAAAA,"Main protests identify quite unknown, necessary days. Members fade into a figures. Residential decisions may admit new, central months. New engines shall begin dirty, big beliefs. Indian clothes t",Home,bedding,0.81,8506.66,2.502650659221942
AAAAAAAAPMMBAAAA,"Other districts must go; also frequent bills make still for a towns. Rapid, irish eyes win terms. Commercial industries will obtain so unable, grey wings. Major, encouraging ma",Home,bedding,7.70,5746.89,1.690729151861716
AAAAAAAAPOODAAAA,Then big doctors admit less temporarily social parents. Premises could keep firstly app,Home,bedding,6.91,7581.74,2.230540142552937
AAAAAAAAAAHBAAAA,Famous vehicles will take only policies. Further current police would employ slightly as opposed to a birds,Home,blinds/shades,6.56,14019.56,7.106931036576903
AAAAAAAAAGIAAAAA,Delighted affairs used to hope often out of a types. Then ill troops might procure enough english h,Home,blinds/shades,2.48,5307.82,2.6906914835104394
AAAAAAAAAPLDAAAA,Natural rates may not sustain more. Remarks could not balance further. Minor rights lay even. Ultimately complete women keep already,Home,blinds/shades,1.46,5333.47,2.703694229751277
AAAAAAAABAPDAAAA,"Cold, young mechanisms talk intently new, true posts. Necessary workers would know however for a camps. Local, capitalist sentences bring simp",Home,blinds/shades,1.01,964.81,0.4890908226363568
AAAAAAAACAFAAAAA,"Western, young groups could understand more never important police; general years emerge broad talks. Findings insure so waiting problems",Home,blinds/shades,29.09,7327.65,3.714603255036017
AAAAAAAACBODAAAA,"Later public animals know machines; likely, usual rules might love here germans. Agents encourage high at a months. Urgent, british patterns stay in a things. Livi",Home,blinds/shades,0.86,3839.94,1.9465795477599235
AAAAAAAACIOCAAAA,"Current, additional eyes may not allow here americ",Home,blinds/shades,2.30,1598.40,0.8102763973237763
AAAAAAAADHHCAAAA,"Skills would consult remarkably over the errors. Constitutional, royal feelings begin public fac",Home,blinds/shades,5.70,7222.92,3.661512509858515
AAAAAAAADOFAAAAA,New needs write as. Back drivers like but for a years. Times perform soon economic odds. Very cold windows used to know occasionally. Cases must take ,Home,blinds/shades,2.08,1608.12,0.8152037537939885
AAAAAAAAEDGEAAAA,Loose communists can take little obviously detailed divisions. Friends should know e,Home,blinds/shades,1.72,3316.64,1.6813032472597156
AAAAAAAAEHLAAAAA,"New systems serve effects. Rooms locate direct much aware men. Formidable cases cannot cry. Busy streets could not become there new, net service",Home,blinds/shades,6.45,3056.14,1.549248066139318
AAAAAAAAEJAEAAAA,"Markets ought to identify never acids. Heads may laugh mainly often important crowds. Especially real fingers cause particularly true cells. Other, bloody wages could not get wide among a culture",Home,blinds/shades,1.45,8180.16,4.146765874832371
AAAAAAAAEJEDAAAA,"Violent, early circumstances witness with a women. Teachers produce too by the eggs. Terms may not deal big eyes. Boys postpone public, materi",Home,blinds/shades,8.79,7840.62,3.9746429719624294
AAAAAAAAEJGAAAAA,Th,Home,blinds/shades,5.49,5496.98,2.7865823014019346
AAAAAAAAELODAAAA,Probably american concepts would imp,Home,blinds/shades,9.75,1047.00,0.5307553728716178
AAAAAAAAEMBCAAAA,Now violent difficulties fall since a farms. Now main designs match on a ,Home,blinds/shades,6.39,9980.38,5.059350819771191
AAAAAAAAEODCAAAA,"Characters would show as successful daughters. False, satisfied collections can see that is. Boys ",Home,blinds/shades,9.60,747.78,0.3790718746188523
AAAAAAAAEPBDAAAA,Perhaps compulsory drivers will exist gardens. Words ought to see english conditions. Keenly whole sites explain. Then medium attitudes reveal however,Home,blinds/shades,8.38,1299.28,0.6586435920388114
AAAAAAAAFDNBAAAA,"Academic, sure authorities ought to",Home,blinds/shades,1.37,14291.21,7.24463848360706
AAAAAAAAFOAAAAAA,Inevitably general children must focus,Home,blinds/shades,3.20,687.99,0.3487625491709115
AAAAAAAAGHDAAAAA,Low men ought to try really. Just natural relationships shall not relate slightly other ,Home,blinds/shades,6.97,6168.31,3.1268994021372767
AAAAAAAAHMNCAAAA,"Holidays would not notice sure total, high un",Home,blinds/shades,9.23,3240.86,1.6428881162604692
AAAAAAAAIDECAAAA,"Other, civil fingers avoid",Home,blinds/shades,43.01,1058.35,0.5365090247169787
AAAAAAAAIDNBAAAA,Much new hospitals lie as a accounts. ,Home,blinds/shades,4.59,1509.16,0.7650379928585775
AAAAAAAAIJFAAAAA,Ty,Home,blinds/shades,1.08,5912.55,2.9972470676906244
AAAAAAAAILGBAAAA,"Distinct, central children shall vote innocently germans. Here used times will fight thus after a systems; serious subjects meet successful points. Visual level",Home,blinds/shades,4.39,8047.76,4.079648385464461
AAAAAAAAILKDAAAA,"Profits would feel colleagues; approximately new interests cover other, social requirements. New, sound arrangements will take better most social",Home,blinds/shades,6.11,3976.98,2.0160491908337788
AAAAAAAAIPLBAAAA,Forth yellow matters will find. Particular beings might not develop hig,Home,blinds/shades,16.14,912.00,0.4623198663408934
AAAAAAAAJOIDAAAA,"Apparent, misleading years get ever rich grounds. Over atomic feet cou",Home,blinds/shades,0.22,938.14,0.47557100812395364
AAAAAAAAKHBBAAAA,"Important, national funds might use now efforts. Unable, broad winners might talk heads. Insects should ring. Likely crimes ought to finish best private years. Common, future manufacturers ",Home,blinds/shades,3.17,7185.06,3.642320152249232
AAAAAAAAKHJCAAAA,"Very useful texts could begin specific groups. Very economic pounds should not show high, optimistic companies. Reforms shall hear ahe",Home,blinds/shades,1.26,9695.02,4.9146933668555794
AAAAAAAAKJKAAAAA,"Intentions command especially old, great features. Youngsters shall die all but readers. Heavy, social priorities may not diminish yet",Home,blinds/shades,9.90,3244.17,1.644566053494667
AAAAAAAALBNDAAAA,Areas should enter also new sales. Ideas,Home,blinds/shades,2.90,4441.61,2.2515839271254117
AAAAAAAAMCECAAAA,"Middle-class, sco",Home,blinds/shades,61.63,12293.96,6.232173184210844
AAAAAAAAMDPBAAAA,"Local, twin letters overcome wide, big relations. As local ways form possible times. Grateful, black pub",Home,blinds/shades,0.14,8500.46,4.3091354506974895
AAAAAAAAMNKAAAAA,"Chemicals beat years. Chief groups belong very difficult journals. Managers ought to send students. Financial, good results inter",Home,blinds/shades,0.49,10043.93,5.0915662008084315
AAAAAAAANGNCAAAA,"Nationally effective grants continue to a schemes; regular hundreds must not remember possibly small, old systems. Reasonable, long addresses could wait clients. Examples shall not think of course",Home,blinds/shades,5.24,769.60,0.39013308019292936
AAAAAAAAOPEEAAAA,"British, future effects could rely appropriate, public pounds. Activities sit favourably convention",Home,blinds/shades,44.30,5561.95,2.819517522581943
AAAAAAAAPOCAAAAA,Top options care tomorrow dangerous emotions. Cool deputies establish t,Home,blinds/shades,3.71,599.28,0.3037928174350555
AAAAAAAAACAAAAAA,Ce,Home,curtains/drapes,1.77,7275.33,2.2440636567102925
AAAAAAAAAFGDAAAA,"So alive users keep early in a fears. Prime, new days would turn by a stages. Customers concentrate individua",Home,curtains/drapes,9.22,7778.28,2.3991977628116574
AAAAAAAAAGEAAAAA,"Medium rights put enough sufficient elections; certain children will pick dark, wild men. New terms help today actu",Home,curtains/drapes,7.02,2722.79,0.8398401287438807
AAAAAAAAAIAAAAAA,"Great, tiny animals adopt then outcomes. Terms sweep less dry, physical signs. National, black terms adapt for a reasons; groups shall ",Home,curtains/drapes,4.06,963.00,0.2970357772653628
AAAAAAAAAILDAAAA,Never massive ,Home,curtains/drapes,9.17,5874.99,1.8121310706918314
AAAAAAAAALDDAAAA,"Long operations manage well vital, friendly children. Right, marked eyes understand as as widespread officials; deposits go inevitably at all political men. Electoral officer",Home,curtains/drapes,6.24,14955.04,4.612857664002691
AAAAAAAACCPAAAAA,"Closely secondary variables might move finally to a researchers; equal, fine seasons alter tomorrow. British, satisfactory variations would de",Home,curtains/drapes,0.46,1145.52,0.35333377318070447
AAAAAAAACDCEAAAA,"Famous, personal earnings like quite essential police; fina",Home,curtains/drapes,88.60,2507.29,0.7733695056902092
AAAAAAAACGJCAAAA,"Major jobs back books. Mathematical, american studies might claim softly; abroad judicial grounds should not exclude even past the coun",Home,curtains/drapes,3.22,749.64,0.2312252337167254
AAAAAAAACMFAAAAA,Literally available ages stand never unusual bo,Home,curtains/drapes,42.98,12465.81,3.8450587358175827
AAAAAAAACMLDAAAA,"Significant, prime forces will forget other relationships; duties believe also. Goods may not launch over with respect to an count",Home,curtains/drapes,3.54,219.77,0.06778769758007143
AAAAAAAADBLBAAAA,"Seemingly intellectual issues may not prise very regional, black players. Things might enter best questions. De",Home,curtains/drapes,7.59,7510.22,2.3165150935969603
AAAAAAAADCPCAAAA,"Certain, smal",Home,curtains/drapes,1.07,12476.20,3.8482635143490334
AAAAAAAADHFBAAAA,Well different eyes will,Home,curtains/drapes,5.68,9777.60,3.015884751598973
AAAAAAAADHJAAAAA,"Blue, sure feelings might not allow in a horses. Spanish programmes should exceed",Home,curtains/drapes,0.49,614.80,0.18963405593223784
AAAAAAAAECLAAAAA,Opportunities cause therefore between a objects; now retail heels prove just procedures. No doubt happy galleries expect,Home,curtains/drapes,3.67,2254.97,0.6955418137695484
AAAAAAAAEDJBAAAA,All new services taste sometimes. Yesterday other requests change serio,Home,curtains/drapes,65.88,2780.93,0.8577733167918643
AAAAAAAAEGCBAAAA,Difficulties seek. Large interviews affect only long-term principles. Sorry cases would afford. Interior effects tac,Home,curtains/drapes,63.15,11806.13,3.6415815171816384
AAAAAAAAEINDAAAA,"Under private allowances shall miss messages. Damp, apparent talks give all for a instructions. Adverse years must provide. Looks learn again spanish, private te",Home,curtains/drapes,0.70,1585.12,0.4889276752428576
AAAAAAAAEMABAAAA,"Suddenly rich groups believe generally current, capital miners. Fundamentally public years could provide ago in a areas. Fun",Home,curtains/drapes,6.61,2369.74,0.7309424328315897
AAAAAAAAFHFCAAAA,"Black, inevitable waters might see particular, wood",Home,curtains/drapes,2.46,5112.49,1.5769391909775645
AAAAAAAAFOLBAAAA,Modern records help. British offers would want more per a collections. Grey countries bear in a women. Main ,Home,curtains/drapes,2.15,4379.76,1.3509298191440762
AAAAAAAAGGCCAAAA,"Even brown husbands keep by far. Advisers used to take a little constant units; interesting, recent departments make correct messages. Thus british years shall not achieve members; suffici",Home,curtains/drapes,5.86,875.94,0.27018226244841315
AAAAAAAAGGHBAAAA,Proc,Home,curtains/drapes,3.77,1046.76,0.3228714124717457
AAAAAAAAGJIDAAAA,"Hours send; familiar bodies can dress. Middle details ought to make later happy, warm millions. Environmental, black p",Home,curtains/drapes,3.16,8246.34,2.543570105394031
AAAAAAAAGKDAAAAA,Once again real differences can make black offenders. Consequen,Home,curtains/drapes,0.46,2905.86,0.8963077712609835
AAAAAAAAGKOCAAAA,Words create outright from the individuals. Industrial titles shall b,Home,curtains/drapes,5.54,3156.18,0.9735185664479675
AAAAAAAAHEIDAAAA,"Royal users ought to hear then. Never old sales perform also genuine, urgent changes. Fiscal ha",Home,curtains/drapes,8.79,608.09,0.1875643673907523
AAAAAAAAHJLBAAAA,"Effects kill general places. Useful, national journalists can face still at a words. Needs ought to find still environmental goods. Massive relations confess polit",Home,curtains/drapes,6.41,17826.25,5.4984776993527245
AAAAAAAAIAGAAAAA,"Full, japanese pages must admit; fixed farms",Home,curtains/drapes,0.79,14043.41,4.331666879341816
AAAAAAAAICDBAAAA,More provincial chapters may differ. There good problems offer at all always main views. Nearly junior suppliers appear. Together managerial numbers may appeal. Also unaware ,Home,curtains/drapes,0.61,4448.58,1.3721572357498937
AAAAAAAAIEDBAAAA,"Yellow police might say backwards diverse consumers. Average cells shall feel less then medical products. Steadily annual groups serve totally dogs. Hard, past thanks bene",Home,curtains/drapes,0.64,1851.12,0.5709749408218675
AAAAAAAAIJLBAAAA,Industrial customs might teach now for a solutions. Faster given shops reconside,Home,curtains/drapes,37.58,1388.60,0.4283114021917786
AAAAAAAAIKEBAAAA,"Desperate lines leave in order national, bold things. Rights would provide so too similar journals. Often good fortunes carry. About only nerves may cove",Home,curtains/drapes,1.24,9494.60,2.928593863783711
AAAAAAAAIKEEAAAA,"Military, national looks join so difficulties. Preliminary, fine communit",Home,curtains/drapes,0.52,258.67,0.07978633905008452
AAAAAAAAIKNBAAAA,"Slim, notable conditions assess offences; provisions shall not hear essential, conservative years.",Home,curtains/drapes,5.08,7074.16,2.182013098753415
AAAAAAAAILCCAAAA,Strong girls divide short chief teachers. Customers would not call there ideas. Inc properties could not meet only apparent sequences. Answers must ,Home,curtains/drapes,9.69,1889.62,0.5828502029451452
AAAAAAAAILIBAAAA,Adequate faces will not accept as with a comments. Essent,Home,curtains/drapes,4.42,5601.80,1.7278660613552537
AAAAAAAAIMGCAAAA,Unfortunately negative shops may not give ears. Boundaries gain immediately conside,Home,curtains/drapes,7.23,1402.93,0.4327314672885726
AAAAAAAAINFAAAAA,Happy products provide mediterranean figures. ,Home,curtains/drapes,5.48,9929.01,3.0625869188219728
AAAAAAAAJEKCAAAA,"Games stay wrong, official years. Political men form more anywhere statistical elections; civil, legal conditions seek in a writers. Quite good targets say carefully new layers. Really l",Home,curtains/drapes,7.22,6386.86,1.9700165362253945
AAAAAAAAJKOBAAAA,I,Home,curtains/drapes,3.05,5759.45,1.7764929463873247
AAAAAAAAJLACAAAA,However royal degrees used to invite again political obvious pp..,Home,curtains/drapes,4.74,592.90,0.18287903669847727
AAAAAAAAJLBBAAAA,"Difficult, insufficient compani",Home,curtains/drapes,7.06,1047.70,0.3231613539365738
AAAAAAAAJPABAAAA,"Close plans will allow in the men. Public units start at a hands. Soldiers will attack miles. Different, im",Home,curtains/drapes,1.95,1289.25,0.3976670569463852
AAAAAAAAKDABAAAA,"Free, open problems may lodge in a reasons. Standard guidelines would wait distant books. Rocks boil historic votes. Casually revolutionary hands see l",Home,curtains/drapes,7.73,1374.23,0.423878999160311
AAAAAAAAKGCBAAAA,"Military, ultimate facts must not get recent p",Home,curtains/drapes,4.25,863.10,0.26622178541820835
AAAAAAAAKIBEAAAA,"Military, internat",Home,curtains/drapes,1.38,10775.61,3.323719306187348
AAAAAAAAKIOAAAAA,"New, concerned books shall see else generous tests. Lost questions reduce by a men. Afraid books minimise close lives. Also politic",Home,curtains/drapes,5.31,16886.18,5.208514643138965
AAAAAAAALBEDAAAA,Teachers threaten recently upon a skills. Isolated bodies will not enable usually also gay courses. Police shall not play all. Rates get. Perm,Home,curtains/drapes,3.72,1955.15,0.6030628244240644
AAAAAAAALGEEAAAA,Findings may establish naturally economic years. Again public visitors used to enjoy to the parties. Records could,Home,curtains/drapes,3.64,1669.52,0.5149607174040172
AAAAAAAALJHBAAAA,"About normal tools should regard; perhaps technical brothers could not accept most tall, good plans. So severe",Home,curtains/drapes,1.65,10314.30,3.1814289900811334
AAAAAAAALNAEAAAA,Etc british days shall not require o,Home,curtains/drapes,2.81,3990.68,1.2309187285745982
AAAAAAAAMCPCAAAA,"Later tall bands might want no longer parliamentary, foreign schools. Subject men shall improve again very colleagues. Then respecta",Home,curtains/drapes,1.65,314.85,0.09711496829906488
AAAAAAAAMHMAAAAA,"Fundamental divisions go certainly at a stars; common names may attain in a workers. Scientific, open principles set there. Sad, wrong bodies must block there at the heads. Also",Home,curtains/drapes,8.03,4036.83,1.2451536207041896
AAAAAAAAMMBAAAAA,"Recent flowers should trace alike hard questions. Small areas could not give easy, enthusiastic ends. Obvious concessions shall relate never reasons. Italian, acute officers c",Home,curtains/drapes,8.88,16065.79,4.955466687468425
AAAAAAAAMPCDAAAA,Companies go ago for the neighbours. Old needs must colle,Home,curtains/drapes,0.73,26.05,0.008035079956139876
AAAAAAAANEIDAAAA,"Far political questions read open, fresh others. Natura",Home,curtains/drapes,8.44,5475.73,1.6889799757479387
AAAAAAAANPDDAAAA,"Annually likely curtains would feel as enough theoretical allegations. New, social t",Home,curtains/drapes,50.30,1509.76,0.46568300631791704
AAAAAAAAOMCDAAAA,"More personal things escape great benefits. Suitable, dark rivals find. Great, electoral minutes should t",Home,curtains/drapes,7.60,8147.52,2.513089237783062
AAAAAAAAOPFAAAAA,Limited ey,Home,curtains/drapes,4.92,620.16,0.19128733917849158
AAAAAAAAOPNBAAAA,"Very, large elemen",Home,curtains/drapes,2.03,591.50,0.18244720898490352
AAAAAAAAPBECAAAA,"Unfair improvements must not go particularly contents. Nice, correct stores li",Home,curtains/drapes,2.18,6919.31,2.1342498691484915
AAAAAAAAPEMDAAAA,More small merchants may get genuinely good various workers; in short private ways will go alike strange environmenta,Home,curtains/drapes,8.37,205.41,0.06335837903227225
AAAAAAAAPILDAAAA,White plans should return also in a interests. Positive places would not bear years. In particular reduced members like in a publishers; enough well-known propos,Home,curtains/drapes,0.66,8012.19,2.4713469202988234
AAAAAAAAAILBAAAA,Russian finding,Home,decor,2.76,2273.84,0.7648137508792697
AAAAAAAAAOBBAAAA,"All major intervals settle simple forces. Single goods say; and so on private flowers cannot feel. Heavy, human children might not get. Meanwhi",Home,decor,77.78,13564.77,4.562556126866706
AAAAAAAABJGAAAAA,"Objectives ignore today never responsible sites. Academic, ",Home,decor,2.87,2550.64,0.8579163641868824
AAAAAAAACFMAAAAA,"Glorious contents shall not expect so new women; just ordinary offences should continue fine miles. Children will go following, pregnant elemen",Home,decor,2.97,4195.43,1.4111470265504233
AAAAAAAAEDFCAAAA,"Figures may last cool then wet birds; further financial chips shed really thus final others. Rows could occupy here on a designs. Expected, pink chi",Home,decor,4.95,5767.10,1.939783530369699
AAAAAAAAEFEBAAAA,"Years try thus special records. Black, avai",Home,decor,4.95,3868.80,1.3012839247272099
AAAAAAAAEJCCAAAA,Successful numbers used to come triumphantly. Amounts award cars. Representatives must affect later only del,Home,decor,17.77,9193.34,3.092210906883697
AAAAAAAAEOAEAAAA,Mathematical policies ought to say then to the agents. Ar,Home,decor,0.33,5558.80,1.8697211230287465
AAAAAAAAEPIBAAAA,A,Home,decor,2.19,8243.37,2.772685294297596
AAAAAAAAGBMBAAAA,"Black types investigate and so on just old sales. Operations mislead members. Dangerous, specific things preserve local activities. Again other enterprises shall not know presum",Home,decor,0.24,6859.68,2.3072764973047835
AAAAAAAAGDKBAAAA,"Contents cross into a artists. Possible, married g",Home,decor,8.51,3868.49,1.3011796551819592
AAAAAAAAGEABAAAA,"Industries will not devote with a values. Small, new advances can get. Persistently national steps live then social signa",Home,decor,3.01,2083.12,0.7006644358141402
AAAAAAAAGEHDAAAA,"General, doubtful cells used to consider all enormous phenomena. Distinct costs penetrate various complaints. Forms exist perhaps horrible products. Publications allocate hence. Alone na",Home,decor,4.98,5517.98,1.8559911783928478
AAAAAAAAGMJBAAAA,Then personal days write eur,Home,decor,1.08,5930.88,1.9948714855991818
AAAAAAAAHAFBAAAA,"Final, main cameras would not restore approa",Home,decor,9.07,3342.60,1.1242947804986485
AAAAAAAAHMPDAAAA,"Most curious profits could prepare further months. Low references must say soon free, subsequent exhibitions. Circumstance",Home,decor,4.92,226.98,0.07634548832572945
AAAAAAAAIDNCAAAA,"Teachers see as a perceptions. Important stars appeal actually for a shops. Times will play also from a facilities. Formal, dark studies meet fundamental, italian ",Home,decor,0.33,8236.68,2.7704350902404142
AAAAAAAAILFEAAAA,Perhaps artistic goods go; anxious months load much. Open left years can remind here old times. Delicate farmers fight purely. S,Home,decor,4.02,639.69,0.215161888391426
AAAAAAAAJKDDAAAA,"Back, whole buildings can receive enough onto a",Home,decor,6.52,6316.68,2.1246366164303847
AAAAAAAAJKLBAAAA,As pretty counties shake now to a students. Therefore obv,Home,decor,1.32,3376.47,1.1356870692007037
AAAAAAAAJNGAAAAA,"Financial, clear nations ought to come. As private men imply; arbitrary, past days should colour quiet, financial men. Lips come by a questions. Deep years must not connec",Home,decor,4.49,12227.68,4.112821396998658
AAAAAAAAKEMAAAAA,Great children ought to begin black periods. Perhaps average differences may come particularly patients. Visitors may set in th,Home,decor,3.23,950.48,0.3196971528057068
AAAAAAAAKKGDAAAA,"New, progressive words shall end well present, past papers. Days might not go classical, british cases. Solar notes can know ",Home,decor,2.80,2240.39,0.7535627305933607
AAAAAAAAKPGAAAAA,"Hours afford together days. Future, important hundreds may hope overall for a services. Black breasts stop wives. Numbers s",Home,decor,4.76,4999.10,1.6814641408456872
AAAAAAAALCDDAAAA,"Open organisers hold ago ago new bodies. New, individual troops improve books. Economic years give overhead by the exercises. Early, young notes wil",Home,decor,8.46,2626.44,0.8834119497675075
AAAAAAAALDODAAAA,Original relations could not prove that is to say like a individuals. Emotional words remember; therefore large communications could not give of course. Youngsters ,Home,decor,0.81,3148.53,1.0590186816380691
AAAAAAAALEKDAAAA,"There large men use thus softly male families. Hostile, actual days would not defend even in association with ",Home,decor,3.75,1886.78,0.6346248147996291
AAAAAAAALGFDAAAA,"Variables should apply hands; social, extra directors shall not add well in a models. Patients retain relevant sides. Types used to pick others. Local, personal sessions should not remember years. N",Home,decor,0.38,11669.17,3.9249646753280127
AAAAAAAALLGAAAAA,Aspects acc,Home,decor,3.23,16263.29,5.470212427671832
AAAAAAAAMBEAAAAA,However recent matt,Home,decor,0.69,2986.63,1.0045630707475255
AAAAAAAAMKMBAAAA,Conditions could need nearly o,Home,decor,7.07,18064.32,6.075994940841665
AAAAAAAAMNMDAAAA,Conventional perceptions see consequences. Nuclear classes ought to cause there. Books find particularly new children; dead questions claim just old times. Joint hours conce,Home,decor,8.54,4919.65,1.6547408654580795
AAAAAAAAMOFAAAAA,Certainly only priorities help definitely top arguments. Full years need abroad. Local functions get e,Home,decor,1.89,7619.27,2.5627671549721587
AAAAAAAAMOPAAAAA,"Physical, patient requirements could not forget houses. Layers will settle contemporary, fundamental concentrations; different dogs study environmental, si",Home,decor,5.69,10021.29,3.3706946810456837
AAAAAAAANKJCAAAA,"Institutional points meet villages. Forces ask redundant, strange units. Good, traditional",Home,decor,27.90,22133.30,7.444610083531005
AAAAAAAAOHBEAAAA,"Large historians challenge basic relationships. Ordinary poles would raise individually safe jobs. Regular, relevant careers sell then against a employers. Predictably p",Home,decor,5.97,14744.06,4.959214294668493
AAAAAAAAOHDBAAAA,"Direct clothes could tolerate much corporate creditors. Words influence firstly short elements. Different tickets put pretty. White, lacking feet like hills; somehow prime girls react now inter",Home,decor,4.12,1088.72,0.36619464292002896
AAAAAAAAOJFEAAAA,"Long foreign businesses will give as in the companies. Good topics would use then. Black, successful friends eat maybe german women; as detailed hands can represent on a period",Home,decor,31.17,12.00,0.004036240461312686
AAAAAAAAPAPBAAAA,"Beautifully double yards must manage just at the goals. Vital, initial reactions notice away modern, arab jo",Home,decor,0.94,2684.02,0.9027791769143729
AAAAAAAAPBDAAAAA,"Rarely social women will not stand chosen, sure bodies. Responsible directors ought to see then for a effo",Home,decor,6.27,22534.21,7.579457513809745
AAAAAAAAPIBEAAAA,"Sports know also active, good arrangem",Home,decor,8.39,11771.45,3.959366898193268
AAAAAAAAPLIAAAAA,So ill sports would examine beautiful questions. Wild social measurements would not take useful parts; assumptions differ necessary courses. Models may t,Home,decor,1.13,21100.25,7.0971402328177495
AAAAAAAAPLLAAAAA,"Governments may surprise below. Likely, high features migh",Home,decor,3.96,0.00,0.0
AAAAAAAAADOAAAAA,"Existing, absolute figures find rows; now working-class teeth receive once",Home,flatware,4.37,215.43,0.05877258998961175
AAAAAAAAAKMDAAAA,"Practical, social demands grow conveniently more willing signs. Ultimate, other women explain a little normal customers. As poor themes get. Daily ",Home,flatware,2.87,4426.52,1.2076221744456026
AAAAAAAAANDAAAAA,"Low, left communities send always so gothic operations. Too significant colours remove for a pounds. Eggs go scientific levels. Results sleep short, black partic",Home,flatware,7.13,18171.52,4.957467829216124
AAAAAAAAAOODAAAA,"Other, natural costs will mind rather than a quarters; new streets u",Home,flatware,98.92,847.02,0.23107997573690264
AAAAAAAABDOBAAAA,"Comparative, nuclear words could go managers. Either level skills might leave general levels. Coming, important experiences make strong, english victims. Doctors shall enj",Home,flatware,11.60,5889.90,1.6068545596240738
AAAAAAAABNCAAAAA,Words shall not avoid then thick inches. Nevertheless gold facilities shall panic however. Good govern,Home,flatware,9.67,1005.92,0.27443031946502455
AAAAAAAACBLDAAAA,Eyes ough,Home,flatware,0.71,9529.39,2.5997629453702187
AAAAAAAACCKAAAAA,"Contents try even opposite groups; wonderful, victorian members may not convince more in the results; talks stay as ",Home,flatware,3.70,7071.67,1.9292594413583888
AAAAAAAACFNCAAAA,"Interested, close criteria solve paradoxically distant businessmen",Home,flatware,2.42,2533.16,0.6910846867106943
AAAAAAAACGCDAAAA,"Programmes will stand that is here social foods. Mechanisms should maintain tiny, busy relations. Bodies take. Schools call just. Possible terms take peculiarl",Home,flatware,1.13,969.00,0.2643579803181255
AAAAAAAACGODAAAA,"Hardly military classes shall invest wealthy, light tasks. Recent, horrible effects will take there disciplinary, scottish beans. Extra services shall gain against a a",Home,flatware,9.52,5873.23,1.6023067293537918
AAAAAAAACNKBAAAA,Bases would not know,Home,flatware,8.03,2693.27,0.7347651368951474
AAAAAAAACPNCAAAA,"Then german groups might maintain special pounds. Women used to stop; fast serious groups talk. Moving, old issues may not write less ridi",Home,flatware,1.82,1434.12,0.3912498108708258
AAAAAAAADGDEAAAA,Minutes will raise economically ofte,Home,flatware,4.55,19.88,0.00542356723294565
AAAAAAAADLJCAAAA,Shares might make quite harsh countries. Bad sales might not pretend of course nice arms. Never young hours learn. H,Home,flatware,9.36,4623.19,1.2612767502858149
AAAAAAAADNNCAAAA,"European, sole leaves derive for the courses. Potential, american boys bear perhaps left variables; dear, other preferences ask to a affairs. Necessar",Home,flatware,0.16,2657.92,0.7251211176957195
AAAAAAAAEBGAAAAA,"Relations shall know head, decent weaknesses. Systematic implications might not keep in a managers. Much great others ",Home,flatware,6.97,5234.00,1.4279150350723107
AAAAAAAAECODAAAA,"Sooner chosen pieces could know at last secondary early activities. Reasonable police get women. Attractive, particular feelings ought to find suddenly national chapters. Unlikely",Home,flatware,0.72,16446.76,4.48692699316505
AAAAAAAAEDLBAAAA,"Never responsible minds might exploit by a hours; technical, glorious communications might write then a little long-term possibilities; used materials continue f",Home,flatware,75.25,403.48,0.11007549834753073
AAAAAAAAEGBAAAAA,"Then central estimates can solve too central equal sentences; clear weeks join. Clean, remaining systems may not ask then terribly big affairs. Inevitably big pp. commen",Home,flatware,7.82,4881.65,1.3317885806191718
AAAAAAAAEIODAAAA,Societies escape now seriously fit jobs. Just financial attitudes will ge,Home,flatware,5.06,2362.19,0.6444414628768554
AAAAAAAAELIDAAAA,"Then obvious hands ought to make unsuccessfully sensitive, basic aspects. Particular, informal sequences sit relatively private problems; subjects write otherwi",Home,flatware,9.92,2895.49,0.7899338373904327
AAAAAAAAFKGBAAAA,Regions creep only; however clear obligations might want thus; actions,Home,flatware,5.07,1052.01,0.28700437448345845
AAAAAAAAGEOCAAAA,"Hours know so. Net, educational wo",Home,flatware,0.91,16637.16,4.53887101736791
AAAAAAAAGILAAAAA,Softly active residents allow again. Hundreds would not participate better from a nights. Yet precise legs love uncomfortable sons. E,Home,flatware,3.68,2412.90,0.6582759243649174
AAAAAAAAGKJAAAAA,Political colours obtain also free years. Different ends know partly drugs; papers shall i,Home,flatware,1.26,13467.34,3.674095771576372
AAAAAAAAGMACAAAA,Numbers might take final techniques. Slightly potential purposes pla,Home,flatware,5.95,23563.47,6.428474033526048
AAAAAAAAGMOCAAAA,"Illegal stages want dry losses. At last military women used to light today rich, useful servants; big matters can serve against a orders. New, young assumptions cover t",Home,flatware,7.54,1729.45,0.4718203395884233
AAAAAAAAGOGCAAAA,"New, usual marks join certainly. Prepared years should remain in gene",Home,flatware,2.40,15596.59,4.254987649380674
AAAAAAAAHGADAAAA,Inner railways might offer here primary years. Able sales mean frequently main members. Royal girls cannot feel seriously also ,Home,flatware,2.32,4454.64,1.2152937393646384
AAAAAAAAHPFEAAAA,"Very following arguments will get political, single forces; poor, good efforts move quickly please correct workers. Floors go for a makers. Groups will know social cells. Too judicial lines use nat",Home,flatware,16.82,10641.82,2.903250817449984
AAAAAAAAICNCAAAA,"Wild, liberal nurses would not marry just likely facts. Other authorities ought to review now degrees; new others win at an methods. Others used to invoke positively difficult, alive colleagues. Pla",Home,flatware,6.61,11055.45,3.0160953906171524
AAAAAAAAIIFBAAAA,Due arts give there. Overseas new sorts ought to retire ca,Home,flatware,6.91,5162.11,1.4083023465221867
AAAAAAAAJCJCAAAA,"Empty, hot policies launch also private, various women. Now only rates improve then necessary surroundings. Electoral applications might not go there wide situations. Inadequate j",Home,flatware,4.89,955.82,0.26076227528139395
AAAAAAAAJGHDAAAA,"Rules shall say so in a eyes. Average, new personnel shall comply superficially as economic gates. General suggestions smash payable arms; strong, national effects ",Home,flatware,3.42,902.70,0.24627032903320115
AAAAAAAAJNBCAAAA,"Future titles know to the tickets. National tears would not clear extraordinary, democratic classes. To",Home,flatware,9.13,8041.53,2.193852042794237
AAAAAAAAKBCBAAAA,"Frequently limited weeks should treat in the effects. Seasons follow kids. Short, southern conclusions used to forget years. Fellow settings launc",Home,flatware,6.07,6560.25,1.7897362645840897
AAAAAAAAKCEBAAAA,"Voluntary games would impose often. Black, powerful ru",Home,flatware,3.34,3383.01,0.9229367296140576
AAAAAAAAKCGCAAAA,Local sisters establish too parts. Narrow memories could get examinations; then real breasts solve then more popular bags. Basic papers wil,Home,flatware,2.81,647.17,0.17655784739162156
AAAAAAAAKDHAAAAA,Weekends make more than details; equally leading types need. Statistical pains concentrate. Elderly respondents would not blame just to the homes. Therefore special studi,Home,flatware,5.00,3143.50,0.8575947483282018
AAAAAAAAKGFBAAAA,Shoes pay so absolute processes. Police ought to take still ruling players. Needs might flood here so gradual quarters; subject ministers can see before now,Home,flatware,7.45,4532.80,1.236616979552115
AAAAAAAAKGPBAAAA,Soon usual arms wake even. Paren,Home,flatware,51.46,2289.21,0.6245314057007803
AAAAAAAALAPCAAAA,"Materials need then literary acres; new, variable clubs buy underway never possible parents. Big posts would not think new performances. Christian, silent fears dismantle homes. Scientific, single w",Home,flatware,3.37,4728.09,1.2898950703429577
AAAAAAAALEDEAAAA,"Opportunities sit then quickly other measures. Often large years will not arise. More new years think very still parliamentary sources. Patients could pass alone, dead sites. Soft, general e",Home,flatware,6.75,12734.74,3.474231317106755
AAAAAAAALJIDAAAA,Great factors would accept intentio,Home,flatware,2.29,3346.70,0.91303080777159
AAAAAAAAMANBAAAA,Home clear increases harm thereby up a diseases; thousands include again national gains. Ministers could not suit also. Even mean provisions wish then. Conservative,Home,flatware,72.59,17091.10,4.662712773390211
AAAAAAAAMCDAAAAA,"Ago foreign arguments stress other materials; possible, optimistic sides must l",Home,flatware,9.51,14093.38,3.84488903266859
AAAAAAAAMEABAAAA,"Either beautiful fingers seek enough domestic, new bands; still following others may not oppose always increased, recent users",Home,flatware,57.26,1093.05,0.2982007124734026
AAAAAAAAMHNCAAAA,"Fun evenings look now much closed tasks. Forces want even necessary rights. Professional banks show nasty, commo",Home,flatware,2.88,6544.53,1.7854476088043159
AAAAAAAAMIECAAAA,"Societies should discover also futures. Jobs see else in a rights. Important, true responsibilities manage of course little cheeks. Vehicles can",Home,flatware,9.98,1816.07,0.49545159681768647
AAAAAAAAMJLCAAAA,"Libraries may see perhaps bad computers. Following, dependent sources could not answer details. Responsible, small desi",Home,flatware,7.31,292.82,0.07988576243215016
AAAAAAAAMNKDAAAA,"Expert, useful knees fall best certain differences. Details could give in a times. Studies should not appear most extraordinary men. Similar results get directly very,",Home,flatware,3.19,6695.30,1.8265799645241958
AAAAAAAANMDAAAAA,"Players shall not ensue still rational, public losses. Uncertain times walk anywhere. Costs get. Nearly white sales remove available ends. Rivers will think then customers. Families trust together sig",Home,flatware,2.03,2300.28,0.627551470553331
AAAAAAAAOAMCAAAA,Years remember far complex ,Home,flatware,3.18,14915.27,4.069113161093424
AAAAAAAAOCKCAAAA,"Subsequent feelings must not arrive just; millions subdue. Homes meet ready, black patients. Actually institutional factors would make costs",Home,flatware,1.86,7517.58,2.0509104908977647
AAAAAAAAOCKDAAAA,Calls wil,Home,flatware,3.70,8594.18,2.344623392456582
AAAAAAAAODFAAAAA,"Domestic years refuse strictly more selective years. Studies become schools. Almost clear countries end unknown, special images; further little men may no",Home,flatware,9.22,4401.55,1.2008099775740406
AAAAAAAAOEABAAAA,Partly delicate others serve coun,Home,flatware,5.36,3195.60,0.871808423018165
AAAAAAAAOELCAAAA,"Completely domestic problems may know however other, unaware trials. Thousands admit potentially over a flowers. Traditional, international players might s",Home,flatware,61.51,6277.45,1.7125841109886657
AAAAAAAAOFDEAAAA,"Borders go only good, vulnerable supporters. Old hotels want e",Home,flatware,9.64,6164.41,1.6817450747707494
AAAAAAAAOKKAAAAA,"So narrow commentators stay in a shelves; political brothers must apply terribly international publications. Complete, dear subjects ",Home,flatware,5.41,5225.30,1.425541542369764
AAAAAAAAPCIAAAAA,Orders ought to exist diverse boys. Original ,Home,flatware,6.07,3071.78,0.8380284383711162
AAAAAAAAPLEEAAAA,"Poor, legislative children shall ",Home,flatware,2.00,35.60,0.009712223012719574
AAAAAAAAABBAAAAA,"Benefits used to influence a little fields. There foreign figures must know radically new patients. American, genetic workers deter special, other boys; local",Home,furniture,1.71,4011.66,1.0453663881948432
AAAAAAAAABEAAAAA,Less short parts can mention careful groups. Even successful tons say in a rights. Then chinese traditions repair. Attit,Home,furniture,8.76,6964.68,1.8148702473621545
AAAAAAAAABGAAAAA,Extra millions should condemn. Uncomfortable nurses should not joi,Home,furniture,4.64,5043.96,1.314365187328752
AAAAAAAAACJDAAAA,"Long, perfect men should build slightly productive, local references. Thousands explore regi",Home,furniture,3.93,4861.69,1.2668689060944816
AAAAAAAAADGBAAAA,Then southern results may turn new guests. Now val,Home,furniture,6.35,2836.08,0.7390314000268295
AAAAAAAAAFADAAAA,"Modern, similar companies could realize therefore written eggs. Balls must speak nearly. Local, new horses",Home,furniture,1.41,6290.45,1.6391780451534406
AAAAAAAAAFDAAAAA,"Most increased shares may not examine sometimes evident, environmental roots. Minerals may live ge",Home,furniture,0.85,71.76,0.0186993643571145
AAAAAAAAAKCEAAAA,"About expensive assets put running customers. Special, essential structures shall introduce now at a facilities. Far long families look ready votes. Programmes might kee",Home,furniture,4.23,2466.09,0.6426186656554695
AAAAAAAABAADAAAA,"Main, new partners tell far technically top activiti",Home,furniture,17.10,454.90,0.11853875203527572
AAAAAAAABNKBAAAA,So influential teachers ought to hold dead others.,Home,furniture,7.15,2923.92,0.7619209229522607
AAAAAAAACBBAAAAA,Lovely teachers would demo,Home,furniture,4.69,13044.48,3.3991566941066464
AAAAAAAACDJCAAAA,"Federal, whole terms c",Home,furniture,0.28,15425.93,4.0197196992383395
AAAAAAAACEABAAAA,Foreign elections will draw words. Old terms might teach just dangerous costs. Long only deaths sign as. Well hi,Home,furniture,1.94,12249.97,3.1921216888757233
AAAAAAAACFOBAAAA,"Extraordinary, able years s",Home,furniture,63.63,12240.48,3.189648765690815
AAAAAAAACHGBAAAA,"Very only police will not pay less moments. Boots must undergo personal times. General, hard beds could not show young, main needs. Girls disrupt emotionally human mile",Home,furniture,2.69,4495.51,1.171448989145092
AAAAAAAACJIDAAAA,"Present, particular intervals seem ever signs. Waters en",Home,furniture,7.95,12418.92,3.2361470178631047
AAAAAAAADHAAAAAA,"Policies used to decrease social forms; well massive parts admire lacking, necessary cities. More rational areas deceive therefore only facilities. Yet persist",Home,furniture,2.68,2370.34,0.6176679391059473
AAAAAAAADOCDAAAA,"Numbers will learn poor, high priorities. Studies could resist always differences; further furious levels enforce under a guns. Most different payments give early managerial, necessary drugs. Briti",Home,furniture,3.65,14442.45,3.763442513369681
AAAAAAAADPNDAAAA,"Victorian years ought to maintain even no doubt usual materials. Directors should not acquire in the characteristics. Important women know natural, level system",Home,furniture,4.92,1889.12,0.49227066881705883
AAAAAAAAEADAAAAA,Bars should not work very there female difficulties. Units may make certainly. Only odd years intervene quite since other lives. Victims may reduce very deliberately other elements. Major numbers u,Home,furniture,2.70,4257.23,1.109357510061853
AAAAAAAAEHPCAAAA,Strategies move. So chief considerations go far. Only average,Home,furniture,4.50,493.02,0.1284721378949915
AAAAAAAAEIIAAAAA,Decisions predict for ev,Home,furniture,41.55,4799.94,1.2507779675625441
AAAAAAAAEOEEAAAA,"Key, only patients ought to wear for the children. Visual employees continue about alone steps. Times should describe also; even recent ways",Home,furniture,7.81,1687.09,0.4396252872525683
AAAAAAAAFGBBAAAA,"Honest,",Home,furniture,1.23,16112.31,4.198577972753338
AAAAAAAAFGKBAAAA,"Still coming voices deal once with a parents. Legislative sales may tell long old eyes. Pleasant, full tales get therefore anyway concerned members. Female, relev",Home,furniture,0.75,7210.78,1.8789994776894383
AAAAAAAAFNBAAAAA,Superior years can need yesterday radical points. Brothers might not clear more. Seriously present armies can perform too main real residents. Rarely public contacts could lock ,Home,furniture,0.16,5539.20,1.4434158172648919
AAAAAAAAFPKBAAAA,"Fingers might not like eventually rumours; traditional women could put. Educational, equal expenses would bring. So alive millions plan years. Quite capable tears could ensu",Home,furniture,0.65,546.47,0.14240024582263602
AAAAAAAAGFPAAAAA,"Slight, rare shoulders put then in common with the respects. Pale, average possibilities shall bring however. Major, special services",Home,furniture,7.31,10552.15,2.7497003567576055
AAAAAAAAGJBEAAAA,"Detailed, patient dishes might refer best soviet types. Never wonderful boats will maintain able pounds. Environmental, new a",Home,furniture,2.34,3951.78,1.0297627380038732
AAAAAAAAGNKDAAAA,Visitors might think most ce,Home,furniture,1.39,11851.18,3.0882041928894677
AAAAAAAAGPJCAAAA,Then small ladies should happen easily average various images. National types smell a bit in full soft changes. Exercises could deal heavily across late stations. S,Home,furniture,9.36,9622.66,2.50749199309687
AAAAAAAAHACBAAAA,"Though maximum boots might serve normally. Maybe small minutes help since the diseases. Secret, alone roads want well subsequent teams. Strong,",Home,furniture,3.58,10846.38,2.826371398769782
AAAAAAAAHJIBAAAA,"Large, hard things entertain",Home,furniture,9.66,4748.36,1.2373371479758668
AAAAAAAAHNBEAAAA,"Roads should say quite complete, short orders. Busy arts should not o",Home,furniture,4.12,5295.07,1.379799933478627
AAAAAAAAHPIBAAAA,Effective ways must present women. Great changes could not get but in a universities. Single sales expect boys. Close weeks would not say away; blue forms would come as just competitive ,Home,furniture,7.49,361.40,0.09417433498691723
AAAAAAAAIBDCAAAA,"Afterwards main ends can know more however raw matters. Organic, strong panels leave so limited, spanish practices. Famous drugs used to need as; national",Home,furniture,4.56,9550.28,2.4886310678994352
AAAAAAAAICIBAAAA,"Ago high questions supervise nevertheless hard ships. Great, coastal ideas will answer quite however primary systems. Ce",Home,furniture,3.84,1152.18,0.30023736935591117
AAAAAAAAIIABAAAA,"Unchanged, acute strings can get. Large, full others indicate literary, practical minutes; assistant, popular stations see still ro",Home,furniture,2.01,31716.57,8.26476726014391
AAAAAAAAJDEDAAAA,"Birds will extend human, raw factors. Chemical pupils worry left, italian victims. Regulations must see already european, absent effects; main, human councils would not mean lovers. Home b",Home,furniture,3.69,24.88,0.006483280172868014
AAAAAAAAKBOAAAAA,Minute kilometres find only sales. Villages can acquire still. For example excellent opportunities might join immedia,Home,furniture,3.41,4254.96,1.1087659889206787
AAAAAAAAKCIDAAAA,"Following, national areas travel by a elements. Findings smooth on a members. Recent months cross tod",Home,furniture,2.94,4567.86,1.1903020968825115
AAAAAAAAKFMBAAAA,"Financial, new pages should give identical, large troubles. Completely parliamentary scenes wear vast architects. Close sports should not run. Women reduce big, following men. Apparen",Home,furniture,9.94,5720.13,1.4905629186184692
AAAAAAAAKHFAAAAA,Usually artistic shapes would not,Home,furniture,4.93,6043.34,1.5747856270056346
AAAAAAAAKNECAAAA,Regular hours ought to win usually at least english languages. As complex rights compete in a characters. Final teachers achieve open meetings; curre,Home,furniture,9.60,14388.70,3.7494362308418814
AAAAAAAAKOIDAAAA,"Vast, joint ideas assume for example moral centres. Always difficult men present profoundly on the markets. Natural systems used to tighten afterwards available cases. As very times must include.",Home,furniture,4.07,6478.21,1.6881049215705508
AAAAAAAAKPEDAAAA,Commercial firms may not wait so on the departments; british locations make about for the producers. Lines shall turn for example important pairs. Bloody changes pay now,Home,furniture,1.63,18692.15,4.870837840967639
AAAAAAAALIPDAAAA,Only advanced procedures should not appear; commonly good night,Home,furniture,4.93,3766.52,0.9814873165880561
AAAAAAAAMCDCAAAA,"Able causes shall let again proposed countries. Objectives may argue alone; tall, certain",Home,furniture,5.99,1466.56,0.3821591386785095
AAAAAAAAMDHAAAAA,"Standard, british powers ca",Home,furniture,65.51,12541.02,3.267964080126255
AAAAAAAANPFBAAAA,Very youn,Home,furniture,6.59,7946.54,2.0707252903899755
AAAAAAAAOAGDAAAA,Home original demands expose. Good supplies offer funds; particular shops would not get now. Often old hours check enough types; then social potatoes must ,Home,furniture,3.81,5749.10,1.4981119791734527
AAAAAAAAODDDAAAA,Closed consequences win as a parameters; materials buy home with the articles. Indeed extraordinary services should sleep individuals. Always expected policies might ,Home,furniture,0.83,185.25,0.04827281559581189
AAAAAAAAOEDEAAAA,"Less domestic men adopt deliberately inwards sure lights. Environmental companies ought to permit small, main databases; labour rules cannot count afraid opponents. Rights may disclose. Golden m",Home,furniture,0.27,3349.78,0.8728923736925168
AAAAAAAAOKGBAAAA,Engines stop later at a friends. Years use elsew,Home,furniture,4.99,14088.89,3.6713111412668185
AAAAAAAAONEAAAAA,Recent models cannot make warml,Home,furniture,2.18,7170.93,1.8686152849688278
AAAAAAAAOPMCAAAA,"Annual figures may wait much windows. That is to say systematic girls achieve mediterranean, future investigations. Comparative men punish minds. Still acts used to live out of a",Home,furniture,98.71,2525.10,0.6579956095059897
AAAAAAAAACMCAAAA,Preferences could state thus in a meetings; children affect impossible ladies; previous women will not get american miles; more minor holidays might not spend. R,Home,glassware,26.87,1887.86,0.4566505833756799
AAAAAAAAAKMAAAAA,"Clear, permanent places would not love early independent sets; just political jeans ",Home,glassware,3.56,1306.24,0.31596371448552757
AAAAAAAABECDAAAA,"Current, local conditions will blame much suitable, other levels. Serious, dear demands will go quite",Home,glassware,9.42,5333.62,1.2901384024790998
AAAAAAAABHBBAAAA,"Highly full schemes work then; sure, smooth farmers will not admit about australian, full requests. Americ",Home,glassware,9.87,10594.68,2.5627254153796617
AAAAAAAABJJDAAAA,"Quiet, strong rules can sit excellent creditors. Borders can offer for a numbers. Other customers prevent reportedly for a children. Details make never long-term, long mothers. At once new oth",Home,glassware,86.90,3589.04,0.8681455244343596
AAAAAAAACALAAAAA,"Famous, serious parents get. Armi",Home,glassware,21.40,28353.89,6.8584642979192605
AAAAAAAACCDEAAAA,"International, likely sport",Home,glassware,8.11,3624.92,0.8768244640440337
AAAAAAAACELDAAAA,"Recent, great comments can practise over human lines. Much l",Home,glassware,1.35,3998.12,0.967097046606196
AAAAAAAACGDDAAAA,"Turkish, limited seconds could say to a site",Home,glassware,7.31,2502.15,0.6052399315592562
AAAAAAAACHLAAAAA,"Now small items should not sit just nasty, other thousands",Home,glassware,9.53,527.22,0.12752816446522833
AAAAAAAACIHCAAAA,"Losses could apply quite technical, foreign employers. Either eastern keys rise so families. Different views might not overcome ag",Home,glassware,0.74,8288.28,2.004835049834723
AAAAAAAACLJDAAAA,"Even good days tackle of course by the heads. Really symbolic pains must not cause also. Men upgrade great, new views. In common electrical courts must not knock far medium ",Home,glassware,3.09,3174.36,0.7678394297481927
AAAAAAAACMLAAAAA,Interests may exercise alternately opportunities. Also shy groups defend really. Also poor t,Home,glassware,2.21,7267.51,1.7579230881466779
AAAAAAAADFEBAAAA,"Simple, other factors like. Real, different countries",Home,glassware,4.82,10414.84,2.519224286633736
AAAAAAAADKJDAAAA,"New, hard poles reduce actually cases. Decades will instruct unconsciously here sure years. Also dark eyes may get at a skills. Thus ",Home,glassware,7.85,1975.79,0.47791979073015717
AAAAAAAAEDCBAAAA,"Important, proud members will get metres. Artistic, long grounds carve at first present problems; t",Home,glassware,7.57,13595.21,3.2885174629553444
AAAAAAAAEIFDAAAA,Clearly positive ,Home,glassware,19.85,6440.09,1.55778016139538
AAAAAAAAEJMAAAAA,"Hot problems would go often at a matches. Girls will not consider slightly just colours. Old minutes correspond ill past techniques. Effective, spiritual names can k",Home,glassware,3.81,3081.55,0.7453898092026561
AAAAAAAAELNDAAAA,"Wrong, complete processes strengthen yesterday original goods. Imaginative eyes strive part",Home,glassware,15.38,823.58,0.1992140770271855
AAAAAAAAFFFEAAAA,Modules introduce fine chains; local days impose abroad. Perfect others offer now sole meth,Home,glassware,23.04,11222.13,2.714498008971914
AAAAAAAAFFMDAAAA,"Then other eyes might go previously for a thanks; special, specific trees move so v",Home,glassware,17.12,2799.09,0.6770661391316262
AAAAAAAAFJODAAAA,"Other sides might go issues. European, explicit levels should modify only necessary principles. Medieval relations assume. Months co-operate expected lists. Really s",Home,glassware,3.60,1284.50,0.3107050704745377
AAAAAAAAFKKDAAAA,Activities ensure however lucky hands. Great boys ought to go about new others. Needs include o,Home,glassware,7.46,8079.56,1.9543481971220364
AAAAAAAAGEAEAAAA,More than european horses may not welcome thus great assumptions. Eno,Home,glassware,0.77,2550.24,0.6168723230260685
AAAAAAAAGHDBAAAA,"Teams pick. Advantages give. Enough running sounds should stop currently terms. Spatial, social properties can tell also existing fans. Certainly final hours would get that is smal",Home,glassware,8.13,14289.74,3.4565159001656838
AAAAAAAAGHMBAAAA,"Royal, available rows give companies. Delighted, known countries ask with no plants. Local, modern managers shall manage very children. Vital times would overcom",Home,glassware,1.78,5392.29,1.3043299684462009
AAAAAAAAGIJAAAAA,"Records can trace. Sheer points might add efforts. White, short activities would report",Home,glassware,8.06,13558.09,3.2795385822889256
AAAAAAAAGLFAAAAA,As available thoughts satisfy even both criminal courses. Sure ways could not construct everywhere residents. Points could not ask downstairs pres,Home,glassware,2.84,2275.76,0.5504789187879595
AAAAAAAAGPDBAAAA,"Good, able streets can ask; western journalists may not mate very both direct days. Physical ",Home,glassware,33.93,7865.46,1.902559987243797
AAAAAAAAGPEDAAAA,"Social, sure fingers must go more major models. Internal letters shine at a years. Shortly plain instruments win indeed at a ",Home,glassware,78.89,14090.34,3.4082834431375617
AAAAAAAAHGOBAAAA,Obvio,Home,glassware,9.91,11060.18,2.675324255633377
AAAAAAAAHIDEAAAA,"Products miss efficient, sorry trials. British feet must not talk obviously in a regulations. Early, false groups must accept today ",Home,glassware,6.93,3254.34,0.7871856279082188
AAAAAAAAIAGDAAAA,"Mental failures buy prime, vital citizens. Now new hands mean apparently. Almost principal effects may bolster more than both large teachers; c",Home,glassware,2.51,27462.35,6.642811515878879
AAAAAAAAINMBAAAA,Warm roads could not contest however police. Dead police should flourish particular,Home,glassware,1.29,5316.76,1.2860601716591695
AAAAAAAAIPOAAAAA,"Commercial, sexual changes might create afterwards now bizarre forests; christian standards help sharp weak patterns. Days would not see too grand classes. As good tears waste ",Home,glassware,6.21,1349.32,0.3263842473279122
AAAAAAAAJFFAAAAA,"Close, small reports will expand seriously men. Serious, a",Home,glassware,0.82,3826.28,0.9255310214521714
AAAAAAAAJNMDAAAA,Long discussions go poor styles. So patien,Home,glassware,4.60,2272.08,0.5495887711356852
AAAAAAAAKHECAAAA,Thus inevitable opportunities ought to stick on a areas. Other dangers cannot take barely more white cases. Involved jeans might stay later urgent,Home,glassware,4.69,306.97,0.07425234370071533
AAAAAAAAKMOCAAAA,"True, big years shall not form even. British flowers could demand values. Lightly common books must become in a qualities. Busy effects could not use readily interesting wor",Home,glassware,81.00,7327.32,1.7723904063756246
AAAAAAAAKPICAAAA,"Only signals shall not ignore far years. Packages may not move earlier long-term, competi",Home,glassware,4.25,4673.01,1.1303448044984192
AAAAAAAALIBCAAAA,"Young yards might explain actually new, large places. Technical ",Home,glassware,1.92,16817.56,4.067965095375451
AAAAAAAALPIAAAAA,"Years form widely. Forward supreme patients cannot ask real, spiritual channels. Interesting techniq",Home,glassware,3.65,83.16,0.020115401837806583
AAAAAAAAMAGBAAAA,"Various friends suppose really linguistic feet. Other, ger",Home,glassware,8.29,6014.59,1.4548568391011676
AAAAAAAAMFJAAAAA,Essentially surprising services will think. Companies top,Home,glassware,0.74,12132.30,2.934657163501934
AAAAAAAAMHDDAAAA,Thus aggressive enterprises should not tell too ,Home,glassware,9.65,9870.88,2.387646917902456
AAAAAAAAMLBEAAAA,Ordinary books ought to need namely e,Home,glassware,2.32,14442.07,3.4933626914349607
AAAAAAAAMPLCAAAA,"Scottish, variable forces add packages. Social, great shows will get particular, other attempts. Short",Home,glassware,0.81,8167.03,1.9755061360199795
AAAAAAAANAKCAAAA,"Likely interests try. High dogs murder now. Systems will happen only certain, pure children; relevant activities pay easily as special stars. Only historic",Home,glassware,5.38,3694.49,0.8936526086550991
AAAAAAAANCAEAAAA,"Active, far critic",Home,glassware,4.16,5150.40,1.2458196924655969
AAAAAAAANDECAAAA,"Guests set surely. French, natural pounds can take indirectly at the sources. Temporary readers mean then. Socially british cases",Home,glassware,8.44,8796.08,2.1276657503306127
AAAAAAAANICCAAAA,Extended words should know usually determined proposals. Then social things used to put even now sensible,Home,glassware,4.44,5893.30,1.4255182497684649
AAAAAAAANNACAAAA,"Pupils affect about top, only charge",Home,glassware,1.67,6750.99,1.6329831247356166
AAAAAAAANNODAAAA,"Eyes include now labour, ind",Home,glassware,4.52,3844.00,0.9298172759082312
AAAAAAAAOACEAAAA,"Users cannot opt clearly. Systems will not maintain; free, rare weeks would feel certainly again private drinks; designer",Home,glassware,5.39,3085.13,0.7462557680600316
AAAAAAAAOAPCAAAA,"Extreme, secondary cars say indeed public eyes. Difficult allegations shall see for a art",Home,glassware,4.89,5951.68,1.4396396682303594
AAAAAAAAOFKCAAAA,Rational investors may realise successful hands. Then global years fall just poor projects. Meanwhile public terms ought to take. Forces get tomorrow ab,Home,glassware,2.27,530.80,0.12839412332260383
AAAAAAAAOGFEAAAA,"Tomorrow following economies can reject new directions. Conservative, statistical years might not find there fields. Tender, o",Home,glassware,3.98,1243.17,0.3007078415428813
AAAAAAAAOOAAAAAA,Previously recent expectations win over true minutes. Extra perc,Home,glassware,2.39,494.13,0.11952409223322952
AAAAAAAAPAGEAAAA,Over exclusive forces earn fairly here direct shares; dogs shall mean drivers. Reluctantly available signs s,Home,glassware,1.61,575.96,0.13931778309888262
AAAAAAAAPCLAAAAA,Contin,Home,glassware,3.91,8568.44,2.0726023776230815
AAAAAAAAPMDEAAAA,"Lucky, far goods happen incidentally. American bodies find subsequently serious interests. Pressures spend things. Highest distinguishe",Home,glassware,8.66,24273.64,5.871500994062715
AAAAAAAAAFGCAAAA,"Entire features would stop however possible, general cells. Large,",Home,kids,2.29,167.04,0.06836239007750029
AAAAAAAAANKDAAAA,"Free problems might suggest then. Other, good years provide only by the others. Men could adopt in a banks; traditional, permanent years must both",Home,kids,4.01,420.05,0.17190865632216235
AAAAAAAAAOMCAAAA,Very possible suppliers retri,Home,kids,9.04,5284.54,2.16273817564747
AAAAAAAAAPPCAAAA,Architects could assist;,Home,kids,9.30,325.92,0.13338523811098477
AAAAAAAABBFDAAAA,Products could sharpen earlier other results. Clouds can listen now ready friends. Prisons used to make in a f,Home,kids,2.21,15500.51,6.343701574594074
AAAAAAAABIDBAAAA,"Women cost full services. Little, electronic days grow; ",Home,kids,1.17,12887.58,5.274340104855072
AAAAAAAACFCCAAAA,"Social, national delegates can succeed hardly fir",Home,kids,3.01,4130.20,1.6903157537002618
AAAAAAAACFPBAAAA,Highest local shoulders would not run ,Home,kids,9.78,14693.81,6.013553465904422
AAAAAAAADHPAAAAA,Inner shares used to see sufficiently royal workers. Rules used to serve onl,Home,kids,1.35,1818.30,0.7441531003227897
AAAAAAAAEELAAAAA,"Accounts get ancient men; fun, modern hours lower large, successive contents. Years may get partic",Home,kids,1.73,7560.02,3.093995667107901
AAAAAAAAEHFAAAAA,Kids used to know even. Homes require i,Home,kids,3.14,8382.26,3.4305036389549066
AAAAAAAAEJJDAAAA,Good acids leave indeed. Continuous ye,Home,kids,2.31,11125.92,4.553367355190745
AAAAAAAAFCJDAAAA,"Once wrong lives find notable, distinc",Home,kids,2.98,5286.91,2.163708116167607
AAAAAAAAGELCAAAA,"Empty, physical interests view. Eggs yield on to a alternatives. Too other societies pro",Home,kids,8.27,1162.40,0.47572103823088085
AAAAAAAAGINBAAAA,"So electric years help; protective, relevant aspects will catch kindly nuclear, local actions. Lines keep so for a contributions. Provisions can own only countries. Long-term, central proced",Home,kids,1.74,5684.02,2.326228403067009
AAAAAAAAGJAEAAAA,"Video-taped, royal respects buy alive, poor arms. Clear mistakes defend now theories. Stages r",Home,kids,1.32,4891.92,2.0020554553874836
AAAAAAAAIEJCAAAA,"Important, high kinds know political years. Important years used to want further single, national issues; extra priorities keep almost. Fathers boost graphicall",Home,kids,8.41,7946.99,3.252366081908489
AAAAAAAAILJAAAAA,Wrong women can take above young schools. Strong,Home,kids,9.84,1116.02,0.4567396705836439
AAAAAAAAIPOBAAAA,"Nevertheless electoral parties forget often vital, physical things. Centuries can distract now for a areas. Familiar, increasing elements work old groups; ready, p",Home,kids,2.62,19984.38,8.178759464900594
AAAAAAAAJILDAAAA,"Little, daily universities stay here rules. Illustrations afford then current, naval customs. Prices might not use alone interesting, primary ",Home,kids,6.02,3687.60,1.509178338420678
AAAAAAAAKBEEAAAA,"Too marine folk care suddenly main, other banks. Flat horizontal users ensure final, full evenings; earlier severe case",Home,kids,7.67,11534.16,4.72044267921636
AAAAAAAAKBPDAAAA,"Mild, national clothes fight always rather than an reasons. Carefully independent newspapers used to link increasingly outstanding healthy women. Important",Home,kids,7.66,7827.75,3.2035662052751013
AAAAAAAAKCNBAAAA,"Foreign, straight yards get entirely effective, essential problems. Wild, historical qualifications could not let really alone words.",Home,kids,2.31,3954.20,1.6182864154959988
AAAAAAAALBABAAAA,"Merely visible pp. negotiate suddenly families; final magistrates can rest only public, extreme others; other churches shall play more demanding, social authorities. Y",Home,kids,8.02,1671.75,0.6841763985396379
AAAAAAAALBDBAAAA,"Values come significantly national children; difficult, other years rouse only; strangely secure children",Home,kids,1.39,700.71,0.2867708953017554
AAAAAAAALOBCAAAA,"Open, creative rooms ought to give anyway by a eyes. Studies might not leave very impossible, satisfactory houses. Wide, possible benefits involve backwards short authori",Home,kids,2.33,11388.92,4.661002104893706
AAAAAAAALPCAAAAA,"Networks mention organisms. Kilometres used to conduct as with a clients; somehow old teachers shall develop african, scientific institutions. Precisely national supporters tra",Home,kids,1.54,7036.04,2.8795528680609146
AAAAAAAAMCFEAAAA,Opening values might help in relation to a months. Visual errors will ,Home,kids,6.27,4181.61,1.7113556870927682
AAAAAAAAMDBEAAAA,Particul,Home,kids,4.92,1431.40,0.5858113335544416
AAAAAAAAMDDBAAAA,Also polish articles result in a troubles. Years used to come women. Processes say strong guns. Difficulties ought to make no doubt chinese foods. Senior years combine. Plants ,Home,kids,1.06,5153.21,2.1089903745885734
AAAAAAAAMDEEAAAA,Children become. Services keep again. Real dreams should come virtuall,Home,kids,6.59,6623.83,2.7108527913496694
AAAAAAAAMKCEAAAA,"Familiar, large difficulties cost most. Nice functions travel suddenly total terms; excellent theories may slow more. Social women come tog",Home,kids,9.32,5790.00,2.3696015238788717
AAAAAAAAMKGBAAAA,"Large, electronic stages must not go gently wings. Certain departments wear heavily. Other, social specimens hesitate. Young, physical moments choose importantly functional, western governments;",Home,kids,1.23,254.60,0.10419698583412101
AAAAAAAAMLJAAAAA,Issues benefit. Other sha,Home,kids,5.61,393.88,0.1611983848403126
AAAAAAAAMOIAAAAA,"Formal, different observations issue with the drugs; french, ",Home,kids,1.56,1194.93,0.4890341880705665
AAAAAAAANABCAAAA,"Ministers achieve actually; now other feet could concentrate rare, redundant backs. Old offe",Home,kids,0.59,5480.24,2.242829888639369
AAAAAAAAOGMAAAAA,Structural titles would not r,Home,kids,5.55,1316.21,0.5386689502149584
AAAAAAAAOMIBAAAA,"Original objects shall remember terrible, single minds. Things survive today crucial followers. Arms should not take often bitt",Home,kids,9.13,4596.78,1.8812671663101759
AAAAAAAAOPDCAAAA,Yea,Home,kids,3.03,1527.62,0.6251901001567948
AAAAAAAAOPPCAAAA,"Bad, international governors hold rights. Also minor systems cut certainly only other st",Home,kids,8.50,8460.90,3.4626876568889022
AAAAAAAAPEADAAAA,"British, angry words say for good simply old prices. New, adult differences must not imagine once quiet lives. Even detailed needs attract; essential years will renew servic",Home,kids,1.28,443.64,0.18156304318715416
AAAAAAAAPHAAAAAA,"High, black homes shall not greet also magnificent facts; inc, environmental areas say well howev",Home,kids,3.66,13972.89,5.718511474437279
AAAAAAAAPIGCAAAA,"Forces give enough categories; important forms used to leave there at a systems. Parties visit flowers; schools issue too. Good companies will get more past, personal resources. Males",Home,kids,37.00,6588.22,2.696279128091409
AAAAAAAAPOBBAAAA,"Other, horizontal mechanisms live both minor estimates; long seeds should ",Home,kids,7.48,765.00,0.313082066626483
AAAAAAAAAAIDAAAA,"Managers cope only burning discussions. Devices spend with a comments. Certain, american lines can understand. Expensive, mental materials shall not care eventually recent farmers; natural te",Home,lighting,3.14,8622.64,2.5843415273637533
AAAAAAAAABBDAAAA,"Days could happen very. Here main ships would highlight often associations. Societies know so as recent relatives. Other eggs will undermine then years; typical, big years believe regularly to a ",Home,lighting,1.49,4001.25,1.199237882639681
AAAAAAAAACPCAAAA,"Welsh, early organisations resp",Home,lighting,0.55,16053.88,4.811601639325591
AAAAAAAAALLDAAAA,"Preliminary children may add. High lights create birds. National, major guards concern fully too long eggs. Administrative boots will look false, medium memories; as coherent purposes breed before wi",Home,lighting,9.74,3379.32,1.012835629256339
AAAAAAAABMADAAAA,"Select businessmen dominate easy small areas; as average assets think there public stones; big, aware memories choose more users. Hands punch more physical, old owners. Mili",Home,lighting,3.83,8751.50,2.6229629065719884
AAAAAAAABMHCAAAA,"Full, secondary executives will comp",Home,lighting,92.40,2308.74,0.6919658779545235
AAAAAAAACCHCAAAA,"Concentrations will look so by a books. Forward rises could not know right numerous awards; a bit public ladies may cause just physical friends. Royal, white respects look ",Home,lighting,3.10,3765.99,1.1287267413038955
AAAAAAAACCMDAAAA,Elected councils exclude probably direct scenes; of course english countries raise only in a projects. Tragically,Home,lighting,2.83,1867.43,0.5596982940775557
AAAAAAAACLOCAAAA,"United points should extend later others. Parts shall produce slightly fair, yellow doctors. New, british agencies swim friends. C",Home,lighting,0.80,293.94,0.08809846503545338
AAAAAAAACMCBAAAA,Things read here total periods. Policies reveal structures. Forwa,Home,lighting,0.52,10947.26,3.281066892372652
AAAAAAAACPKBAAAA,"Other, secondary mat",Home,lighting,9.58,6799.52,2.0379236408037897
AAAAAAAADELBAAAA,Large children cannot change techniques. Designs counter; grey cars learn public themes. Minimal results a,Home,lighting,0.36,7608.36,2.2803457761350687
AAAAAAAADFKBAAAA,"Cities may not conduct practical muscles. Now great designs drive soon. White, prime germ",Home,lighting,1.47,16499.97,4.945301864771823
AAAAAAAADJOCAAAA,"Various roles ought to achieve objects. Foreign, sure children may put perhaps long others. Current, steep priests will not qualify. As new items could not act arms. Politi",Home,lighting,0.67,7518.91,2.2535361969780254
AAAAAAAAEBFBAAAA,"Years know afterwards. Dogs shall work more. Historic, nice rights achieve free ministers; cases can enter special, british rights. Technical, large forces want a",Home,lighting,0.77,7597.74,2.277162794238503
AAAAAAAAECMBAAAA,"Medical, head hopes ship soon political students. Appropriate proposals make so by a hands. Fresh, successful problems will see main, electric women. American men think emotions. D",Home,lighting,6.73,5984.77,1.7937301850385463
AAAAAAAAEDECAAAA,"Scottish, theoretical bodies will combine absolutely in a christians. Also detailed boys shall come worlds. Early dark years close ordinary costs. Interesting, british claims know even; co",Home,lighting,0.55,12439.85,3.728419712428675
AAAAAAAAEHFBAAAA,Total users meet else prime jobs. Ele,Home,lighting,7.24,3353.02,1.0049531034672923
AAAAAAAAEHJCAAAA,"Eyes might not know as; implications give local, ordinary centuries. Secret boots illustrate just hills; magic",Home,lighting,5.88,7562.69,2.2666577551165985
AAAAAAAAFHDEAAAA,Clothes differ given men. Doctors shall not end just,Home,lighting,1.63,13349.42,4.001032221247812
AAAAAAAAGEPAAAAA,"Good, major hours respond particular, new theories. Isolated, old feet argue now adult conditions. Vast, natural boys might not appear negotiations. Unfortunately techn",Home,lighting,56.67,4285.88,1.2845459934889736
AAAAAAAAGFMCAAAA,Very dutch parts might think of course invariably false children; men should not get in the issues. Democratic fields will like only possible phrases,Home,lighting,3.31,1100.01,0.3296903875745018
AAAAAAAAGKBAAAAA,"English, effective thousands make",Home,lighting,1.87,1273.90,0.3818079696831464
AAAAAAAAGLDCAAAA,Individual situations get. Recent needs breath,Home,lighting,3.09,5805.23,1.7399192086063993
AAAAAAAAHJADAAAA,"Whole churches shall write in a crops. More tiny schools might arrange very. Local communications improve too. Other, old c",Home,lighting,80.52,3123.31,0.9361053848740624
AAAAAAAAHOEAAAAA,Separate studies may not trust only. Backs push recent centres. Messages open. Magic sides ought to get fresh items; concerned partners pass as through,Home,lighting,1.46,1671.17,0.5008760693110792
AAAAAAAAICAAAAAA,Usually other children must stop shares. Relations,Home,lighting,9.93,2845.73,0.8529102704815293
AAAAAAAAIHDEAAAA,"Grey events could take please hot traditions. Early dependent eyes find immediately. Normal, new children contact ever direct priorities. Scientific states e",Home,lighting,5.16,6109.83,1.8312126441707972
AAAAAAAAIIECAAAA,"Thus canadian kinds make. Legal, considerable sources could see here alone bad eyes. Engineers used to move firmly in a programs. Difficult rewards win so larg",Home,lighting,1.51,8462.98,2.5364889012238594
AAAAAAAAIIEDAAAA,Small plans must not remember,Home,lighting,1.45,5912.12,1.7719558314805899
AAAAAAAAIOBDAAAA,"Even impossible minutes continue literally sounds. International, other forms wake then old, remote women. Inadequate doctors waste for long mil",Home,lighting,4.65,5109.96,1.5315357977565671
AAAAAAAAJGKDAAAA,"New restrictions ought to deal as always professional planes. Young jobs provide impressive, a",Home,lighting,6.05,5481.96,1.6430300788792067
AAAAAAAAJKIBAAAA,"Charming books ought to see stages. Never national walls repeat; local, technical areas live with a chil",Home,lighting,9.57,8085.20,2.4232622627224862
AAAAAAAAKAFBAAAA,"Natural, other months teach clinically rural columns. Solid, pregnant sales go very; nat",Home,lighting,0.46,710.34,0.21290012809853695
AAAAAAAAKBKCAAAA,"Parties must not see. Small, close authorities see. Deeper evident police used to talk less jewish children. Both basic goods ",Home,lighting,2.67,9024.22,2.7047014021304996
AAAAAAAAKEJDAAAA,"Children might not carry little flowers. More different schools ought to need in addition complete, sophi",Home,lighting,5.99,3987.66,1.195164744788991
AAAAAAAALBBAAAAA,"Democrats pay papers. Moving, conventional seats could not mind instead. Alone activit",Home,lighting,9.13,10620.59,3.1831587288932632
AAAAAAAALBEAAAAA,Gently contemporary operations can occur with the doubts; circumstances may feel high. Hard countries would no,Home,lighting,48.57,5481.44,1.6428742266582825
AAAAAAAALCGAAAAA,Hours influence in a interests. Years should choo,Home,lighting,3.18,2566.36,0.769178664790046
AAAAAAAAMJBDAAAA,"Tomorrow annual reactions cover ever honours. Single facilities prove alongside personal, tough trees. Elsewhere fresh girls take. Forwards normal employees",Home,lighting,5.66,5339.86,1.6004404623535962
AAAAAAAAMMIAAAAA,"Problems buy now on the views. Only, independent prisoners avoid also. Bad,",Home,lighting,8.25,13889.50,4.162902735626079
AAAAAAAAMMJCAAAA,"Walls tell descriptions; orthodox, current scales can tell already dramatic stories. Either sufficient arms ",Home,lighting,6.23,3291.30,0.9864546437068371
AAAAAAAAMPGBAAAA,"Immediate comparisons make great functions. Continuous results want around a officers. Scenes start. Surprised, lead",Home,lighting,35.49,4511.94,1.35229974937764
AAAAAAAANEKBAAAA,"Empty products pass just good, tall costs; hot features help partly by",Home,lighting,0.78,14610.12,4.378883942245962
AAAAAAAAOAECAAAA,"Other parts knock warm, turkish plans; true, new forms know also stones; clergy will maximise for good negotiations. Technicall",Home,lighting,9.45,24514.36,7.347341251025777
AAAAAAAAOAIBAAAA,"Separate, slight lights murder pounds. Original signs could go. Equivale",Home,lighting,2.70,7934.72,2.3781610277135217
AAAAAAAAOCDDAAAA,"Large, productive names make bad colours. Eyes feel so centres. Victorian boys could not pause workers. Both pale books used to seek. Various matters ought to contact too. Lar",Home,lighting,0.96,3831.52,1.1483671182984294
AAAAAAAAOHBBAAAA,"Essential accounts should play managers. Grounds will measure notably real weaknesses. Right, elected wate",Home,lighting,7.17,7253.60,2.1740185955676825
AAAAAAAAOJAAAAAA,"Great, absent relations should participate alone wonderful issues; chains will care on behalf of a police. Substantial activities exert grey, free",Home,lighting,9.17,1428.91,0.42826691730900757
AAAAAAAAPDBDAAAA,"Particular, usual actions used to award; children m",Home,lighting,6.29,6679.48,2.0019457550350754
AAAAAAAAABKCAAAA,"Keys shall worry democratic personnel. Possible, remarkable preferences burn most experts. Soldiers join especially other functions; reduced, working unions occupy. Even curious",Home,mattresses,0.10,952.40,0.2856062430333998
AAAAAAAAABNAAAAA,Parents support always bottom details; ge,Home,mattresses,2.41,9084.93,2.7243938739200178
AAAAAAAAAEGBAAAA,"Prices get objections. Senior, local things like again. Civil, environmental instructions will not intensify enough ",Home,mattresses,9.67,3816.23,1.1444131802303144
AAAAAAAAAHAEAAAA,"Quite rapid banks know steep, new clients. Dull, lovely courses must prepare general, useful sides. Policies could take against th",Home,mattresses,39.85,1207.28,0.3620397995478401
AAAAAAAAAKJBAAAA,"Fair efforts can become hastily innocent sides. Likely leaders must think clearly working, free letters. Open schools go. Human lives might not apply mu",Home,mattresses,0.94,18306.24,5.489685458281967
AAAAAAAAAMBDAAAA,Economic thanks account also important cases; effective earnings should use there. Common patients continue either. Beautiful sections know far hills. Dry days could not reveal apologetica,Home,mattresses,18.69,5744.76,1.722741831928343
AAAAAAAABHIDAAAA,"Serious areas will not depend personal requirements. Alone, long objectives must travel emotiona",Home,mattresses,34.83,600.00,0.179928334544351
AAAAAAAACJBEAAAA,"Special windows can finish. Irish, red methods see ju",Home,mattresses,4.46,26532.68,7.956634872330351
AAAAAAAACMBEAAAA,New deals used to sleep mentally still civil to,Home,mattresses,1.95,4043.72,1.212633008272805
AAAAAAAADDGBAAAA,"Women believe then foreign, different beliefs; new, political numbers get running, interested standards. A",Home,mattresses,4.20,11289.89,3.385618508148205
AAAAAAAADGKDAAAA,"Poor vehicles achieve there technical activities. Universities seem famous, human polls. Similarly dead years shall not work high special ideal years. Specific, damp minutes used to ",Home,mattresses,8.94,2131.99,0.6393423499420181
AAAAAAAAEENBAAAA,Simply prime girls accept generally strong marks. Over given gods m,Home,mattresses,4.72,5875.28,1.7618822423028908
AAAAAAAAEFHDAAAA,"Actively new circumstances cater really sick, small years. Appropriate claims warn big, traditional arguments. Nice votes say nowadays. Hot priorities take other ",Home,mattresses,2.27,2775.15,0.8322135293512595
AAAAAAAAEGADAAAA,"Past, human factors keep holders. Blind, payable scholars know then. Multiple, good figures get substantially. Months can turn as as soviet groups. In order criminal prospects die much stat",Home,mattresses,6.23,1236.82,0.37089827121857366
AAAAAAAAEGDDAAAA,"Long-term conservatives find other, similar parts. Problems will not contain rapidly separate homes. Democratic posts used to act today adjacent hands. Palestinia",Home,mattresses,0.74,18029.59,5.406723502029142
AAAAAAAAEGOCAAAA,Aware times,Home,mattresses,1.44,13106.30,3.930324551731046
AAAAAAAAELDCAAAA,Objectives cannot review often additional places; great attitudes wil,Home,mattresses,2.33,7287.15,2.185274605124779
AAAAAAAAENLAAAAA,"Future, current scenes hunt carefully economic streets. Financial, new women advertise behind a b",Home,mattresses,4.08,1656.80,0.4968421077884679
AAAAAAAAFKCCAAAA,"Children know well objections. Free, difficult restrict",Home,mattresses,7.56,6121.60,1.8357488212444983
AAAAAAAAFLLBAAAA,"Full, old lights will go temporary assets; funds fight closely instruments. Materials investigate in",Home,mattresses,4.35,1763.42,0.5288153728369991
AAAAAAAAFLNCAAAA,"Major, far personnel find. New ",Home,mattresses,4.63,60.30,0.018082797621707274
AAAAAAAAGHDDAAAA,"Original revenues hear so outside likely services; true, important activities create etc hostile members. Carefully large days clear please financi",Home,mattresses,5.12,17167.33,5.148148492455455
AAAAAAAAGHKAAAAA,"Civil elections make more complex goods; traditional, administrative artists buy past a things. Important rights solve legal experie",Home,mattresses,6.71,5492.00,1.6469440221959595
AAAAAAAAHAKCAAAA,"Colleagues supply conversely supreme stones. New gaps harm silent, wooden years. A little social programmes should not introduce directly offences. Reasons ought to move on a propo",Home,mattresses,57.39,2397.94,0.7190955842288017
AAAAAAAAHICCAAAA,Never long groups mig,Home,mattresses,3.73,36.32,0.010891661851084714
AAAAAAAAIEAEAAAA,"Arguments would not march major, military tears. Quite coming tourists would not wish very different numbers. New, various programmes conceive roman, difficult issues. Correct, typical guidelines co",Home,mattresses,9.94,125.15,0.03753005178037588
AAAAAAAAIEEDAAAA,Corresponding guards would see ,Home,mattresses,1.55,1116.18,0.33472068075285616
AAAAAAAAIEEEAAAA,"Other days may get only different days; unknown, full thousands run very now strong hands. Less social services stay between a inter",Home,mattresses,16.16,89.85,0.02694426809801656
AAAAAAAAIEHDAAAA,Names must ,Home,mattresses,1.21,5032.05,1.5090139597398358
AAAAAAAAIJGCAAAA,"Due, current proposals raise below large firms. Curtains must identify as national, clear benefits. Pe",Home,mattresses,0.59,3314.38,0.9939181224118434
AAAAAAAAIJIBAAAA,"Foreign, constant taxes would go early banks. At all international meals stop right photographs. Electro",Home,mattresses,28.77,1013.76,0.30400691404613545
AAAAAAAAIKBEAAAA,"Mechanical lines expect used, possible ministers; opposite flames will not develop double, simple rights. Dreadful needs take short simp",Home,mattresses,8.85,181.86,0.054536278200392786
AAAAAAAAJCODAAAA,Also crucial occasions would carry here. Suddenly available eyes will get in a persons. Important stars formulate walls. Unusual fees might recite particular months. Political schoo,Home,mattresses,6.86,2258.69,0.6773372165866336
AAAAAAAAJGNDAAAA,"Bad, modern hands will store more final transactions. Single arrangements preach in a horses. Big courts make on a cuts.",Home,mattresses,30.96,260.10,0.07799893302497615
AAAAAAAAKADDAAAA,"Responsible passengers used to succeed ago around the relations. Pictures get classes. Comprehensive, gastric days ought to climb often. Pregnan",Home,mattresses,7.14,371.62,0.11144161280561952
AAAAAAAAKBIDAAAA,Present matte,Home,mattresses,2.27,20780.63,6.2317069111372945
AAAAAAAAKIDCAAAA,Directions settle for example young rules. Differences may provide to,Home,mattresses,2.46,2464.08,0.7389296843067407
AAAAAAAAKKOBAAAA,D,Home,mattresses,2.11,7166.52,2.149100013464637
AAAAAAAAKPPBAAAA,"Initial, different cards lessen sometimes. Social, vast feet trace about types. Above other regulations main",Home,mattresses,0.60,8315.52,2.493662774117069
AAAAAAAAKPPDAAAA,"Most great responses support european terms. Eyes help also for a terms. Glasses might retain administrative, alternative roles. In part powerful drugs should send remot",Home,mattresses,0.16,21543.33,6.460425812398922
AAAAAAAALFBCAAAA,"Eyes might record then keen, commercial cuts. A little noble numbers should open there royal irrelevant conditions. Excellent, british sounds fight officially finally natural problems. Tiny a",Home,mattresses,1.71,4645.34,1.3930471493204257
AAAAAAAALGCAAAAA,"Different, new tests could not warn able, great bodies. Good, moving years might convey; permanently confident e",Home,mattresses,9.27,5896.73,1.7683146802628513
AAAAAAAAMAOCAAAA,"General, new members may know in general large, scientific loans. Likely concentrations spend. Hotels would call. Y",Home,mattresses,7.31,2826.32,0.8475584174823169
AAAAAAAAMELCAAAA,Most particular jobs undertake su,Home,mattresses,9.99,2127.83,0.6380948468225106
AAAAAAAAMFFBAAAA,"Germans trace national minutes. Regular, so-called things know. Even personal centuries might not maintain rational curtains. Corporations may not read newly other applicants. Dif",Home,mattresses,1.82,2737.17,0.820824065774602
AAAAAAAAMHFEAAAA,Special creatures shall offer more in a years. Shoes would live rural workers. At all diffi,Home,mattresses,3.36,3027.79,0.9079753534167342
AAAAAAAAMILDAAAA,Easier mental others reflect. Sexual effects can admire rises. English companies shall keep more. So positive things will not flee now already growing ,Home,mattresses,2.84,117.24,0.03515799656996618
AAAAAAAAMJHAAAAA,"Suppliers could spread black structures; at all positive novels post obviously due, full thousands; res",Home,mattresses,9.36,2103.57,0.6308197444957674
AAAAAAAAMLIDAAAA,Just y,Home,mattresses,0.33,4157.70,1.2468133942250803
AAAAAAAAMLLAAAAA,"Businesses would not underestimate gently political sentences. Shortly tender deaths ought to hand of course fun, strong characters. T",Home,mattresses,3.26,4526.83,1.3575083044423406
AAAAAAAAMOFDAAAA,Possibly quick miles could not clear overall due to the drugs. Just inherent days live both good workers. ,Home,mattresses,9.35,5904.80,1.770734716362473
AAAAAAAANCOCAAAA,Now military things press; different passages s,Home,mattresses,1.67,7055.46,2.1157952787404777
AAAAAAAANFMBAAAA,"Secondly sorry elements will learn recently good other issues. Other troops shall implement somewhere minimal, concerned players; elections",Home,mattresses,1.51,9338.11,2.8003176334865825
AAAAAAAANPECAAAA,"Residential women would take matters; interests should express almost particular, heavy flights. Alone decisions could develop afraid months. Also dark drugs travel. Already military write",Home,mattresses,3.60,3877.42,1.1627628715482623
AAAAAAAAOBNAAAAA,"Great, young clothes remember for",Home,mattresses,1.41,3371.84,1.0111492592500408
AAAAAAAAODPDAAAA,Far rough sites can unveil later very gen,Home,mattresses,4.31,3972.77,1.1913564827129355
AAAAAAAAOFMAAAAA,Months may account perhaps new gifts. Regions re,Home,mattresses,4.81,6278.14,1.8826921237271197
AAAAAAAAOMBEAAAA,Results keep parallel only eyes; proceedings follow particularly absolutely nuclear hospitals. Circumstances love out of a losses. Specifically full funds might ,Home,mattresses,1.30,7986.66,2.3950440539533107
AAAAAAAAPPAEAAAA,"Even secondary police use. Serious, combined students must inherit literally sup",Home,mattresses,2.23,12764.54,3.8278373723745833
AAAAAAAAACODAAAA,"National, tiny damages use grounds. Pp. win over questions; hands would get",Home,paint,6.21,5603.94,1.3389900294351582
AAAAAAAAAJEDAAAA,"Aware, dead changes go just eastern, modern rights. Terms get powerful assumptions. Scientific, professional years used to agree also sad amounts.",Home,paint,1.32,19565.47,4.674919654959315
AAAAAAAAANABAAAA,Local applications may require responsibilities. General requirements might not impress hopelessly into the roses. Naturally national conditions like a little into a details,Home,paint,67.01,3427.51,0.8189598239433861
AAAAAAAAAOBEAAAA,"Electronic, international police cannot identify activities; tickets get of course prime techniques. S",Home,paint,4.69,3935.49,0.9403351697094848
AAAAAAAAAOOAAAAA,"Ever low goods see sure necessary plans; rooms achieve on a eyes. Years must claim late open other boats. Other, holy relations might admit. Talks should cover everywhere. Interes",Home,paint,4.37,12949.02,3.094003267514722
AAAAAAAABDGAAAAA,New sites shou,Home,paint,4.83,315.00,0.07526523468703712
AAAAAAAABEIDAAAA,Eyes could not reach,Home,paint,1.57,7869.11,1.8802235267559069
AAAAAAAABOHDAAAA,"Names use like a cells. Provisions should pick vital, social organizations. Real, vast lives may affect just in the provisions. Other, other differences will consi",Home,paint,8.38,14520.84,3.469569620485448
AAAAAAAACAEBAAAA,Administrative policies begin again then a,Home,paint,1.74,20976.31,5.012021888946171
AAAAAAAACDMDAAAA,Fundamental styles should ,Home,paint,1.82,1943.58,0.46439366613660826
AAAAAAAACFJAAAAA,"Direct normal models discuss churches. New plants would draft. Dangerous fans create scores. Great, rough",Home,paint,2.86,5603.91,1.338982861317569
AAAAAAAACIFEAAAA,Also separate variables follow serio,Home,paint,5.52,733.95,0.17536799682079648
AAAAAAAACMFEAAAA,Senior workers might attend even ever internal troops. Still likely strategies should help often tropical machines.,Home,paint,4.56,3036.18,0.7254565087367885
AAAAAAAADGDBAAAA,"Again distinguished animals stroke. Southern, main borders can study useful, overall contracts; l",Home,paint,2.91,14676.30,3.5067148058328983
AAAAAAAADKECAAAA,"Quite single duties would talk often men; total animals get both minds. Feet will provide current resources. Low, experimental hours satisfy ",Home,paint,4.05,2827.28,0.6755425165903692
AAAAAAAADONBAAAA,"Free cases must not teach; other, original children date certain, equivalent opinions. Long changes shall see ser",Home,paint,0.74,3944.54,0.942497551848906
AAAAAAAAEBKCAAAA,"Then serious drugs cannot celebrate here. Possible, fatal problems could not save successful pr",Home,paint,5.47,,
AAAAAAAAEEBBAAAA,"Curious, personal mom",Home,paint,9.34,5153.16,1.2312818945392134
AAAAAAAAEJGBAAAA,Simple cases could not put open,Home,paint,2.67,583.36,0.13938643589533325
AAAAAAAAELBDAAAA,"Common farmers say really with a buildings. Local, usual developments face only unnecessary animals. ",Home,paint,4.94,18264.94,4.364174589348101
AAAAAAAAEMMBAAAA,Objections like of course british profits. Studies would get. Yet normal numbers pay however even specialist rate,Home,paint,5.76,202.67,0.04842541306038671
AAAAAAAAENJDAAAA,"New, clean police ought to return long popular, other stocks. Friendly patients shall prosecute efficient, black members. Gradually thick pupils shall participate very for e",Home,paint,0.13,3086.84,0.7375610699724878
AAAAAAAAFCECAAAA,"Italian, physical levels could send british effects; nice, personal costs trace exactly cars. Sure legal words pass words. Very cold trees should cope to a councill",Home,paint,5.68,5384.61,1.2865839217402126
AAAAAAAAFJEEAAAA,"Bands lie proud, future types. High kinds should fly especially. Particular, solid ministers stand open, final tec",Home,paint,2.04,10508.33,2.51083150355185
AAAAAAAAFKICAAAA,"Guns should not avoid female, fierce shares. Natural differences join much good, similar managers; currently early ",Home,paint,5.30,2682.34,0.6409109511442131
AAAAAAAAFLADAAAA,Too young ways might suppose more with a ways,Home,paint,2.48,3458.85,0.8264481174516138
AAAAAAAAGAOAAAAA,"Deep courses can escape so different, individual persons; places could give increased, adult courts. Popular fees punish remaining results. More effect",Home,paint,8.52,5679.60,1.3570680219952256
AAAAAAAAGCDAAAAA,Particular groups prove patient benefits. Fresh moments take together. Easier strong ,Home,paint,2.01,3443.53,0.8227875987360411
AAAAAAAAHCBDAAAA,"Unhappy, prime sports ",Home,paint,0.43,7832.09,1.8713780696507827
AAAAAAAAHCEDAAAA,"Personnel remove closely at the days. Eventually political windows shall share most most large councils. Again available weeks pass however points; other, strong procedures",Home,paint,1.47,4061.80,0.9705153341327218
AAAAAAAAHINDAAAA,Times hope later,Home,paint,3.59,3576.62,0.8545877577344467
AAAAAAAAICBDAAAA,"Mutual, physical beds limit simply capital studies; popular categories used to prove most musical, local methods. Deliberate children would begin subjects. National fo",Home,paint,0.78,6035.12,1.4420149941727984
AAAAAAAAIDIBAAAA,"Domestic, special friends will replace with a voters. Foreigners will not recognize all both willing prospects. Links might not rid that. Players shall not sleep ",Home,paint,2.35,7306.67,1.745835658192805
AAAAAAAAIGGCAAAA,For example likely gentlemen would find both quietly r,Home,paint,3.48,4975.90,1.1889278770769143
AAAAAAAAILEAAAAA,"Sweet days allow theoretical, conventional events. Simple, useful offences w",Home,paint,0.76,7141.52,1.7063751708640296
AAAAAAAAIPBBAAAA,American demands suppose at least top branches; more optimistic positions used to defeat by a companies. Much future sanctions ,Home,paint,7.15,1112.81,0.2658917644827993
AAAAAAAAIPIDAAAA,"Clear, little figures can",Home,paint,0.44,6459.50,1.5434151855902105
AAAAAAAAJAHAAAAA,"Independent, sensitive customs write whole problems. Poor, southern arts meet in general irish weaknesses. Safe,",Home,paint,2.31,7859.64,1.8779607909702363
AAAAAAAAJPJBAAAA,Alone large policies would drown more impossible shelves. Interests make very children. Local qualities facilitate most countries; objectives can agree,Home,paint,9.59,19712.63,4.710081661107075
AAAAAAAAKAICAAAA,"Fine women might suit girls; however different countries agree permanent, high steps. Good consistent events control certainly ju",Home,paint,2.68,10216.53,2.4411096131338264
AAAAAAAAKFKBAAAA,"Plans put rather. Then large phenomena run to a ways. Together written rules ought to assemble joint hours. Now racial systems may not bring dependent, useful difficultie",Home,paint,9.84,1818.03,0.43439509402563203
AAAAAAAAKOBAAAAA,"Elsewhere minimum hands stay about between a forms. Various relations will not like by a authorities. Products may begin secondary, other ",Home,paint,6.55,34114.73,8.151279872174305
AAAAAAAAKOJBAAAA,"Serious bodies should not wish simultaneously unlikely feet. Automatic programmes watch natural, private cups. Hours relieve new ways. Actually",Home,paint,5.50,10680.67,2.5520099497295137
AAAAAAAALBCCAAAA,"Foreign police could become. Concerned, new arts increase also physical plans. Cruel children produce so republics. Beautiful, usual efforts allow typical groups; meanings establis",Home,paint,3.11,227.05,0.05425070328791041
AAAAAAAALHICAAAA,"Quite extensive values can improve like rare, regular others. Ashamed, early",Home,paint,2.63,4761.09,1.1376017657654145
AAAAAAAALNABAAAA,Necessary patient,Home,paint,3.29,9107.21,2.176051739663909
AAAAAAAALNCCAAAA,"True, different types could see there methods. Provisions will improve apparently civil residents; others cannot expose. Delicate women walk roughly t",Home,paint,2.04,5576.47,1.3324264230959426
AAAAAAAALNDEAAAA,"Early institutions will steal most growing occasions. African, worried shoulders use applications. Black, efficient years tend quite strong ",Home,paint,8.19,11037.78,2.637336832139316
AAAAAAAAMACDAAAA,Important years return in a papers. Black quarters enable perfectly external pressures. Availabl,Home,paint,1.33,746.52,0.17837143809068873
AAAAAAAAMFHBAAAA,Different methods will not serve; departments go; australi,Home,paint,0.18,4103.48,0.9804742388367083
AAAAAAAAMGFAAAAA,Resources could not provide ai,Home,paint,7.56,2109.48,0.5040333564051145
AAAAAAAAMGKBAAAA,Heavy letters ought to achieve tomorrow political managers. Palestinian costs think fully also clear mistakes; however particular provision,Home,paint,13.37,5894.42,1.4083965226792552
AAAAAAAAMLEEAAAA,Slightly alternative eyes will swell high objectives. Previ,Home,paint,7.17,11368.80,2.7164298416190085
AAAAAAAAMLKBAAAA,Sharp rare minutes might know merely fin,Home,paint,0.68,4529.96,1.0823761984853673
AAAAAAAANAADAAAA,"Elected patients could forgo also competent twins. Months destroy back plants. Too healthy women might think new cigarettes. Significant, general phases let into a banks. Due subjects shall relat",Home,paint,9.08,8194.94,1.9580764518926603
AAAAAAAANAGAAAAA,"Light suggestions lie human, educational employees. Strong wounds might come new words. Important scenes will affect like a columns. Then principal farmers could not worry exceptio",Home,paint,7.24,4440.03,1.0608885713253506
AAAAAAAANDPAAAAA,Totally ,Home,paint,0.98,876.12,0.20933770607621258
AAAAAAAANIHAAAAA,Things should not continue as well sweet examples. Very likely sites will join everywhere usual facilities. Great workers le,Home,paint,4.89,4095.86,0.9786535369690409
AAAAAAAANLKAAAAA,D,Home,paint,5.65,4917.28,1.1749213753075363
AAAAAAAAOHABAAAA,"Problems make british, literary families. Bare levels reinforce. More than thin years start a little overseas normal players. Minute measures shock better good, good motives. Too labour",Home,paint,4.20,3903.56,0.932705903222002
AAAAAAAAOJDDAAAA,"Illegal, due ports may clear profoundly by a operations. Full, central tests should not say also patterns. Else tall problems accept for instance militar",Home,paint,3.24,3628.76,0.8670459461045487
AAAAAAAAOKICAAAA,"Open, expected rates create teeth; welsh, different effects repeat",Home,paint,1.19,6876.15,1.6429683920421279
AAAAAAAAOOMAAAAA,New p,Home,paint,3.54,3652.15,0.8726346884516274
AAAAAAAAPCNBAAAA,Matches like open all the same bright mon,Home,paint,2.32,5191.89,1.2405359343469242
AAAAAAAAAHFBAAAA,"Almost criminal characters will chase then papers. Influential, dependent characters enjoy then daily, black numbers. Necessary, complete days m",Home,rugs,2.87,4293.96,1.6614794927835825
AAAAAAAABFMBAAAA,"Successful, classical employers find on a members; merely existing figures shall govern poor, young copies. Right rapid walls wonder well yet financial ways; aspects may",Home,rugs,1.38,2378.50,0.9203227262447137
AAAAAAAABGADAAAA,"Fine gains find please scores. Rights will free commentators. High select countries will debate new, able workers. Peaceful, irish signs may come considerably always gentle ",Home,rugs,8.64,1924.95,0.7448287710257564
AAAAAAAACHEDAAAA,"Major, available shee",Home,rugs,5.91,9548.85,3.6947755579154236
AAAAAAAACJJDAAAA,Together se,Home,rugs,4.67,942.16,0.36455381953278093
AAAAAAAACPCDAAAA,Only official tories make hard clothes. Again female engineers should not compensate parents. New resources must suggest at a habits. Earnings shall express then particularly odd ministers; mon,Home,rugs,2.46,7359.24,2.8475408113891727
AAAAAAAADDNDAAAA,"Beaches might show only. Old, contemporary firms confront all twin bones. Sometimes sweet areas can ensure so far golden months.",Home,rugs,1.24,7472.40,2.8913262726890894
AAAAAAAAECDCAAAA,"Arguments may know well complex, logical factors. As old musicians could not",Home,rugs,3.98,363.08,0.14048802835607763
AAAAAAAAEHGCAAAA,"Often happy members could not lie even white accountants. So neat rights want soon into no versions. Digital, fine shows undertake generally appropriately clear countries. Spiritua",Home,rugs,4.90,5428.13,2.1003285263866798
AAAAAAAAEIEEAAAA,Trends hire; cour,Home,rugs,7.45,7620.69,2.9487047284699717
AAAAAAAAFLPAAAAA,"Across significant children include high, notable others. Trousers reflect excessive, british styles. Narro",Home,rugs,6.25,2527.44,0.9779526891822322
AAAAAAAAGENDAAAA,"Fashionable, good actions expect certainly. Units shall use coastal, socia",Home,rugs,93.56,6490.41,2.51136086846582
AAAAAAAAGIGAAAAA,Actually keen visitors shall inject just to,Home,rugs,1.24,163.66,0.06332563270010924
AAAAAAAAGLGCAAAA,"Moving men find much complete, open developers. Vast towns scramble tonight commercial guests. Surprising places dislike at a pairs. Frequently ",Home,rugs,5.40,9956.01,3.852319640832303
AAAAAAAAGMLAAAAA,"Typical patients date totally. Words suggest. Actual, similar dealers know apparently european children. Across sure criteria could not promote on the days. L",Home,rugs,4.72,1372.64,0.5311212053615908
AAAAAAAAHKFAAAAA,"Relevant farmers can become various, fresh methods. Genuinely special women take british experienc",Home,rugs,4.43,2461.87,0.9525814210889524
AAAAAAAAIBFCAAAA,"Changes want red, red servants. Years leave major, liable windows. Male needs see. Boundaries must establish with a variables. Freshly",Home,rugs,2.49,407.40,0.1576369470977912
AAAAAAAAIBMBAAAA,"Roughly complete borders used to balance military, like titles; academic, warm children may show remarkable authors. Accounts used ",Home,rugs,9.23,12144.58,4.699151975907935
AAAAAAAAIOBCAAAA,"Hence available homes ought to decline there disciplines; so recent paintings ought to relax systems. Teachers may get again on a grounds. Good, appropriate points will not breathe too asia",Home,rugs,9.84,324.01,0.12537051357180984
AAAAAAAAIOOCAAAA,"New, video-taped vehicles shall not teach since clearly biological deals. Miles write however m",Home,rugs,7.30,6889.44,2.6657591772543117
AAAAAAAAJCACAAAA,"Exactly soft sheets might not work in the delegates; national, applicable girls supply further public, surprising initiatives. Efforts shoul",Home,rugs,39.61,4028.77,1.558868442216908
AAAAAAAAJEJAAAAA,"Local officers would expect too old, front entries. Labour players must start after a values. Dark problems laugh; accountants make. High new ",Home,rugs,3.77,2974.91,1.1510940851514238
AAAAAAAAJLIAAAAA,"Natural weeks intend cheerfully. Live processes cannot ask now prices. National goods hit spirits. Local, large miles find now common increases; communist q",Home,rugs,2.21,6616.58,2.5601803422393306
AAAAAAAAJMHAAAAA,"European adults participate higher social jews. For example difficult feelings would not find even; physical pp. could clear very by a eggs. Important, social things shal",Home,rugs,2.18,12716.70,4.920524705838197
AAAAAAAAKECAAAAA,Possible countries see ever. Never particular users ought to encourage in a casualties. Still upper proposals will see though succe,Home,rugs,87.61,7069.90,2.7355853026182473
AAAAAAAAKFAEAAAA,"Only scientific reforms go with a minutes. Possible, classical mistakes back. Much crucial results will encourage industries; beaches can see more main lessons. Here intermediate kilometres would ans",Home,rugs,1.74,5386.32,2.084150812203669
AAAAAAAALCGDAAAA,"Fair, other miles listen practical women; for example federal nights mi",Home,rugs,1.38,10691.16,4.136774234987779
AAAAAAAALGCDAAAA,"Important, professional teachers become real hopes. Positive, equal times perceive. Pp. might offer actually somewhere uncertain relations. Values talk here democratic eyes. Short, correct ",Home,rugs,9.47,7872.51,3.0461424702916844
AAAAAAAALJKBAAAA,Notable industries keep once inc men. Single jobs study as costs. Afterwards political conditions find american months. Much tiny kinds insist more more little priests; t,Home,rugs,8.43,14890.43,5.761614939060783
AAAAAAAALLADAAAA,"General, widespread doctors ought to doubt in public belo",Home,rugs,3.88,16875.71,6.529787443563245
AAAAAAAAMBMBAAAA,"Equal, large eyes cry great, late stones; as good gover",Home,rugs,5.98,796.05,0.3080188800618475
AAAAAAAAMGCDAAAA,"Models wear open, imaginative plans. Rare events cannot see very new words. American standards shall not fall consumers. Below advisory workshops say quietly on a instructi",Home,rugs,7.58,9427.55,3.647840453146248
AAAAAAAAMHCBAAAA,"Active, other losses see. At least intense accidents will maintain more active leg",Home,rugs,6.45,6195.27,2.397161141989526
AAAAAAAAMLBBAAAA,Hard parents will improve. Wide areas could make from a othe,Home,rugs,4.23,8117.26,3.1408445881173703
AAAAAAAAMMNDAAAA,"Continuous, serious terms come always broad, early standards. Estimated, black measures ought to raise expensive, western officials; absolute communications must come always; machines can ar",Home,rugs,11.64,7886.82,3.051679497078551
AAAAAAAANCCCAAAA,"Official women map to a clouds. Heavy, great f",Home,rugs,6.73,579.98,0.22441403185512257
AAAAAAAANKBEAAAA,"Pieces change however thoughts; following knees could not conclude frequently correct tools; official, significant agencies absorb far conservative, long notes. Often secondary groups could not ",Home,rugs,4.77,13718.63,5.308205575758889
AAAAAAAANOMBAAAA,"International, prime reports dry again new minutes. Large meals must achieve for a studies. Concerned studies maintain satisfactorily frequently full",Home,rugs,1.53,10755.46,4.161654096790401
AAAAAAAAODDCAAAA,Illegal programmes write best,Home,rugs,6.68,2151.58,0.8325196431926009
AAAAAAAAOGFBAAAA,"Political outcomes can reproduce namely new pounds. Police may go teeth. Weapons go enough more regular solutions. Nations like. Toys minimise only true, serious customer",Home,rugs,3.76,9050.00,3.5017534885493626
AAAAAAAAOLDEAAAA,"Modern, dull characters will try apparently. Crucial influences pre",Home,rugs,3.72,1734.66,0.671199083585308
AAAAAAAAPCFAAAAA,Standard women sit however sale,Home,rugs,7.34,6705.92,2.5947490335837506
AAAAAAAAPJOCAAAA,"Again national thoughts would let human, hot police. Impressive years will see",Home,rugs,3.04,2130.36,0.8243089018636487
AAAAAAAAAALAAAAA,"Common communications mean always long-term tensions. Tomorrow rich years walk. Domestic, biological benefits ensure together only liberal doubts. Negative, hostile directors might obtai",Home,tables,1.32,38.60,0.01642315020868463
AAAAAAAAAEDAAAAA,"Modern farmers decide wild, usual efforts. Great needs matter without the communities; levels might abandon on a pa",Home,tables,7.16,62.65,0.026655708823163007
AAAAAAAAAFHBAAAA,Nuclear nations need slowly. Good cars prevail finally into a databases; therefore active workers go over much s,Home,tables,4.10,4145.49,1.7637825118808304
AAAAAAAAANLCAAAA,"Words know too in a technologies. Constantly modern years report seriously since a students. New, various rates should not report irritabl",Home,tables,7.99,2559.42,1.0889569716868295
AAAAAAAABCLCAAAA,"White, medium crews will agree more young programmes. Houses know even historical deputies. Often low preparations continue special prizes. Straight ideal paintings could not feel; labour, possib",Home,tables,3.01,651.20,0.2770662024843376
AAAAAAAABDDDAAAA,"Educational, human definitions must come other officers. Prime, literary police ought to break silly, good examples; possible groups shall come also natural problems; l",Home,tables,1.25,16502.34,7.0212541091913145
AAAAAAAABMMAAAAA,"So recent areas hold both australian boys. Conventional, competitive sites can occur earlier violent, entire counties. Necessarily guilty courses take except the measures. Mil",Home,tables,0.56,1563.75,0.6653290450474246
AAAAAAAABPCBAAAA,"Black, running communities press certain routes. Educational, public walls mig",Home,tables,1.78,7947.18,3.381288364649076
AAAAAAAACEHAAAAA,"Happy estates quit forms; environmental figures suggest properly available, specific hills. Principal drawings cannot contain home good managers. Willing, visibl",Home,tables,29.68,6909.00,2.9395736992694848
AAAAAAAACFBDAAAA,"Current hands may pay often now safe minutes; royal, right men name later french sides. Much white respondents",Home,tables,4.95,2597.61,1.1052056791083233
AAAAAAAACJMCAAAA,"Large figures put students; good, traditional boots afford firstly again social homes. Tests require parliamentary taxes. Coloured windows must ",Home,tables,3.03,13584.55,5.77982137739344
AAAAAAAACNKDAAAA,"Bad, standard chapters give still in a things. Alive mechanisms give rapidly comprehensive years. Very clever authorities used to mark therefore critical northern models. Processes cannot pay days. E",Home,tables,2.44,2443.78,1.0397555962948013
AAAAAAAADJAEAAAA,"Problems would think most medical experts; considerable, trying traders hear exciting hands; sizes must want particular banks. So unique terms sh",Home,tables,2.37,2828.64,1.203502062339215
AAAAAAAAEDNAAAAA,Of course physical others will pu,Home,tables,2.08,929.86,0.3956277319442355
AAAAAAAAEEIBAAAA,"Japanese, new speakers make commonly military areas; professional, economic de",Home,tables,2.46,5463.81,2.3246884026350565
AAAAAAAAEPKCAAAA,Evolutionary conclusions say t,Home,tables,4.55,1085.12,0.4616862371618618
AAAAAAAAEPMDAAAA,"Public, national feelings must confess only; so still gu",Home,tables,0.89,7729.02,3.2884677830551214
AAAAAAAAEPNCAAAA,Immediately popular areas shall escape anyway reports. Generally human limits require more just unhappy others; mildly economic dangers would think double areas. Possible arms would not rele,Home,tables,7.09,1607.02,0.6837391411492325
AAAAAAAAFCOBAAAA,"Golden, new",Home,tables,9.32,13543.28,5.762262221716953
AAAAAAAAFDFDAAAA,"Western, political guidelines press immediate, tory estates. Years should not protect ",Home,tables,4.85,237.60,0.10109172252806913
AAAAAAAAFLCEAAAA,"Please original features make central industries. Major clothes give quite by a groups. Western, australian accidents give also words. Players use gradual",Home,tables,6.42,3333.35,1.4182411333709564
AAAAAAAAGGEBAAAA,Various children co,Home,tables,2.77,2139.29,0.9102041712418897
AAAAAAAAGGHDAAAA,"Just, post-war patients can know from a investigations. As international years go in a circumstances. Well inc spaces employ clear lads. Also mat",Home,tables,2.75,2603.50,1.1077116986608921
AAAAAAAAGGNBAAAA,"Likely, good courts cannot make surely available, secondary arms. Important, dead roads used to persuade casually. Royal, public eyes look regular, diff",Home,tables,3.35,2504.27,1.065492289458618
AAAAAAAAGJFCAAAA,Appropriately powerful rela,Home,tables,7.66,7305.12,3.1081109599084527
AAAAAAAAHIHDAAAA,"Suitable, wrong travellers sha",Home,tables,0.61,7075.07,3.0102315374859683
AAAAAAAAHNNBAAAA,"Shares cannot find new acts; ruling, dominant instruments might come roughl",Home,tables,3.97,24.10,0.01025383212511139
AAAAAAAAIDEBAAAA,"Only young parties speculate new types. Young, other stones used to use now spiritual causes. Instead long t",Home,tables,4.97,3925.46,1.6701663009892014
AAAAAAAAIKHAAAAA,"Relationships used to come aside different, reasonable weeks; good bases could minimise out of the s",Home,tables,0.48,4479.70,1.9059789116540036
AAAAAAAAIMBBAAAA,"Upright impressive problems can drop italian, indian brothers. Normal ",Home,tables,4.99,1520.55,0.646948731860503
AAAAAAAAIPLDAAAA,"Unable, delightful studies kill. Teachers build also. Ordinary",Home,tables,1.80,2353.51,1.001348400197963
AAAAAAAAJCIDAAAA,"Tory officials assist major, difficult sessions. Early things used to ban exactly on the pounds. ",Home,tables,4.92,5252.52,2.2347908014020774
AAAAAAAAKALBAAAA,"Full, great types must not back now heavi",Home,tables,3.09,10251.96,4.361903601384106
AAAAAAAAKILAAAAA,"Homes might not promote however practical, interesting questions. Low losses wo",Home,tables,1.52,1225.98,0.5216179713171809
AAAAAAAAKONBAAAA,Little emotional windows would imagine on a ,Home,tables,1.82,15315.46,6.516272023189148
AAAAAAAALCPAAAAA,"Level fears get seriously women; there high computers win. Especially weak officials would write rather everyday, increased ideas. Also british sales get so about a ",Home,tables,3.70,213.85,0.09098680497738881
AAAAAAAALIJAAAAA,For example interesting issues tell still soon available fears; efforts may imagine through the controls. Free practices would make here. Keen boats include between a forms. Both free ,Home,tables,8.08,4225.25,1.7977180160426098
AAAAAAAALKNAAAAA,"Yesterday similar days block meanwhile old minerals. Essential, deaf women will not smoke organisational, economic y",Home,tables,3.06,161.35,0.06864961881272708
AAAAAAAAMABBAAAA,"Indian, yo",Home,tables,7.08,10842.72,4.61325438421526
AAAAAAAAMGAEAAAA,Readily economic families might observe friends. Members broadcast since; difficulties tell ce,Home,tables,10.28,1317.92,0.5607357026691618
AAAAAAAANAPAAAAA,Real relationships could keep better national colours; really new doctors live in a groups. Legitimate orders may wear beliefs. Leaders make truly able adults. Short children m,Home,tables,4.95,6240.19,2.6550149663402007
AAAAAAAAOBMCAAAA,"Changes reverse safely early, bla",Home,tables,6.39,10987.96,4.67504967790203
AAAAAAAAOCIBAAAA,Daughters coul,Home,tables,4.97,2886.71,1.228209117588394
AAAAAAAAOCNDAAAA,"Else resulting children might rank now light explanations. Problems may make once different feelings. Original, pro",Home,tables,2.68,2851.20,1.2131006703368294
AAAAAAAAODCBAAAA,Political players restrict largely in a intervals. Well general pe,Home,tables,6.61,13039.19,5.547786942217061
AAAAAAAAOEBAAAAA,Over different children would provide successfully important international forms; well particular birds list in order. Horses used to pay never cert,Home,tables,1.94,3801.08,1.6172463159385226
AAAAAAAAOFLCAAAA,"Existing, british patients begin mainly ",Home,tables,3.80,3183.64,1.3545439878335943
AAAAAAAAOGOAAAAA,"Above french tonnes make services. Stores must not join full, legal days. Single stores include rightly in a reasons. That new procedures cannot give in a processes. Clubs ",Home,tables,3.72,4876.34,2.0747374168035546
AAAAAAAAOLBDAAAA,"Aware bones join nearly at the drugs; books would say old, unlikely pape",Home,tables,3.57,5902.74,2.511440043078008
AAAAAAAAONHAAAAA,"Girls make very. Growing, usual claims could leave there various proble",Home,tables,0.98,2764.18,1.1760762524311368
AAAAAAAAABPBAAAA,"No doubt severe players can emerge later particularly national men. However other details used to express at present nearly open seasons. Critical, labour influences respond ",Home,wallpaper,45.27,2244.60,1.1368312038133834
AAAAAAAAAFLAAAAA,"Simple, personal ho",Home,wallpaper,4.06,585.50,0.2965404392019674
AAAAAAAAAICAAAAA,"Only, other occasions can work also birds. General women get si",Home,wallpaper,4.82,553.85,0.2805105418480096
AAAAAAAAAMCDAAAA,Already expensive students ensure maybe most yellow futures. Real guests pay never cheerful ne,Home,wallpaper,3.85,1074.00,0.5439529149494671
AAAAAAAAAMDEAAAA,"Urgent companies could not drive relatively other agreements. Rational, pu",Home,wallpaper,1.65,10035.67,5.08280442269173
AAAAAAAAAMLCAAAA,Different members win at once even proposed degrees. Provisions escape. Traders should not like; also national sites need there successful areas. Ol,Home,wallpaper,74.68,1308.47,0.6627058385697665
AAAAAAAACAECAAAA,"Less empty devices change incorrectly at all british clubs. High, brief terms would not get years; policies exclude already damp trees. Adequate relatives may ",Home,wallpaper,0.60,7874.43,3.9881928790181864
AAAAAAAACCPDAAAA,Students should snatch through a walls,Home,wallpaper,8.34,2301.04,1.165416587909983
AAAAAAAACJJAAAAA,"National drugs ask less administrative hours. Across only shoes listen simply apparent, visual steps. Special, evident acts shall plough attractive, good",Home,wallpaper,12.06,8524.23,4.317299586778115
AAAAAAAACLMDAAAA,Terms used to say members. Good consultants know rather with a colours,Home,wallpaper,9.81,862.29,0.436727336156216
AAAAAAAAEGKCAAAA,"Head, acceptable problems should repair really to the pp.. Also positive officials work for example simply excellent members. Good, confident animals function often attitudes;",Home,wallpaper,9.44,1292.20,0.6544655090295171
AAAAAAAAEHJAAAAA,"Running, special problems shall lose",Home,wallpaper,3.88,9658.35,4.891701709592351
AAAAAAAAEMDBAAAA,R,Home,wallpaper,0.29,13447.29,6.810700738985865
AAAAAAAAFBOCAAAA,Men supervise further in the animals. Shares might not find merely in a cases; of course different rows shall not choose of course pages. Special hours cannot hear the,Home,wallpaper,75.57,4518.48,2.2884919619561157
AAAAAAAAFOFBAAAA,Very environmental principles decide visual sales. Studies revert. Middle-class proteins mean; undoubtedly wrong schools envisage more rare factors. Ambitions telephone to the courts. ,Home,wallpaper,0.41,1166.80,0.5909536882337413
AAAAAAAAGCFAAAAA,"Medical, proposed friends suggest then even arbitrary years. Governments continue upon the yea",Home,wallpaper,8.17,4840.93,2.451804454903467
AAAAAAAAGECCAAAA,"Different, redundant chapters will place always very final exhibitions; foreign writi",Home,wallpaper,8.89,1735.80,0.8791373089099488
AAAAAAAAHEEBAAAA,"Else social questions should afford black, religious pressures. Sufficient, new sides could provide circumstances. Really casu",Home,wallpaper,1.42,2788.40,1.4122516834684302
AAAAAAAAHEEEAAAA,"Happy women might not offer more opinions; men should create also adverse, physical pounds. Far english clubs get like the years. Republic",Home,wallpaper,2.04,1281.99,0.6492944110205469
AAAAAAAAHOJBAAAA,Hands must not seem often rather than the rights. So long men think securitie,Home,wallpaper,3.29,5239.47,2.6536545431008234
AAAAAAAAIEPBAAAA,Oral designs enjoy ill. Hours could not get also australian years. Under extraordinary securities pr,Home,wallpaper,60.74,4359.06,2.207749900781773
AAAAAAAAJCKBAAAA,"Necessary sons can interview basic, fine animals. Again possible skills cannot examine to the years; always clear priests may obtain; fully total problems ca",Home,wallpaper,0.13,6697.95,3.3923365239159993
AAAAAAAAJKDAAAAA,Hardly well-known agencies might eat now similar british circumstances; institutions tell eventually. Informal problems will per,Home,wallpaper,57.16,2703.50,1.3692520535995198
AAAAAAAAJKNCAAAA,"Relevant, good improvements impose more in a streets. Men apologise also upper, able lovers; organisations recognize in a cases. Individuals talk then cultural costs. Real kids ",Home,wallpaper,2.13,0.00,0.0
AAAAAAAAJMKDAAAA,"Only crucial camps shall offer today at the rules. White, strict matters allocate never international estates. Contexts must hold then more heav",Home,wallpaper,7.77,17812.50,9.02156545394542
AAAAAAAAKABAAAAA,"Certainly difficult fields like for a fields. Old, ideal committees should experiment out of a messages. Hearts see geo",Home,wallpaper,8.59,2534.94,1.2838808214357562
AAAAAAAAKEFAAAAA,"Important, awful changes shall determine then awful, possible respondents. Children clear especially. Really saf",Home,wallpaper,0.75,6455.08,3.269329219955313
AAAAAAAAKHCEAAAA,Below marvellous countries will not destroy,Home,wallpaper,3.98,4384.38,2.220573818664939
AAAAAAAAKLACAAAA,"Extra colleges shall read. Small, american prizes give otherwise by the months. Points will matter events. Black, old friends meet yesterday other",Home,wallpaper,2.38,14232.58,7.208429588688535
AAAAAAAAKLNAAAAA,"Members would not flower typically extraordinary, economic plans. Interests must reconcile large descriptions. Elections could ne",Home,wallpaper,5.19,549.90,0.2785099701403277
AAAAAAAAKPBAAAAA,For example flat users lower very new developments; animals enter systems. Male courses want ,Home,wallpaper,6.27,5940.64,3.0087788125376185
AAAAAAAAKPBCAAAA,"Fixed years provide also british taxes. Things know so legal, smart children; single parts would not cause here previous, itali",Home,wallpaper,3.08,1825.53,0.9245832074745816
AAAAAAAALJLDAAAA,As reasonable un,Home,wallpaper,3.09,1554.04,0.7870806219255772
AAAAAAAALNMBAAAA,"Then american studies might see in the circumstances. Colleagues must depend never special perceptions. Changes bring so a bit new managers; other, ",Home,wallpaper,1.68,5208.57,2.6380045011344
AAAAAAAALOFBAAAA,"New, mad terms attract. Geographical changes might learn. As quick tools hide more plans. Ancient heels use off",Home,wallpaper,4.81,10216.82,5.174552160627574
AAAAAAAALOOBAAAA,"Actual, personal ",Home,wallpaper,2.91,6354.80,3.218540022272694
AAAAAAAAMBPBAAAA,"Direct, able societies look. General schools could wear nominally. All common months help too quite outdoor legs. So senior trousers can murder crews",Home,wallpaper,8.64,837.90,0.4243744389535926
AAAAAAAAMNDAAAAA,"Compatible kids go at the acts. Massive operations may not mark brilliantly. Minds used to control severe, local boxes; therefore male issues must not live flatly new local officers. Substantial",Home,wallpaper,4.16,4181.40,2.11776975658259
AAAAAAAAOBCCAAAA,Females would not attend,Home,wallpaper,1.71,6365.49,3.2239542277296867
AAAAAAAAOGDDAAAA,"Hard forces ensure yet. Parts agree very. Inc, cold tears combine still lines; as hot females",Home,wallpaper,2.34,7252.85,3.673378863306557
AAAAAAAAOHNAAAAA,"Places receive more elegant restrictions; both criminal names look premier, musical rewards. Critics regard aside nervous cars. American, high strategies sort more easily new reports.",Home,wallpaper,6.78,109.89,0.055656411381561396
AAAAAAAAOIMBAAAA,Perceptions would not resist enough other molecules; indeed convenient things require impatient,Home,wallpaper,1.99,1209.24,0.6124484384296961
AAAAAAAAOMFDAAAA,"Very real details get very foreign criteria. Again political variations forget nevertheless. Creative, possible police retain trees. Commercial, main goods complete either reliable, judicial dec",Home,wallpaper,1.09,5322.71,2.6958134263786575
AAAAAAAAACLBAAAA,"Movements should get at a offences. Bonds should need along with a tickets. Scholars would reflect negative, constant sheets. Somewhat loc",Sports,archery,5.67,11926.57,3.494697359344055
AAAAAAAAADGEAAAA,"Cultures help again chief talks; mechanisms share early judges. New pictures might convert with a dates. Minutes will give enormous, le",Sports,archery,3.84,5913.54,1.7327725089757946
AAAAAAAAAGEDAAAA,"National, financial cases might suspect needs. Only metres accommodate. Processes might go in a",Sports,archery,1.64,8003.77,2.34524711495402
AAAAAAAAALDCAAAA,Political libr,Sports,archery,2.99,8198.96,2.4024412602590295
AAAAAAAAAMBEAAAA,"Tons prove exotic degrees. International, main parents shall not call even conservative politicians. Cultural colleagues will not come eyes; writings can sound now separat",Sports,archery,1.48,203.40,0.05959982148183265
AAAAAAAAANDBAAAA,"Just tough comments might not achieve in a lives. National hours cause contemporary, gold groups. Difficulties achi",Sports,archery,2.36,4357.00,1.2766785752032686
AAAAAAAAAPMBAAAA,"Flights shall guide still. Edges must not protect sharply sure, heavy pounds. Much sophisticated doors per",Sports,archery,2.51,1034.95,0.30325877700404474
AAAAAAAABIDEAAAA,Members sign as a whole from the companies. Capital students would own also in a islands. Basic men consider. Growing units appear pas,Sports,archery,1.99,5277.11,1.546287187512261
AAAAAAAABKPCAAAA,"Usually wooden thoughts miss with a teachers. Short poems ought to sell more personal, high plans. Things will happen tragic, cruel seats. Exactly ext",Sports,archery,2.16,1519.65,0.4452845069560815
AAAAAAAACBAEAAAA,Fires ,Sports,archery,2.81,2460.70,0.7210289120960943
AAAAAAAACBLAAAAA,"Conditions shall involve only years. Various facts devote firmly members. Functions may point only black attempts. Essential contracts eliminate. Real, new demands increase specia",Sports,archery,3.36,10039.20,2.9416643452331086
AAAAAAAACCBDAAAA,"Modest, old policies like. Courses think co",Sports,archery,4.66,4031.19,1.1812104442445868
AAAAAAAACDPCAAAA,"Social, political females dare especially available, realistic issues. Close weeks feel homes. Really old examples would pay simply lines. Real, post-war neighbours may te",Sports,archery,1.79,7305.45,2.1406269215558225
AAAAAAAACEMBAAAA,"Present, lesser criticisms refi",Sports,archery,1.35,7382.43,2.1631834321638435
AAAAAAAACEPCAAAA,Other books cause never pos,Sports,archery,9.38,8223.27,2.4095645230919858
AAAAAAAACGLAAAAA,"Else clean lips could shock great, considerable women. Aside unlikely files should reinstate also for a events. Only open patterns must",Sports,archery,4.33,1063.48,0.31161857497295664
AAAAAAAADANDAAAA,"Old personnel shall take thus existing, top goods. Stones c",Sports,archery,2.92,5703.58,1.6712504906949412
AAAAAAAAEAABAAAA,U,Sports,archery,1.74,15222.80,4.460551437825182
AAAAAAAAEAMBAAAA,"Patients used to stand even detailed, unaware readers. Able imports should admit. Live feelings must permit black, lively department",Sports,archery,8.02,1773.08,0.5195440092084948
AAAAAAAAEEFDAAAA,"Old, environmental quantities will put inevitable, formidable lines. Finally new states should not express about dull, royal efforts. Left, cons",Sports,archery,2.65,18306.56,5.364148023335586
AAAAAAAAEEJDAAAA,Also possible,Sports,archery,4.22,7676.61,2.2493834099589542
AAAAAAAAEFCAAAAA,"Statistical, ",Sports,archery,0.35,3186.06,0.9335723069341579
AAAAAAAAEHEBAAAA,"Home heavy duties must not shock incidents. Physical, other classes sha",Sports,archery,1.71,22189.09,6.5017984407291936
AAAAAAAAEKFAAAAA,Sure schools might fit as essential organisations; feelings average lazily modest aspects. British difficulties should enable ,Sports,archery,0.14,929.56,0.27237763056367925
AAAAAAAAFAJCAAAA,Elections lift economic beans. Children sign more than interested prisone,Sports,archery,58.29,350.75,0.1027759950086175
AAAAAAAAFDJCAAAA,"Considerable questions would protest firmly in the factors. European, right years walk for certain. Odd, great prisoners must not calm broadly voca",Sports,archery,2.05,15639.66,4.582698839904419
AAAAAAAAGEMAAAAA,"Here shallow railways shall not produce actually plain local characteristics. Post-war buildings could not remain complete, national hopes. Sure, hard detectives might get english, palestinian",Sports,archery,1.11,11262.07,3.2999870281017847
AAAAAAAAGFIDAAAA,Able counc,Sports,archery,2.88,4327.20,1.267946644622351
AAAAAAAAGIBEAAAA,Care,Sports,archery,8.49,7840.00,2.297259589073589
AAAAAAAAGIHCAAAA,"Regular, other others gain yet elaborate, ancient circumstances; net, green flats shall keep hardly reports. Ful",Sports,archery,8.16,11981.15,3.5106902711261516
AAAAAAAAHCDEAAAA,"Recent systems should not make fine, num",Sports,archery,1.43,5145.74,1.507793438505042
AAAAAAAAHIOCAAAA,Strange illustrations may put hard magnificent scientists. Interesting sh,Sports,archery,0.77,2425.15,0.7106121291379864
AAAAAAAAIHLCAAAA,"Silent, common attempts explain personally opinions. Then other organisations return",Sports,archery,9.77,7624.65,2.2341582048252473
AAAAAAAAJECBAAAA,"Young, numerous affairs see righ",Sports,archery,49.73,6526.50,1.912380702562344
AAAAAAAAJOPCAAAA,Here ,Sports,archery,1.96,10101.26,2.9598490301945763
AAAAAAAAKACCAAAA,"Empty bars pursue regardless practical, normal",Sports,archery,4.28,4631.52,1.3571178229574117
AAAAAAAAKCOCAAAA,"Following, able eyes may not all",Sports,archery,8.58,136.71,0.0400584640844707
AAAAAAAAKFPCAAAA,"Feet exist by a words. New eyes pay therefore again endless schemes. There violent levels can require long british, public fruits. Employees go best; designers cut policies. Less spiritual contribut",Sports,archery,3.57,773.28,0.2265848080406664
AAAAAAAAKMCBAAAA,"Dead earnings deal just apart real ministers. Minutes make better. Comfortable, direct courts start ",Sports,archery,1.68,5645.16,1.6541323905426863
AAAAAAAAKPAEAAAA,"Wonderful writings could not build able, c",Sports,archery,4.82,13775.32,4.036414025836376
AAAAAAAAMCNBAAAA,"Sorry, visible sessions solve forward thousands. Free papers make more to a colleagues. Expectations repair men. Very civil words bat earlier radical, international charts. Global programmes could not",Sports,archery,6.73,741.78,0.21735474719171002
AAAAAAAAMENCAAAA,"Kinds will let actively certain properties; quickly financial buses back further artistic lights; common, nati",Sports,archery,5.38,4655.04,1.3640096017246324
AAAAAAAAMFBCAAAA,"True, special terms take items. Minutes would not undertake witn",Sports,archery,1.36,3883.74,1.138004968937329
AAAAAAAAMGFDAAAA,"Hands can try never plans; free, general homes might not drive much by the prices. Final systems ought to publish previously expected eyes. Rules use b",Sports,archery,9.58,171.52,0.05025841386707933
AAAAAAAAMHPAAAAA,"Decisive, glad feet undergo major, religious clergy. Incre",Sports,archery,9.81,15655.66,4.587387124780079
AAAAAAAAMIFBAAAA,"Different, other homes keep governments. Things may bat. Poor, exceptional things occur also ",Sports,archery,6.82,233.75,0.06849291185535095
AAAAAAAAMLCEAAAA,Far goals increase intense police. Schools predict quietly in a studies; concentrations should not bear already into a c,Sports,archery,83.23,2954.14,0.8656156176614607
AAAAAAAAMLIBAAAA,Long plans might denote in a kings. Highly americ,Sports,archery,0.57,7965.08,2.3339102560890637
AAAAAAAAMMJBAAAA,"Methods sit in a researchers. For example capitalist injuries might win well different, unemployed bits. Firms discuss as either profitable findings. Principal, good problems put well affairs. Parti",Sports,archery,2.89,16418.88,4.811024173705174
AAAAAAAANDPDAAAA,Specifi,Sports,archery,1.67,3517.20,1.0306022227920442
AAAAAAAAOLMDAAAA,Policies recoup magistrates. Most final mice recover. Then precise windows help,Sports,archery,8.05,14074.73,4.124146486750218
AAAAAAAAPIFAAAAA,Trials shall opt now main ba,Sports,archery,4.72,890.54,0.2609440758231625
AAAAAAAAAEFEAAAA,"Certain fingers die forward final changes. Perhaps technical products will feature completely towards a methods. Once again short-term moments want deeply. Professional, minimal com",Sports,athletic shoes,7.56,1224.30,0.3042885372124525
AAAAAAAABJLBAAAA,"Really concerned animals should check as usual. Views feel over special, likely police.",Sports,athletic shoes,14.94,1780.81,0.4426039940809504
AAAAAAAABKBBAAAA,Requirements might raise writers. Following parts ,Sports,athletic shoes,66.30,2860.46,0.7109411003469183
AAAAAAAABMKCAAAA,"Still certain laws will not tell merely toward the times; competitive, industrial periods get also to a citizens. Silver, professional others mig",Sports,athletic shoes,4.00,226.56,0.05630941026778833
AAAAAAAACEICAAAA,Old-fashioned links must cancel still spanish animals. Empty words go now to a,Sports,athletic shoes,1.49,725.97,0.18043318578789855
AAAAAAAACHKAAAAA,"Games should not make there sacred, tiny values. Possible signs think districts. Thus physical hours shall not exist yesterday; often complete men used to follow very. Immediately in",Sports,athletic shoes,84.97,3173.96,0.7888586503069802
AAAAAAAACHOAAAAA,"New, broad students meet political, other so",Sports,athletic shoes,0.26,19037.55,4.731608463292433
AAAAAAAACPAAAAAA,"At all lengthy sales must not restore poor, clean calculations; also alone inves",Sports,athletic shoes,1.76,11123.36,2.764609118098102
AAAAAAAACPJDAAAA,Strategies resolve most years. Capabl,Sports,athletic shoes,6.38,622.74,0.1547763159876523
AAAAAAAACPOBAAAA,"Isolated, national opportunities will not understand. Literary miles lead women; sacred trees fall. Ru",Sports,athletic shoes,0.83,4320.12,1.0737262071242837
AAAAAAAAEBMCAAAA,Alre,Sports,athletic shoes,4.49,3529.69,0.8772720794849478
AAAAAAAAEFNDAAAA,"Long, wide subjects reduce usual, easy instruments. Ideas",Sports,athletic shoes,4.67,1134.68,0.2820143080978728
AAAAAAAAFDIDAAAA,"Experimental, modern limits shall search even temporary, usual men. Chief, safe supporters could get probably at no nerves. New, fair bits resist at first today religious types. New relations let ve",Sports,athletic shoes,5.60,2434.40,0.6050477946499996
AAAAAAAAFIGDAAAA,"Great, young duties introduce immediately liberal interpret",Sports,athletic shoes,4.78,1565.18,0.38901113507652246
AAAAAAAAFPHBAAAA,"Always old waves could not say seriously answers. Tough, common generations will not spare also only corpora",Sports,athletic shoes,5.17,55344.82,13.755447455759608
AAAAAAAAGADCAAAA,At least military classes ought to wear inevitable miles. Potential offi,Sports,athletic shoes,4.99,626.37,0.15567851919771616
AAAAAAAAGAEAAAAA,Equations may not lea,Sports,athletic shoes,6.16,10614.92,2.638241018890147
AAAAAAAAGBOBAAAA,"Ugly, wonderful issues will not count for example. Far private ears prepare in particular programmes; independe",Sports,athletic shoes,4.01,8493.58,2.111001416235353
AAAAAAAAGEHAAAAA,"African, soft problems shall not teach most almost sexual others. Numerous, special molecule",Sports,athletic shoes,3.01,6739.22,1.674971327087237
AAAAAAAAGHIBAAAA,Entirely occupational decisions will not ,Sports,athletic shoes,4.35,6352.91,1.5789575193517618
AAAAAAAAHCKAAAAA,"Things must respond absolutely young, whole weeks. Products open nonetheless social, payable pp.. At all critical patients fold wealthy cars. Yet british numbers retrieve obviously",Sports,athletic shoes,5.90,101.92,0.02533128131396975
AAAAAAAAHFAEAAAA,Sure afraid systems shall not care in a councils. Fine times must cut highly olympic clubs. Also modest arrangements market. Common doors can go off a deals. Blue ,Sports,athletic shoes,6.42,17695.26,4.397994593640466
AAAAAAAAHMFBAAAA,Very large classes protect so d,Sports,athletic shoes,1.73,636.68,0.15824097514696095
AAAAAAAAHNBBAAAA,Considerable women shal,Sports,athletic shoes,8.99,23213.04,5.769388210286817
AAAAAAAAIIFCAAAA,Shoulders used to decide; at all tough points search then together normal difficulties. Also different metals will suit numbers. Alone sacred,Sports,athletic shoes,4.70,4317.30,1.073025321985887
AAAAAAAAIJJDAAAA,"High languages develop environmental, new spots. Other defences would cause much similar partners. Outer, white hearts shall tell either full studies. Private statements may not talk for example. ",Sports,athletic shoes,1.39,425.88,0.10584856834765931
AAAAAAAAJCDCAAAA,"Inc, successful tanks cannot purchase prices. Results must recover otherwise on the words. Forw",Sports,athletic shoes,1.58,694.20,0.1725370436436205
AAAAAAAAJGPBAAAA,Different children ask especially in a disciplines. Great years bring angry feet. Right strong reasons use now single courses. Minutes should not save combinations. Hardly front de,Sports,athletic shoes,2.38,6217.90,1.5454020219989453
AAAAAAAAJHIBAAAA,"Truly secret men must not pay. Intermediate men will confirm depending on a systems. Cheerful, other police defend from a men. However distant homes must say for a",Sports,athletic shoes,2.46,1218.88,0.3029414459180872
AAAAAAAAJLBEAAAA,"Classes will emerge best of course dry sums; wide legs see. Important studies may not provide there particular, equal reasons. Main markets should not encourage only. Parti",Sports,athletic shoes,1.37,13807.89,3.4318244303605745
AAAAAAAAKBMCAAAA,Years provide for example. Free officials,Sports,athletic shoes,4.73,6244.86,1.5521026827546813
AAAAAAAAKBNCAAAA,"Short, full lips pro",Sports,athletic shoes,2.87,1637.63,0.4070179181534172
AAAAAAAAKGMBAAAA,"Sentences should not comment much places; continuing, high women save re",Sports,athletic shoes,55.70,6973.39,1.7331721330653798
AAAAAAAAKKPDAAAA,"Practical, related ideas cannot unravel ruling days. Late variations should keep so so complex scots; probable, pe",Sports,athletic shoes,4.44,608.82,0.151316627644928
AAAAAAAAKLBBAAAA,Plans regret most centra,Sports,athletic shoes,0.79,11090.45,2.7564296394085144
AAAAAAAALGNBAAAA,"Previously large parents cannot omit again. Strong windows must not agree yesterday in order foreign aims. Regional, full seconds will keep both international holders; wings think long, whole writing",Sports,athletic shoes,46.34,6474.44,1.6091626863267101
AAAAAAAALIMAAAAA,Directly modern issues correct also clubs. Necessary members would not see in a owners. Practically standard la,Sports,athletic shoes,1.68,12819.53,3.1861766163939818
AAAAAAAALIPAAAAA,"Tightly red arms would find powerful, private ",Sports,athletic shoes,0.34,12331.05,3.064769392137232
AAAAAAAALOIBAAAA,"Waters shall not channel in the soldiers; thus pink walls conduct short edges. Social, religious p",Sports,athletic shoes,5.36,2191.87,0.5447691873395887
AAAAAAAALPEEAAAA,"Aware, normal circumstances could mind. Divine men include on a films; other ki",Sports,athletic shoes,6.56,3668.89,0.9118689629121907
AAAAAAAAMCDDAAAA,Ever quick mater,Sports,athletic shoes,2.39,5753.32,1.4299349235605223
AAAAAAAAMECEAAAA,Overall fingers charge once simply fine daughters. Then ,Sports,athletic shoes,3.27,754.39,0.18749671615429395
AAAAAAAAMFFEAAAA,Therefore other pati,Sports,athletic shoes,0.94,6773.28,1.683436627730426
AAAAAAAAMJIDAAAA,Old songs apply just british eyes. Technical others survive ,Sports,athletic shoes,1.82,1142.40,0.28393304329944113
AAAAAAAAMMICAAAA,Quantities shall come pretty at a patterns. Previo,Sports,athletic shoes,2.61,8503.13,2.113374981154392
AAAAAAAAMNEDAAAA,Deposits fail even special services. Young workers follow to the contracts. Different homes would ,Sports,athletic shoes,9.99,58.47,0.0145321822844173
AAAAAAAAMOGCAAAA,Meals used to issue; patients w,Sports,athletic shoes,6.15,6761.38,1.6804789918627234
AAAAAAAAMPABAAAA,"Directions tell past as a years. Immediate, regular lands must dream only products. Single, other groups make. Co",Sports,athletic shoes,1.72,8591.37,2.1353062239246494
AAAAAAAANDFBAAAA,Arrangements reinforce later also secondary hours. Local prope,Sports,athletic shoes,8.37,486.75,0.12097724862220148
AAAAAAAANGPAAAAA,"Green breasts exert for a flowers; regions mean much to the difficulties. Notes must market reasonable, ",Sports,athletic shoes,6.46,1412.18,0.3509843882060616
AAAAAAAAOAPAAAAA,Big readers should not mobilize everywhere good teachers. New difficulties ought to rejec,Sports,athletic shoes,9.66,177.00,0.04399172677170963
AAAAAAAAOCJDAAAA,"As great investments could cancel then; new, old",Sports,athletic shoes,3.43,6106.45,1.5177021465825213
AAAAAAAAOEIAAAAA,"Then main contributions contribute vehicles. Firm, basic times reduce however dead conditions. Great experiences would not introduce open high, different years. Currently upper projects can mark ",Sports,athletic shoes,2.42,5557.31,1.3812184356253652
AAAAAAAAOFGAAAAA,"Real, sure elections tell as en route british services. Fi",Sports,athletic shoes,2.14,2448.53,0.6085596765668598
AAAAAAAAOFOBAAAA,"Supposed, french mines might maximise at a images. Just extraordinary rocks could feel almost slightly catholic customers. Later western days help only goods. ",Sports,athletic shoes,4.68,12228.84,3.039366033982789
AAAAAAAAOHMBAAAA,"Old times know more; vague advances must hire other, obvious lives. Appropriate victims hold also with a students. Parties should not stop even pilots. Great consum",Sports,athletic shoes,34.87,5557.79,1.3813377352233902
AAAAAAAAOKOAAAAA,Requests could use in a men. Naked terms ch,Sports,athletic shoes,0.87,9422.86,2.341965438011705
AAAAAAAAOLPAAAAA,Often special occasions may believe. Already white centres take. However able elements beg. Teachers accept. Hardly industrial stories must take nearly as yet ci,Sports,athletic shoes,4.13,7060.79,1.754894601539094
AAAAAAAAOMHCAAAA,"Odd, following pains will not get at a attacks. Fair, strong factors compete gently good changes. Got",Sports,athletic shoes,84.35,9930.74,2.4681943543552975
AAAAAAAAOPIBAAAA,Men conduct perhaps such as a facts. Objectives shall prevent subsequently anc,Sports,athletic shoes,30.39,1215.81,0.3021784255723858
AAAAAAAAPBPDAAAA,"Men offer effectively ancient, necessary goods. Attractive books will launch quite. Features cannot gain very at a criti",Sports,athletic shoes,5.50,6171.75,1.5339318627305023
AAAAAAAAPDBAAAAA,"Poor, serious years help bare, great days. Wide institutions detach carefully needs. Supreme models find almost new changes. Businesses assume just even experimental words. Mos",Sports,athletic shoes,0.45,9384.65,2.3324686929272587
AAAAAAAAPGGBAAAA,"Old houses will not live tremendous, magnificent leaders. Examinations believe expensive rights. Only days would not sell afterwards a little fine sides. Intelligent, lar",Sports,athletic shoes,24.80,5348.65,1.3293579062005916
AAAAAAAAPIMCAAAA,"New institutions enable following beings. Sometimes real leaders may update as current, mental prioriti",Sports,athletic shoes,2.56,7199.06,1.7892603419951634
AAAAAAAAAAPBAAAA,"Little, medical holidays think only especially chief sch",Sports,baseball,3.68,11597.60,3.4790924769154943
AAAAAAAAAFECAAAA,Metres report dangerously h,Sports,baseball,26.35,5332.21,1.5995767828114065
AAAAAAAAAGOAAAAA,"Double, enormous women must protect downwards on a prisoners. Functions sound for a men. Usually international trades sh",Sports,baseball,8.27,3179.84,0.9539005847584815
AAAAAAAAAJEBAAAA,Too briti,Sports,baseball,60.66,5260.53,1.5780739418145362
AAAAAAAAALFAAAAA,Dir,Sports,baseball,5.85,8156.27,2.44674912022242
AAAAAAAAALNBAAAA,"Fundamental hearts give home labour, hard police. Regional teachers speak with a services. Extraordinary categories breathe soon quite american cit",Sports,baseball,1.94,15371.98,4.611345448480327
AAAAAAAAAOCDAAAA,"Difficult, foreign sales get historians. Crucial cameras shall go extreme, separate writings; old reductions should provide; years ought to pursue american, simple symbols. ",Sports,baseball,3.63,8640.48,2.592004290968717
AAAAAAAAAPBEAAAA,Journals must not convince new standards; experimental babies help more flowers. Green genes could enable major allegations; commercia,Sports,baseball,0.83,114.40,0.034318150251701436
AAAAAAAAAPEAAAAA,Indian days should not,Sports,baseball,0.57,13564.10,4.069010680324331
AAAAAAAAAPHBAAAA,"Corporate, bright views enter obvious years. Likely birds could pull",Sports,baseball,8.00,1350.54,0.40514016294521726
AAAAAAAAAPKAAAAA,Even official industries must ,Sports,baseball,5.42,2156.27,0.6468461349933239
AAAAAAAABFGBAAAA,Below round men mu,Sports,baseball,3.24,591.30,0.17738043919432744
AAAAAAAABLDBAAAA,Virtually interested agents used to let grey qualifications.,Sports,baseball,3.43,2573.03,0.7718673963473369
AAAAAAAACBKAAAAA,"Old decades try personal, inc questions. Great classes become attacks; natural, good records might speak then southern seeds. Essential",Sports,baseball,4.97,766.96,0.23007559892521795
AAAAAAAACEKDAAAA,"Responsible problems add too aboard a questions. Usually rural conditions ought to lay before daily sons. Large, good funds shall look then appropri",Sports,baseball,23.91,781.80,0.23452735897535124
AAAAAAAACINCAAAA,Materials will go ne,Sports,baseball,3.12,1234.86,0.3704380333900003
AAAAAAAACJEEAAAA,"Numbers determine administrative, right courses. ",Sports,baseball,32.61,2254.20,0.6762235515505715
AAAAAAAACNIDAAAA,More useful eggs understand well ,Sports,baseball,97.49,553.50,0.16604105038738412
AAAAAAAADBGAAAAA,"Unfair years may survive then against a pictures. Previous stars write sure, new boys. Complete holidays shall not send at all barely growing stands. Early centres help economic concentrations. For",Sports,baseball,4.32,3073.30,0.9219403074174303
AAAAAAAADIPCAAAA,Plainly formal gardens may talk secondly; studies shall remove natio,Sports,baseball,0.41,11032.96,3.3097096066522016
AAAAAAAADOEBAAAA,"Together french organizations match certainly final communications. About special months own maybe large, regional efforts; widespread chapters used to shed priorities",Sports,baseball,8.14,1515.10,0.45450550215343394
AAAAAAAAECACAAAA,"Techniques could not become for a mountains. Jointly possible miles say more in an factors. For example successful origins ought to investigate about new, vast floors. Ideal toys cou",Sports,baseball,9.51,886.77,0.2660166617019343
AAAAAAAAEOMBAAAA,"Maybe precise lights make parents. At all major women leave economically facts; normal, correct ",Sports,baseball,4.27,2581.27,0.7743392631137181
AAAAAAAAFCDDAAAA,Huge roads migh,Sports,baseball,7.54,3756.16,1.1267872661663536
AAAAAAAAFFBCAAAA,"Back, possible officials like young, novel workers. Also long-term camps promise then well afraid hours. Difficult workers know largely notable models. New, chief operators affect. Children he",Sports,baseball,0.54,26107.42,7.831803865771636
AAAAAAAAGACDAAAA,"Substantial records supervise. Programmes participate fairly from a years; liberal, recent associations might produce much to the witnesses. International, net errors may start less p",Sports,baseball,1.89,3922.57,1.1767075754616827
AAAAAAAAGCPDAAAA,Never small cars use probably other i,Sports,baseball,1.51,1810.08,0.5429947325839137
AAAAAAAAGDFCAAAA,"Daughters benefit. Factories see. Thorough, extensive sides will not use now words. Precious qualificati",Sports,baseball,4.54,21522.85,6.456506994273009
AAAAAAAAGIEBAAAA,Equal councils prove also mysterious things. Pp. might not exploit int,Sports,baseball,88.12,9396.46,2.8187860674309655
AAAAAAAAGKEDAAAA,"Hot, existing travellers will not sustain rather buyers. That ",Sports,baseball,7.98,5750.48,1.7250510197500355
AAAAAAAAGPHDAAAA,Roads ,Sports,baseball,2.00,8894.13,2.668095189669277
AAAAAAAAHKJCAAAA,"Likely, long loans land actually closed costs; confidently young women would want just ",Sports,baseball,5.52,4612.54,1.3836874192481026
AAAAAAAAIGEBAAAA,"Christian, new communities permit officially for the streets. Important, poor services should run only appropriate, young animals; manufact",Sports,baseball,5.87,8153.82,2.446014159836785
AAAAAAAAIJNBAAAA,Gre,Sports,baseball,4.24,8334.90,2.500335231930999
AAAAAAAAIMOAAAAA,"Financial, previous applicants should deal very enough certain arrangements. Over constant id",Sports,baseball,0.97,3069.67,0.9208513661113666
AAAAAAAAKDADAAAA,Liabilities take ma,Sports,baseball,19.62,2106.44,0.6318979407009963
AAAAAAAAKMFCAAAA,White systems ought to remember; ,Sports,baseball,5.06,16506.77,4.951764099915015
AAAAAAAAKNLAAAAA,"Possible, big walls might think ashore. Exceptions should not account by an meals. Private, obvious accounts could fix still often european numbers. All local asses",Sports,baseball,1.68,836.92,0.2510624677329892
AAAAAAAAMDLCAAAA,Eyebrows punish just. Go,Sports,baseball,3.64,6279.33,1.8836974687064367
AAAAAAAAMKKAAAAA,"Desperately evident observations will meet for example similar, very books; relations investigate states; backs should not offer officially able, upper disciplines; large workers go ",Sports,baseball,2.65,11444.53,3.433173951923991
AAAAAAAANDJAAAAA,Overall children know here with a arguments. As good as effective appl,Sports,baseball,9.40,11364.16,3.4090642514368477
AAAAAAAANILCAAAA,"Years could follow little nice, long students. Late long buildings cannot know offices. Final, gothic positions reduce",Sports,baseball,2.72,4917.16,1.4750684938081837
AAAAAAAANNFDAAAA,Difficult pairs shoul,Sports,baseball,98.36,7344.34,2.20318324842291
AAAAAAAAOEFDAAAA,Documents devote total tracks. Thus democratic occupations tell comfortably social pa,Sports,baseball,6.21,6123.68,1.8370049854312853
AAAAAAAAOFNCAAAA,"Rates visit victorian, red roots. Extremely traditional ideas select to the ",Sports,baseball,2.22,9894.94,2.968322007443799
AAAAAAAAOIJAAAAA,Minutes apply finally. Lessons used to co,Sports,baseball,3.95,4684.13,1.4051632617001943
AAAAAAAAOJNCAAAA,"Problems result future, short sounds. Ne",Sports,baseball,2.30,9173.33,2.7518506752486043
AAAAAAAAOLHDAAAA,"Pretty, s",Sports,baseball,3.96,12093.30,3.627794461878505
AAAAAAAAPBGAAAAA,Now empty authorities shall not,Sports,baseball,0.58,7672.63,2.30166494025972
AAAAAAAAPEBCAAAA,Relativ,Sports,baseball,1.36,3400.52,1.0201010165552078
AAAAAAAAPFOAAAAA,"Extreme, detailed fortunes carry other, different colleges.",Sports,baseball,8.65,5933.06,1.779822067590557
AAAAAAAAPHLBAAAA,"Strong processes should reflect internationally in a hands. Alternately new words like new days. Appropriate, financial troops must mean howe",Sports,baseball,5.74,5675.71,1.7026212287157723
AAAAAAAAAAHAAAAA,"Then sensible months would go other, profitable systems. For instance easy cigarettes accommodate perhaps holy changes. Persistent schools should eat. Away white schools would give under. Able grou",Sports,basketball,2.16,4223.90,1.6807172089342899
AAAAAAAAABMDAAAA,Major pieces must allow. Certainly big products treat flats. Safely practical variations handle afterwards advantages. Rules,Sports,basketball,1.51,947.20,0.3768970241489049
AAAAAAAAAFCEAAAA,"Worried contacts see days. Working, satisfactory tons should n",Sports,basketball,4.94,2408.32,0.958286149913736
AAAAAAAACBFAAAAA,"Primary, front circumstances may no",Sports,basketball,1.19,,
AAAAAAAACJECAAAA,"New, severe",Sports,basketball,35.25,3123.03,1.2426738949828489
AAAAAAAACKAEAAAA,Surprising functions mus,Sports,basketball,1.43,11862.38,4.720117949032397
AAAAAAAACKKDAAAA,"Future walls raise so able, open t",Sports,basketball,49.67,,
AAAAAAAACLFCAAAA,"Very, present matters use on the patients. N",Sports,basketball,2.13,4871.97,1.9385884657334673
AAAAAAAACMCDAAAA,"Continued, sexual names used to increase. Other, other gentlemen can get patterns. Just, waste cells shall work well in a mechanisms. Full, firm examples may point; deliberately new pensions lea",Sports,basketball,2.88,698.72,0.27802522034768035
AAAAAAAACNBDAAAA,"Single, proper companies shall become across senior countries. Machines will happen more known skills; waiting miles appear quiet buildings. Consistent tree",Sports,basketball,7.69,973.00,0.38716301150431215
AAAAAAAADEBCAAAA,"Bitterly wild versions look presumably only clear measures. Economic, wooden students say only traditional members. Years think too purposes. Main methods",Sports,basketball,2.05,4920.80,1.9580182394762788
AAAAAAAADFFDAAAA,Whole sons keep even. Absolutely se,Sports,basketball,7.42,9992.06,3.9759054889329675
AAAAAAAAEDMDAAAA,Short high funct,Sports,basketball,3.55,7329.46,2.9164396775954735
AAAAAAAAEFDBAAAA,"Results tackle largely minor signs. Tall resources could realise educational leads. Clear, fine matters might remember previous",Sports,basketball,8.19,2816.54,1.1207195358914237
AAAAAAAAEGFCAAAA,"Internal, regional hours convince; low, proper requirements look electronic phases. More healthy links teach even good reasons. Still sexual years return now afraid c",Sports,basketball,8.29,12894.80,5.130924563973077
AAAAAAAAEIBDAAAA,Points question,Sports,basketball,65.30,4357.68,1.733949138717483
AAAAAAAAENMDAAAA,"Changes know widespread, large documents. Local, general months celebrate. Together long rats reproduce european purposes. All big advertisements must appear only. Dependent,",Sports,basketball,2.34,3395.40,1.3510516847499912
AAAAAAAAFBKDAAAA,"Close, present tears boost almost parties. Seasons can leave formerly now political books. Relationships pick daily,",Sports,basketball,2.21,1630.95,0.6489655843915292
AAAAAAAAFEGBAAAA,"Areas mean more republics; terms look whole courts. Inner, industrial problems come together equal, suitable incomes. Of course fresh provisions shall not convict here exam",Sports,basketball,9.28,1683.16,0.6697402820591963
AAAAAAAAFKDBAAAA,"Separate powers could not forgo cities. Dependent, financial dreams expect hundreds. Important benefits",Sports,basketball,3.75,15120.37,6.016493303452679
AAAAAAAAGCIBAAAA,"Main, famous parts would alter main, limited rooms. Rights teach home. Stories let words. Chi",Sports,basketball,4.77,8471.61,3.370908571315566
AAAAAAAAGEEDAAAA,"Different effects begin so ago revolutionary estates. Societies answer losses. Quiet penalties may hit. Sufficient, alive changes might achieve; slightly soviet guns should not need ever. Over extra b",Sports,basketball,2.05,6118.30,2.4345112572320997
AAAAAAAAGLECAAAA,"Required, passive companies may believe. Local instructions shall achieve sort of ",Sports,basketball,7.18,39.52,0.0157252643521587
AAAAAAAAGNFCAAAA,"There french demands shall provide early, deep things; standard patients pay now old, true words; even",Sports,basketball,7.95,14335.95,5.704367497199634
AAAAAAAAGPBDAAAA,"Main users ought to feel rats. Good families shall pick over experimental studies. Police ensure technological, early members. Royal produc",Sports,basketball,9.93,5709.27,2.2717555670002305
AAAAAAAAHDECAAAA,"Areas ought to make more definitely excellent companies; tropical, clear initiatives could wait more; holes ought to see arrangements. Dead members look easily dark tools. Whole, ethnic bedrooms di",Sports,basketball,3.28,13465.13,5.357862570500574
AAAAAAAAHLLCAAAA,Hence actual counties may sense at once. Single,Sports,basketball,0.97,9075.89,3.6113555030646163
AAAAAAAAICGDAAAA,"Centres contribute into a parents. Subject, labour families appeal little after the numbers; concerned eyes may not remove alone sooner to",Sports,basketball,4.92,2090.00,0.8316245570853159
AAAAAAAAIDFBAAAA,"Internal children stimulate thus then other months. Wrong police stay just live, whole commentators. Full minutes leave ",Sports,basketball,6.01,3528.64,1.4040687450303968
AAAAAAAAINABAAAA,"Exciting, fine circumstances could show happy, able ",Sports,basketball,2.07,4331.63,1.7235836747404147
AAAAAAAAJBGDAAAA,Ahead base ,Sports,basketball,3.81,908.25,0.3613985664941331
AAAAAAAAJJFCAAAA,"Real changes used to sell of course. Days agree with the purposes. Unable, married members give able, single types. Expected, national months ought to gr",Sports,basketball,5.83,7907.46,3.1464296268755274
AAAAAAAAJLDCAAAA,Above white months would begin there to a boys. Almost popular ,Sports,basketball,90.55,6481.26,2.578935395624294
AAAAAAAAKBHBAAAA,"Other policies think articles. Legal things might make much normal, local women. Months cannot rise over a companies. Ot",Sports,basketball,2.86,5759.67,2.2918100539270725
AAAAAAAAKEIDAAAA,"General governments must lead already. Comfortable, temporary policies tempt above on a adults. More similar membe",Sports,basketball,2.37,7074.63,2.8150411676040616
AAAAAAAAKICCAAAA,"Extremely other events take deliberately always human countries. Even due earnings shall help again indian, consistent years. However united things go brit",Sports,basketball,9.05,4849.92,1.929814627702974
AAAAAAAAKOPBAAAA,"Tall, inc politicians make wid",Sports,basketball,9.38,313.56,0.12476755795199601
AAAAAAAAKPCBAAAA,Su,Sports,basketball,5.82,1275.96,0.5077127606978851
AAAAAAAALDEBAAAA,"Chief, potential days should not get now already linguistic items. High, cultural birds would not stay then alw",Sports,basketball,78.09,6341.50,2.523323985050972
AAAAAAAALEEDAAAA,"National, immense agents touch by now insects. Young employers ought to agree small authorities. Decisions would qualify in addition sites. Ta",Sports,basketball,7.54,5021.01,1.997892448502843
AAAAAAAALOCBAAAA,Years make there now usual plans,Sports,basketball,3.89,2046.00,0.8141166716729935
AAAAAAAAMJBBAAAA,Officials fetch with the enemies. Benefits speak even important circumstances. Patients should see never in a standards; smooth households ought to accommodate nec,Sports,basketball,4.04,3509.09,1.3962896732165127
AAAAAAAAMMHAAAAA,"High, japanese terms recapture far from tightly similar sections; widespread, romantic teeth shall sort so elabo",Sports,basketball,0.18,3235.36,1.2873707306275348
AAAAAAAANDBCAAAA,"Weak, only interests mig",Sports,basketball,5.63,9518.35,3.787413207144984
AAAAAAAANIFCAAAA,Personal men find extensive years; coming reasons shall advise increasingly into a clothes. Yards might not talk today birds. Annual boxes mind yesterday in a dis,Sports,basketball,3.53,4330.90,1.7232932030051649
AAAAAAAAOBKBAAAA,"Main, fiscal bars must drink to a",Sports,basketball,0.37,4282.86,1.704177775386802
AAAAAAAAOCGEAAAA,"Small, joint arms provide together social audiences. Good, white wheels might confess green, decent tactics. Criminal, difficult members make else previously difficult sh",Sports,basketball,3.37,8747.09,3.48052385025617
AAAAAAAAOENAAAAA,There heavy,Sports,basketball,3.08,9296.78,3.699249066899341
AAAAAAAAAIDAAAAA,Instead local goods heat better metropolitan nations; however different posts remember normally in a minds. So good visitors,Sports,camping,3.26,10276.99,2.2902462646686663
AAAAAAAAAJKAAAAA,"United, early books me",Sports,camping,8.80,3278.60,0.7306420852158744
AAAAAAAAAOCBAAAA,"Available, new flowers must drive however subsequent figures; often di",Sports,camping,2.99,5512.04,1.2283683277598085
AAAAAAAABAMAAAAA,"As anxious words promote very open problems. Old, big dollars should demonstrate so residential, other purpose",Sports,camping,84.72,4914.78,1.09526783004248
AAAAAAAABHBEAAAA,"Personal times would consume now big, average systems. Miles might say at a words. Very suspicious things u",Sports,camping,5.01,6333.19,1.4113631268432634
AAAAAAAACACBAAAA,"Brilliant, possible experiences press relevant industries. Local, negative others look products. Only aware buildings shall not show tears. Numbers impro",Sports,camping,8.53,4682.99,1.0436129990377259
AAAAAAAACBCCAAAA,Then early day,Sports,camping,25.10,9702.20,2.1621532480880425
AAAAAAAACEODAAAA,"British, industrial methods shall help hungry bodies. Hands used to get together later exc",Sports,camping,4.63,9877.02,2.201112209027907
AAAAAAAACGBBAAAA,"Nurses could not account widely correct nations; old, solid films used to appreciate. Forward, national patients may not change in a examples. Certainly white points woul",Sports,camping,9.52,40395.39,9.002187513788959
AAAAAAAACJIAAAAA,"Willing, inadequat",Sports,camping,0.96,8020.87,1.787465742098899
AAAAAAAACLFEAAAA,No doubt essential materials may not remain usually l,Sports,camping,0.49,10550.54,2.3512073890543195
AAAAAAAACNCDAAAA,Systems may carry. At all working-class classes ought to gu,Sports,camping,3.57,4414.46,0.9837705909540868
AAAAAAAACNKAAAAA,"Different, ",Sports,camping,6.67,8461.10,1.8855718133410708
AAAAAAAADCNBAAAA,"Plans shall not look; beliefs may see long economic fruits. Working-class, possible costs must get later old services.",Sports,camping,8.82,3277.94,0.7304950029929004
AAAAAAAADDPBAAAA,"Appropriate, popular police used to decide liable, special arrangements. Wrong, fine reforms will not interview presumably fresh arrangements. Champions shall watch wide, present mechanisms. New, u",Sports,camping,9.85,7247.40,1.615096519366049
AAAAAAAADKIBAAAA,"Again top advantages will grasp there. Other contents gain final students. Mad, elderly texts should not like only. Either powerful men will car",Sports,camping,4.86,3579.11,0.7976112955581615
AAAAAAAADNGDAAAA,Aspects leave often possibl,Sports,camping,5.51,18406.84,4.101998401706511
AAAAAAAADOHBAAAA,"Original, additional years should say home sentences. Public ministers used to run. Personally sole reports will see relative solicitors. Excellent, envi",Sports,camping,4.34,8121.52,1.8098957811024303
AAAAAAAAEBIBAAAA,"Adverse references might not offer fully poor plants; yesterday used years note physically pink boats. New, good changes used to shake to a limits. ",Sports,camping,1.82,9331.44,2.079528695073147
AAAAAAAAEKNBAAAA,"Short years should not use studies. Back cells ought to make absolutely elderly, medical qualifications; roads get instead areas. Notes should go emotional,",Sports,camping,3.54,6917.11,1.5414907808416938
AAAAAAAAFKHAAAAA,"True, only fans rule discussions. Major yards move always children; much young powers should doubt then simple pp.. Eggs need indeed national, royal cities; unexpec",Sports,camping,2.76,2619.39,0.5837359152057614
AAAAAAAAFLGAAAAA,Immediate co,Sports,camping,5.38,13759.59,3.0663501278946788
AAAAAAAAFPCDAAAA,"Different things see much poor, olympic schools. Clearly intensive employers ought to develop shelves. Conditions decide still machines. Rare executives can mak",Sports,camping,3.54,14840.31,3.3071905824589742
AAAAAAAAFPLDAAAA,"Long schools feature previously young insects. Good, final miles should provide insufficient, small children. Powers will c",Sports,camping,7.57,2761.98,0.6155123609237299
AAAAAAAAFPOAAAAA,Religious hands used to send however simpl,Sports,camping,4.56,3111.73,0.6934547965072875
AAAAAAAAGBCEAAAA,"Technical students operate little procedures. Buildings look to a patients. Others could not produce today. Young, useful positions should help by a problems. Well-known, wealthy weapons save seeds.",Sports,camping,4.15,3626.88,0.8082569285755354
AAAAAAAAGEKAAAAA,Difficult numbers shall not run never small issues. Perhaps mature arms take o,Sports,camping,0.27,6914.56,1.540922508616567
AAAAAAAAGKJDAAAA,"Likely, modern others cannot play ",Sports,camping,16.89,324.37,0.0722864555546493
AAAAAAAAGPCCAAAA,American associations can ask. Developments give by a tro,Sports,camping,4.68,4124.80,0.9192193232167507
AAAAAAAAHHMCAAAA,"Otherwise remarkable men might want on a recommendations. Temporarily blind seats should leave original, recent areas. British, full police cannot consider close poli",Sports,camping,2.31,3027.71,0.6747307838189944
AAAAAAAAIAKBAAAA,"Still english governments would not visit technical, silly organizations. Also general sections know promptly. Eastern form",Sports,camping,9.41,16887.69,3.763453009235427
AAAAAAAAIFFBAAAA,"Words may not accept current, central themes.",Sports,camping,2.80,9665.22,2.1539121865644404
AAAAAAAAIGPCAAAA,Upstairs arab walls think well welsh tests. Studies benefit then yesterday desirable documents. Examples want ov,Sports,camping,0.66,1323.70,0.2949889978040179
AAAAAAAAIKPBAAAA,Rapidly other hours could question so beneath a arms; ,Sports,camping,0.40,16937.26,3.7744997755881844
AAAAAAAAIPPDAAAA,Considerable cells may speak at last by a relations. ,Sports,camping,4.65,9466.38,2.109600324115735
AAAAAAAAJFIDAAAA,Just broad conservatives learn in a children; lacking participants should not secure already details. Abo,Sports,camping,7.52,13726.06,3.058877905263895
AAAAAAAAKAFCAAAA,Important territories m,Sports,camping,2.17,15666.91,3.4913999241412292
AAAAAAAAKCBDAAAA,"Guilty, open buildings attempt ill social, strong functions. Principles could suffer home in the men. International",Sports,camping,96.35,31752.62,7.076130204315036
AAAAAAAAKCBEAAAA,"Dates take then new men; unusual, able documents go",Sports,camping,1.46,4117.56,0.9176058758010968
AAAAAAAAKFFAAAAA,"Numerous, specific courts top even on a machines. Children could not endure too payable acc",Sports,camping,51.70,10340.84,2.3044753554821336
AAAAAAAAKHFEAAAA,"Offers ought to want. Parts shall get long studies. Issues might not lose very bold, different opportunities. Of course absolute areas might balance bottom",Sports,camping,3.83,5381.85,1.1993552450189269
AAAAAAAAKIACAAAA,Different events try as openly civil organisations. Problems will wan,Sports,camping,2.55,3891.33,0.8671901010989717
AAAAAAAAKJDEAAAA,Frequent features used to respond even so maybe parliamentary relations. Quickly modern resources used to fulfil gene,Sports,camping,0.29,12629.16,2.8144317077182066
AAAAAAAAKKAAAAAA,"Important, glad rights change however. Only regular arms ought to operate in a minutes. Units fail quite like a centuries. Simply safe branches accompany major tenants; ",Sports,camping,1.65,4303.12,0.9589582656420831
AAAAAAAAKLCAAAAA,"Top, correct qualifications grab parts",Sports,camping,2.43,553.14,0.12326827396337119
AAAAAAAAKOBDAAAA,"As back meanings focus only new hospitals. Concerned birds will see other, sweet approaches. Programmes play levels. Records ensure very early technologies. Onl",Sports,camping,9.08,7138.91,1.5909193218350692
AAAAAAAAKOHBAAAA,Top standards might not stop almost feelings. Daily curtains ought to raise at a hours; mental flames happen so flowers. Direct tories c,Sports,camping,7.84,1242.42,0.27687559919291976
AAAAAAAAMEGEAAAA,"Prices increase factors; expected sons solve about armies; happy workers see vital, different members. Clear nations take then abo",Sports,camping,2.85,896.90,0.1998758269475135
AAAAAAAAMHHCAAAA,"Mean, similar odds must play teachers. Educational, special taxes shall make urgent, certain firms. New problems may not sit products. Then central doors used to stand ordinary, foreign leaders. Centr",Sports,camping,2.57,663.19,0.14779312038501669
AAAAAAAAMJKBAAAA,"All complete features clear much new interests. Now free weeks might make yet ashamed, japanese critics. Moreover only scholars b",Sports,camping,2.95,1542.40,0.34372669805312167
AAAAAAAAMNJAAAAA,"Arms reassess difficult lines. Quiet, top ti",Sports,camping,4.32,509.08,0.11344942132059334
AAAAAAAANBDCAAAA,"Hours must talk medical, cent",Sports,camping,3.81,6223.54,1.3869274211628142
AAAAAAAANKIAAAAA,Cert,Sports,camping,8.37,7588.14,1.691031059754159
AAAAAAAAOAACAAAA,As essential lines write even betw,Sports,camping,20.92,5642.24,1.2573836390192201
AAAAAAAAODKBAAAA,"About possible systems elicit unequivocally convenient, coherent members. Various members enjoy",Sports,camping,6.85,1822.89,0.40623441429853147
AAAAAAAAOKABAAAA,"Video-taped, other forms will adopt. Social plants will expect here all right convincing days. Concerned paths iron on a prices. Temporary, excellent members offer badly documents. Su",Sports,camping,5.88,448.23,0.09988888606609876
AAAAAAAAOKCCAAAA,"Roman, payable bones achieve wonderful things. British grounds facilitate too jobs. Level, true sales could sell then national, principal men; force",Sports,camping,3.57,2852.20,0.6356180551005663
AAAAAAAAOKEAAAAA,"Good titles can expect. Nuclear, attractive pupils might not tell political, dull moments. Attitudes used to grow usually chemicals. Police might not wish in a policies. Econom",Sports,camping,4.28,1747.48,0.3894291560644898
AAAAAAAAPAOCAAAA,To,Sports,camping,2.71,2145.74,0.47818213503663465
AAAAAAAAPPCCAAAA,"Relationships buy weeks. Bodies could resolve professional, difficult responses. Totally wise notes keep perhaps organic employers. Both other do",Sports,camping,5.79,4885.55,1.088753870379557
AAAAAAAAPPDEAAAA,"Early inc falls invent most similar, little systems. Solutions cannot contemplate international yar",Sports,camping,95.84,8324.00,1.8550188242960222
AAAAAAAAAEPAAAAA,"Boys used to argue civil, future refugees. Mental decisions could not stop spiritual newspapers. Sources present international parents. Expected, different reasons will not see simply serious s",Sports,fishing,3.57,8362.10,2.365553472354473
AAAAAAAAAIEBAAAA,"Realistic activities end effective, forthcoming visitors. Now national papers may not look on the plants. Statistical, pure systems accelerate poor sides. Artificia",Sports,fishing,0.91,7588.38,2.146675913771091
AAAAAAAAAKDBAAAA,Too great sites should want never polite blind parties. Yet elderly years correct now twice nice police. Only exciting aims used to restrict. Normal,Sports,fishing,3.46,8328.08,2.355929558609182
AAAAAAAAAKOBAAAA,Also good weekends co-operate public eyes. Quickly holy cells want just throughout the numbers; buildings used to think just young principles. British sources shall wait. Cheap concentrations might ,Sports,fishing,3.49,45.00,0.012730044636628513
AAAAAAAAAPACAAAA,Still good plans allow still happy patients. Funds shoot inside other years; also prim,Sports,fishing,3.35,9932.46,2.8097924255894946
AAAAAAAABEMCAAAA,"Lovely, popular variations might hit at a rates. Popular, extraordinary channels say forward",Sports,fishing,1.61,14517.25,4.106783122246562
AAAAAAAACCOCAAAA,Easily historical terms shall regulate over happy qualities. Experienced areas result responsib,Sports,fishing,5.78,1111.26,0.31436420895332895
AAAAAAAACDCDAAAA,"Early powers might hurt medieval, new customers. Outside profits could put often possible profits; alone everyday amounts take as on a pairs. Vigorously british engines shift more on",Sports,fishing,4.68,770.00,0.21782520822675458
AAAAAAAACIAAAAAA,"Final orders give else. International, living personnel may miss significant companies. Black, american numbers put then ",Sports,fishing,1.70,3668.34,1.0377362653851077
AAAAAAAACIADAAAA,"Strange, major years may say now cells. Slowly busy chi",Sports,fishing,6.61,4010.66,1.1345751293853448
AAAAAAAACJACAAAA,Well only animals must not demonstrate good products. Various products,Sports,fishing,0.39,5126.07,1.4501133313440517
AAAAAAAACNCAAAAA,"Cells will say quite with the manufacturers. Immediate steps shall assess hardly. Legal, high policies recognize also significant politicians. Only, political companies must not run d",Sports,fishing,3.38,2018.49,0.5710103955241842
AAAAAAAADDGEAAAA,"Units should not approve less women. Different, universal changes may not regret yet additional, smooth reservations;",Sports,fishing,0.66,4400.08,1.2447381067719199
AAAAAAAADEDAAAAA,"Institutional, ethical minutes say sources. Great lectures shall buy of course therefore steep men. Social sources go. Members meet all. All heavy tons will concentrate in the books;",Sports,fishing,5.52,20664.09,5.845661957229087
AAAAAAAADGJBAAAA,"Deposits see from a things; beautiful, blank customs can dry also cards. Hours will make by a mountains. Male tons study in particular soci",Sports,fishing,2.84,15253.06,4.314936325448287
AAAAAAAADICDAAAA,"Roots work never vulnerable, continued benefits; open problems will challenge more general buses. Windows must think b",Sports,fishing,8.07,12435.54,3.5178884284573186
AAAAAAAADKDDAAAA,"Just other courses ought to go as sites. Alone, true pupils used to pass real, different adults; forests wo",Sports,fishing,2.03,6113.92,1.7295661001061289
AAAAAAAAEBBEAAAA,"Expectations used to talk guilty, adequate questions. Following, accurate commentators get too on a politicians. Decisive, po",Sports,fishing,3.02,16510.93,4.670775019827752
AAAAAAAAEBECAAAA,"Related arguments must take more citizens. Natural prices keep all sometimes military actions; more tiny contributions will find new, ",Sports,fishing,1.60,11153.24,3.155138734289569
AAAAAAAAEDAEAAAA,Happy reasons pay real architects. Here medical stairs pass good police. New conditions feed othe,Sports,fishing,6.18,713.68,0.20189285013931194
AAAAAAAAEDGAAAAA,"Modern numbers stop various, old programs; children must not reinstate always in a tanks; passive, financia",Sports,fishing,2.45,,
AAAAAAAAEIABAAAA,"Working, likely costs may help ministers. National problems pull altogether typical appeal",Sports,fishing,4.24,7951.60,2.24942717628034
AAAAAAAAELBBAAAA,"Large products deny even. Appointed, consistent arms justify actually young values; poor levels play very to a contacts. True, electronic expressions die how",Sports,fishing,0.94,692.37,0.1958644667791663
AAAAAAAAEMDEAAAA,"Present, healthy situations need officially available ships; red, labour figures ought to s",Sports,fishing,6.02,4385.82,1.2407040970715126
AAAAAAAAFDACAAAA,"Similar objects should increase less fierce, big workshops. Possible officia",Sports,fishing,4.50,14386.35,4.069752836848013
AAAAAAAAFDLDAAAA,Fascinating ,Sports,fishing,2.84,5742.35,1.6244527070920833
AAAAAAAAFNHDAAAA,"Roughly current cats would think newly pensions. Now central others collect to a fingers. Local, good relationships ought to make lucky ",Sports,fishing,9.24,182.95,0.051754703694915256
AAAAAAAAFNICAAAA,"Other, quick terms might ask still at the feet. Racial pages develop universally right, extensive books.",Sports,fishing,9.31,2189.19,0.6192996981791283
AAAAAAAAGBDBAAAA,"Inappropriate, possi",Sports,fishing,1.11,5687.81,1.6090238929924894
AAAAAAAAGOLAAAAA,"Blue, fond things form of course little, japanese sales. Patients inform sad videos. Ugly problems use",Sports,fishing,2.34,1599.58,0.4525049955524053
AAAAAAAAIEBEAAAA,"Soon existing weeks sweep around fat faces. Walls find. Professional, normal championships should get yet possible things. Military, right authorities wo",Sports,fishing,2.97,11208.99,3.170909845144948
AAAAAAAAJLIDAAAA,"New, new departments could not possess as recent consequences. Young au",Sports,fishing,1.04,1894.27,0.5358698145294732
AAAAAAAAKAEDAAAA,"Temporary, linguistic phases used to refer maybe other, scottish agents. Now essential options confess even central, arbitrary eyes. All ot",Sports,fishing,5.31,1973.17,0.5581898261256952
AAAAAAAAKDNCAAAA,"Outside, various carers will use upwards on the friends. Comfortable,",Sports,fishing,6.61,5844.04,1.6532197790720555
AAAAAAAAKFODAAAA,"Goods used to swallow anyway poor illustrations. Probably practical women live here functional objections. Subjective, extensive topics organize low finally essential crews. Relatives jeopardi",Sports,fishing,5.19,11070.19,3.1316447296879693
AAAAAAAAKGKCAAAA,As a whole silver courts encour,Sports,fishing,4.30,2210.81,0.6254157774023263
AAAAAAAAKGNCAAAA,"Young, other ",Sports,fishing,4.78,6058.87,1.7139930121673201
AAAAAAAAKHBCAAAA,Payments deal. However outer oth,Sports,fishing,3.37,346.49,0.09801851480323141
AAAAAAAAKHPDAAAA,Abroad major kinds shall not levy vaguely ,Sports,fishing,2.52,15723.04,4.447888911633235
AAAAAAAAKIKAAAAA,W,Sports,fishing,4.01,5808.68,1.6432167928864736
AAAAAAAAKKLDAAAA,"Little, comprehensive purposes will not recognize policies; armed, bitter students might use always to a vic",Sports,fishing,9.51,14726.66,4.166023092187815
AAAAAAAALGOAAAAA,"Findings add. Games develop together potential, simple changes. Still other phases throw so. Serv",Sports,fishing,3.76,4221.27,1.1941545671835743
AAAAAAAAMAFAAAAA,"Less political cases establish in the surfaces. Waiting, important games need very. Alone, academic customers may not see for a c",Sports,fishing,5.13,3060.20,0.8656996132669017
AAAAAAAAMCFDAAAA,"Doors show now free weapons. Quiet, final places benefit. True",Sports,fishing,4.20,12539.21,3.547215622401303
AAAAAAAAMCNCAAAA,Families should not travel clear interests. Naturally unknown cou,Sports,fishing,3.45,5761.61,1.6299011661965603
AAAAAAAAMJDEAAAA,Shoes improve home ,Sports,fishing,38.56,2051.30,0.5802920125136904
AAAAAAAAMKFCAAAA,D,Sports,fishing,6.75,6693.07,1.893401774579538
AAAAAAAANNCAAAAA,"Effects used to look in a aspects. More domestic changes could turn away medieval, financial families. Domestic, alone techniques should we",Sports,fishing,1.40,11419.48,3.2304553361574797
AAAAAAAAOBBAAAAA,"Reasonable, parliamentary fires could",Sports,fishing,1.21,5133.98,1.4523509903012901
AAAAAAAAOHEBAAAA,"Young, known tons would think special churches. Important systems ought to stay",Sports,fishing,0.80,7732.86,2.1875478437510925
AAAAAAAAOMACAAAA,In general w,Sports,fishing,9.79,6406.32,1.812283101256133
AAAAAAAAPBAAAAAA,Bright advisers explain i,Sports,fishing,8.48,1299.87,0.36772006937365126
AAAAAAAAPHPAAAAA,"Problems see long corporate events. High, heavy lights ",Sports,fishing,3.11,9444.48,2.6717478215498947
AAAAAAAAPKGDAAAA,"Present lips get never. Sudden, plain minutes seek as in a tools. Extensive techniques should see great, wild rates. Right officers reform most calls. Brilliant heads may destroy",Sports,fishing,1.73,5324.93,1.506368813042717
AAAAAAAAABJBAAAA,Practical bodies shall distinguish together posts. Then sorry authorit,Sports,fitness,7.94,2200.99,0.6747931010875623
AAAAAAAAACGCAAAA,Legal edges attribute only out a feet; alre,Sports,fitness,4.61,5390.15,1.652545460827684
AAAAAAAAACLAAAAA,"Afraid, french boys used to judge sometimes details. T",Sports,fitness,7.85,7941.78,2.4348399376440515
AAAAAAAAADEBAAAA,"Interests command conceivably fine males. Permanent, new problems gain even in the products. National schools could carry already. Crimes outline then skills; voters cause already urban, formal chi",Sports,fitness,3.85,6129.04,1.8790789182548366
AAAAAAAAADKDAAAA,We,Sports,fitness,1.67,1349.28,0.41367059161351305
AAAAAAAAAEGEAAAA,Policies grow no longer arguments. Col,Sports,fitness,3.40,813.43,0.24938639076854316
AAAAAAAAAFJDAAAA,Careers will grant very transactions; ,Sports,fitness,3.33,4044.15,1.2398804718618737
AAAAAAAAAGPCAAAA,"Candidates tell financial, other years. Major territories look forward to a periods. Y",Sports,fitness,9.04,11061.68,3.3913581390366456
AAAAAAAAAJMCAAAA,"Black, good managers refer more contempora",Sports,fitness,4.36,5148.11,1.5783393434953772
AAAAAAAAANEAAAAA,Pictures see below increased pupils. Again experimental preferences will not set of course foreign unions; stones take ago negotiations. Others might not take still together wi,Sports,fitness,0.90,2131.18,0.6533903203448408
AAAAAAAAAOIBAAAA,"Twice expected days must put. About dry banks might forget large conclusions. Potential situations must not encourage western, full things. ",Sports,fitness,1.20,819.54,0.2512596322860626
AAAAAAAABACEAAAA,"Following, judicial democrats must create beings. Then small men see old, nuclear paintings. Fatal causes must contro",Sports,fitness,6.21,240.00,0.07358068153922324
AAAAAAAABMIBAAAA,Major operatio,Sports,fitness,7.21,63.14,0.019357850968277315
AAAAAAAABPECAAAA,Complete breasts may receive co,Sports,fitness,6.00,6535.12,2.0035774314192025
AAAAAAAACEHBAAAA,"Big, deep resources would not con",Sports,fitness,0.85,12467.52,3.8223692445995687
AAAAAAAACIMDAAAA,"Lovely reforms shall not rush physically financial, alternative galleries. Now environmental friends take only financial cells. Black, social lines must not stop however teams. Inland, id",Sports,fitness,9.36,281.02,0.08615684635896881
AAAAAAAACNEAAAAA,"Connections agree structures. Good minds incorporate more early, national lights; young, young p",Sports,fitness,3.45,1821.51,0.5584497801271272
AAAAAAAACNGCAAAA,Tenants used to describe annual weeks. ,Sports,fitness,3.02,1653.27,0.5068697223681317
AAAAAAAADBMAAAAA,Similarly difficult others must not prevent much really separate chemicals. Everywhere other places could not serve outside all right foreign ,Sports,fitness,5.24,6317.46,1.9368458849865886
AAAAAAAAEAJAAAAA,"Human, main prisoners permit. Years could concentrate human, high points. Political, capable patterns consider more european, stan",Sports,fitness,5.52,5097.28,1.562755568317716
AAAAAAAAELJBAAAA,"Molecular, famous assets might bear however big years. Full passengers cannot move flats. Various, certain errors take naturally. Light, russian weeks would remain quite realistic, cultura",Sports,fitness,6.11,2467.60,0.756532040692447
AAAAAAAAENBBAAAA,"Legal, positive forces think hours; modern, single elections cannot aboli",Sports,fitness,5.25,3357.29,1.0292986930200783
AAAAAAAAEOOAAAAA,"Other notes could want here years; successfully flat schools allow quite about a words. However simple channels get only. Prime, ",Sports,fitness,4.95,1398.93,0.42889259510693983
AAAAAAAAFAKBAAAA,Other children look related concentrations. Slightly direct workers should lessen just other models. Subsequent actions see about permanent respects. Fond situations ought to ask he,Sports,fitness,1.13,217.14,0.06657212162261222
AAAAAAAAFEHDAAAA,"Additional, horizont",Sports,fitness,4.30,6172.72,1.8924706022949753
AAAAAAAAFJJCAAAA,"Public firms might approve so in a children; running, northern characters accept also revolutionary funds. Documents resent all. So high parties will not play later creatur",Sports,fitness,2.80,7001.09,2.1464373904893352
AAAAAAAAFPFAAAAA,"Groups hurt children. Organisms would not pick somehow too square examples. Environmental years counteract further into a arguments. Nuclear, unawa",Sports,fitness,4.01,8378.00,2.5685789580650513
AAAAAAAAGCMDAAAA,"Men entice high, good incomes. Ma",Sports,fitness,3.69,4728.30,1.4496314021746217
AAAAAAAAGDDCAAAA,"Official, economic problems continue long. Surprising women move opponents. Significant, expensive newspapers ought to prove following, new featur",Sports,fitness,1.01,6796.96,2.083853954978495
AAAAAAAAGHPBAAAA,"Months could speak however initial regions. Even long criteria see fast competent managers; more supreme museums cook in the arts; different, recent children should contain likely serv",Sports,fitness,1.85,10547.16,3.233613421263474
AAAAAAAAGJJBAAAA,"Almost national members shall not help familiar, french tickets. Just heavy questions will find on a hab",Sports,fitness,73.49,2113.20,0.6478779009528606
AAAAAAAAGKPBAAAA,"Tory, digital advisers must get in the lips. Feelings ring on a places. Statistical other",Sports,fitness,24.87,7574.09,2.3221112676642304
AAAAAAAAGNNAAAAA,"Friends would not visit; jobs could grow. Proposed, similar issues could sell only capable, consistent time",Sports,fitness,7.77,2735.32,0.8386112909494504
AAAAAAAAGPHBAAAA,Rules should not assist away ultimate expectations. Weapons should make more rates. New achievements might occur boots.,Sports,fitness,91.03,2481.77,0.7608763667649919
AAAAAAAAHJFEAAAA,Children might achieve maybe most imposs,Sports,fitness,3.06,6875.52,2.1079393647356675
AAAAAAAAHMPAAAAA,Other persons could rea,Sports,fitness,1.05,8618.08,2.642184166498121
AAAAAAAAIAPAAAAA,"Books take ever good quarters; hot, high proposals would protect; utterly social years may live as. Birds allow quickly as major ages. Rarely splendid books study better argu",Sports,fitness,0.29,3515.85,1.0779109966236584
AAAAAAAAICDAAAAA,Valuable officers must not put for the defences; purposes hurt in particular by a structures;,Sports,fitness,7.42,315.84,0.09683217690561778
AAAAAAAAIIIBAAAA,Though straightforward addresses shall li,Sports,fitness,0.67,1260.63,0.38649172736996246
AAAAAAAAINGBAAAA,"Soft, new germans bear unable ins",Sports,fitness,5.60,244.29,0.07489593622173685
AAAAAAAAKCDEAAAA,Rates beat. Go,Sports,fitness,7.50,11740.68,3.599530150558031
AAAAAAAAKGPAAAAA,Just royal sports will not halt hotels. Months might walk already available variables. Rules might f,Sports,fitness,49.69,6187.58,1.8970264728269455
AAAAAAAAKJPBAAAA,"Feet find royal, economic losses. High labour stations must go at prese",Sports,fitness,1.23,920.19,0.2821175306065743
AAAAAAAAKNMCAAAA,"Tasks shall approach so seats. Foods may generate particularly about a difficulties. Little, comfortable seconds take senior, certai",Sports,fitness,5.34,7102.42,2.1775037674075413
AAAAAAAAKPGDAAAA,Rema,Sports,fitness,2.26,14115.63,4.327656982314608
AAAAAAAALKPBAAAA,"Public dates will not draw then arrangements. Recent, optimistic years shall not like at least. Possible contacts shall return different, other men; colours",Sports,fitness,6.83,3454.81,1.0591969766188494
AAAAAAAALLMAAAAA,"Small, white drawings shall reduce explicitly artists. Difficult, remarkable transactions invade about other, nuclear duties. Great, wooden horses gain truly dark, japanese blocks. Again comple",Sports,fitness,2.96,877.22,0.26894352274932254
AAAAAAAAMBGEAAAA,"National, valid fans erect happy, increased risks. Accountants reas",Sports,fitness,54.79,6159.93,1.8885493651412808
AAAAAAAAMBKCAAAA,Growing residents used to divorce. Today emotional years used to finance impatiently requirements. Important styles ta,Sports,fitness,4.97,17680.91,5.420722533473615
AAAAAAAAMDNAAAAA,"Awful, faint hands might measure proper opportunities. Sick thousands must not play groups. New, only jobs go also spaces. Rates shall discus",Sports,fitness,9.09,4300.14,1.3183634663086476
AAAAAAAAMFACAAAA,Grey questions will not obtain comparatively final children. Now mora,Sports,fitness,9.97,1611.79,0.4941525279087693
AAAAAAAAMJAEAAAA,"National notes could advise in the sets. Military, separate sons may abandon just vague,",Sports,fitness,3.74,14554.04,4.462067426454652
AAAAAAAAMJCCAAAA,"Directors shall understand so mental concepts. Other tables can go conditions; agencies try due, prime specialists. Central, only term",Sports,fitness,0.98,5747.70,1.7621653470124725
AAAAAAAAMKDEAAAA,"Small, reasonable nerves can tell recently carelessly low studies. Illegal, new doctors might drive occasionally whole reasons. Then only reas",Sports,fitness,9.69,1133.51,0.34751849304802057
AAAAAAAAMNIBAAAA,Either favorite shareholders shall not hold again changes. E,Sports,fitness,7.80,22000.93,6.745180932903095
AAAAAAAAMPHDAAAA,Rural reasons must meet by ,Sports,fitness,6.95,3092.12,0.948001237504429
AAAAAAAAOEDCAAAA,"Serious, poor students attempt thus orders. Chapters pay more pregnant projects. ",Sports,fitness,3.14,17731.32,5.436177542458583
AAAAAAAAOIFBAAAA,Points account. Able goals will not promote then economic funds. Softly ready details used to remem,Sports,fitness,3.55,419.85,0.12872020476767865
AAAAAAAAOOFEAAAA,"Keys keep cold, scientific objects. Teams earn above against the marks. Very, old clothes buy fully political applications. Often urban movements participate necessarily machines. R",Sports,fitness,1.18,14293.10,4.382066830451132
AAAAAAAAPCODAAAA,"Sensitive, old years go increasing boys. Afr",Sports,fitness,0.46,1974.11,0.6052348301391499
AAAAAAAAPEFEAAAA,"Automatic eyes shall not halt acutely excellent, true members. Less clean attitudes fly however likely dogs. There historic men beat. Carefully strong bones can use. Royal member",Sports,fitness,4.08,2350.62,0.7206675901655372
AAAAAAAAPNKCAAAA,Changes enter personal words. Heavy environments cou,Sports,fitness,2.33,418.54,0.12831857688094372
AAAAAAAAAIIDAAAA,Potential resources emb,Sports,football,43.19,3465.99,1.6243730141092154
AAAAAAAAAJBEAAAA,"Technical, chinese notes may match as short stones; objects ought to put from a weeks. Experiments would render there briefly br",Sports,football,0.42,585.27,0.2742929996819669
AAAAAAAAALMDAAAA,"Long, personal forces should intercept on the friends. Wonderful, short accounts tell legal problems. Chief, new children would blame entirely. Primarily main services l",Sports,football,2.45,6949.19,3.256811677447892
AAAAAAAABIOCAAAA,Right goods wait sometimes for a police. Very royal problems send nearly increased stones. Joi,Sports,football,4.63,1193.10,0.5591589828977305
AAAAAAAACBIAAAAA,Measures give once at a a,Sports,football,1.00,6264.27,2.935816647218813
AAAAAAAACBOAAAAA,"Magnificent, british words would not discourage ne",Sports,football,0.25,8354.24,3.915303278252901
AAAAAAAACKPBAAAA,Thu,Sports,football,2.92,8762.81,4.106783946799147
AAAAAAAAECDEAAAA,Conditions could not begin. Together ,Sports,football,1.08,13088.61,6.1341160465552464
AAAAAAAAEKIDAAAA,"Ago likely posts try too. Equal shareholders place with the days. Real, civil winds start however on a lips. British, concerned women shall occur actually. Globa",Sports,football,84.88,5986.12,2.8054586964242416
AAAAAAAAELHDAAAA,Clear projects fall. Students must identify then. Great curtains cannot accept together managers; ,Sports,football,3.79,2758.40,1.2927534476784006
AAAAAAAAEMGBAAAA,Useful conservative,Sports,football,2.85,1434.69,0.6723827015116461
AAAAAAAAGBFCAAAA,"Similar, daily words cease words. Sophisticated parts might locate successful banks. Ideas spend to a things. Issues may dare angry details; tall, commercial players must not seal ordinary p",Sports,football,4.15,510.95,0.23946214257949494
AAAAAAAAGCDDAAAA,"Complete, external windows appear now things. Indoors extreme symptoms might not depend mass experiments. High, certain years use well attractive factors. Afte",Sports,football,3.59,107.70,0.05047474851905588
AAAAAAAAGGDCAAAA,Specific glasse,Sports,football,3.93,4269.56,2.000974626620429
AAAAAAAAGICEAAAA,"Public, personal jobs drink democratic, social components. Rats manipulate the",Sports,football,7.52,18332.43,8.591687966510637
AAAAAAAAHIJBAAAA,"Shortly actual hills could cope well long proper needs. Honest, human questions may face in a eggs; strangely retail computers should emerg",Sports,football,0.55,68.53,0.032117312126377896
AAAAAAAAHNJCAAAA,Children can create from the changes. Helpful offices will survive to a clubs; often regional sources support quite examples; other pages require fast,Sports,football,2.64,47.25,0.022144214183151257
AAAAAAAAIHNAAAAA,Strengths must appear opposite hours. Difficult costs exaggerate to a areas. Years use either to a individuals. Only odds confront just lips. National occupations show already areas. About ge,Sports,football,2.04,2867.25,1.3437671559077342
AAAAAAAAIIDAAAAA,Weeks must twist. Children fall for a girls; gr,Sports,football,3.30,2234.31,1.0471331045832104
AAAAAAAAIJNCAAAA,As black newspapers shall get again then sweet reasons. Around brown teachers opt ever extensive decisions. Quite separate kids might settle still st,Sports,football,64.24,2909.76,1.363689918763306
AAAAAAAAIMECAAAA,"Little, soviet boys break new, human teams. Ready activities seek short ill, concerned years. Just grateful periods shall require alternatively so present teams; just co",Sports,football,0.70,1263.21,0.5920167787999683
AAAAAAAAIODDAAAA,Del,Sports,football,5.23,2459.66,1.1527457747667686
AAAAAAAAJPCCAAAA,Differences must see instinctively now preciou,Sports,football,1.28,4578.60,2.1458095038936795
AAAAAAAALECCAAAA,"Fresh appeals see already sometimes little bits. International heads may live young hours. Nowadays blue studies shall prevent other, possible lips. Physical w",Sports,football,4.39,5681.24,2.662573447320344
AAAAAAAALGIDAAAA,"Front cities may discuss so cool, critical results. Months make. Intentions might take responsible, light inhabitants. S",Sports,football,1.08,7056.80,3.307244246511361
AAAAAAAALIFBAAAA,"New, social databases contrast near policies. Important peoples affect. Present, key hopes used to tell away surprising records. ",Sports,football,6.81,6078.84,2.8489129088911573
AAAAAAAAMANAAAAA,Successfully just wome,Sports,football,2.40,11069.04,5.18762312300251
AAAAAAAAMDEAAAAA,Gene,Sports,football,0.52,8157.76,3.823220840100402
AAAAAAAAMEGBAAAA,"Remote, english songs bowl as. Pieces will not impose tests. Mature fees discuss more possible pupils. Sides knock before. Environmental, big variations must pass on a pp.; full firm",Sports,football,6.49,9927.21,4.6524923699708145
AAAAAAAAMFODAAAA,"Available, expensive contracts used t",Sports,football,7.89,7838.07,3.6733947272493626
AAAAAAAAMIACAAAA,As brief towns will mind resolutely somewhat large resources. Rather pu,Sports,football,4.81,5456.74,2.5573591386617736
AAAAAAAAMLMAAAAA,"Fine, old shares speak. Inevitable risks need most social interests; problems can come res",Sports,football,4.19,7893.76,3.699494437045335
AAAAAAAANLFCAAAA,Only women challenge to a indivi,Sports,football,4.22,5710.89,2.6764692346331573
AAAAAAAANLHDAAAA,"Anywhere extensive systems pass closer parallel classical claims. Only, res",Sports,football,0.76,8321.66,3.9000343153304233
AAAAAAAANNKBAAAA,"Large, existing tests must head rural, s",Sports,football,9.76,6932.87,3.249163136168124
AAAAAAAANOEAAAAA,Nasty customers pick in a considerations; surprised positions sacrifice principal players. Grounds would not offer together only individuals. Therefore glad negotiations can underst,Sports,football,4.83,8213.77,3.849470521294017
AAAAAAAAOHEAAAAA,Subsequent schools ensure more useful hours. Statistical ways may not undertake much relationships. Fa,Sports,football,1.83,495.00,0.2319870057282513
AAAAAAAAOKEBAAAA,Fatal words must win often fortunately very shadows. Provisions ,Sports,football,8.38,4072.57,1.908653171552938
AAAAAAAAOMCBAAAA,Quite regular keys could use now concerned cases. Players used to u,Sports,football,2.00,1809.85,0.8482054188227789
AAAAAAAAPBDDAAAA,"Doors produce years. Smooth authorities walk never late high items. Local, great degrees see possibly industries. Visible, able shops avoid less sexual ideas. Too controversial restrictions bui",Sports,football,4.69,33.28,0.01559702535482061
AAAAAAAAPIKBAAAA,"Supreme hours deal to a roads. Other forces indicate to the friends. Comfortable, special shares could r",Sports,football,2.66,8444.00,3.957370255291624
AAAAAAAAPKFBAAAA,H,Sports,football,2.08,1688.77,0.7914599912397958
AAAAAAAAACCDAAAA,Under little conditions will jump drivers. Raw millions exploit well too little dogs. Theoretical in,Sports,golf,4.14,1790.30,0.42441611906011234
AAAAAAAAADCDAAAA,"Exclusive, square materials could come therefore. Funds watch in the words. Now social mistakes say appropriate countries. Social processes used to call twice for a years.",Sports,golf,4.26,3079.14,0.7299540014761516
AAAAAAAAALECAAAA,"Outside top instructions shall go everywhere old mountains. Then appropriate women grow certain, foreign hours. Very direct n",Sports,golf,1.19,3064.32,0.726440709355015
AAAAAAAABAGDAAAA,"Concepts warn as good, economic men; agents would take. Perhaps prospective numbers g",Sports,golf,2.48,2741.79,0.6499803781923842
AAAAAAAABIHAAAAA,Large charges sit together unfortunately true years. Fast members bite at once useful others. Priests restrain very ,Sports,golf,4.18,2263.66,0.5366328504002759
AAAAAAAABJPDAAAA,"Public signs could not understand great, cognitive students. Male beds account able foods; ",Sports,golf,5.22,14523.62,3.443031019998787
AAAAAAAABLNAAAAA,Naturally psychological kids ought to buy scientists. ,Sports,golf,7.78,17605.57,4.1736511720053295
AAAAAAAABMECAAAA,"Years shall satisfy specimens. Local, fore",Sports,golf,9.14,8412.30,1.9942555540241205
AAAAAAAACAGDAAAA,"High developments used to ensure here. Women could get short clearly low others. Days may pay therefore other, early boys. Particularly quick doctors widen. American estates g",Sports,golf,7.38,23796.36,5.641266133585038
AAAAAAAACDIDAAAA,"So angry ways punch straight similar, real fingers; ",Sports,golf,1.26,5346.06,1.2673596813173793
AAAAAAAACFHDAAAA,Technical effe,Sports,golf,1.49,612.12,0.1451117660722091
AAAAAAAACGCBAAAA,"Tests used to adhere. Right nervous areas work enough; minimum, odd times can wish. Even small wome",Sports,golf,5.94,14191.46,3.3642877601501544
AAAAAAAACHAEAAAA,Small police enjoy very for a years. However pretty pag,Sports,golf,60.91,1426.94,0.338276454745929
AAAAAAAACJIBAAAA,"Findings want now deeply willing soldiers; internal teachers submit then criminal, senior lines. Real members pay perhaps really commercial signs. Emotional, conservative flights must want.",Sports,golf,4.55,6864.58,1.6273464796836652
AAAAAAAACNPCAAAA,Still high persons may define in a places. Too possible compa,Sports,golf,1.07,2050.22,0.48603385780004665
AAAAAAAADICAAAAA,"Long old elements consider often just great conservatives; likely, foreign consequences may remember; massive",Sports,golf,32.36,13230.22,3.136412124622398
AAAAAAAADLFAAAAA,"Available problems could keep late, great risks. Supreme situations ought to follow once even beautiful systems. Narrow, late authorities should tell e",Sports,golf,3.04,3010.86,0.7137672547803886
AAAAAAAAECFDAAAA,"Comfortable women shall write; suddenly american accounts make. Old, unusual conventions weave private, general walls. Plants could accept after a women. However optimistic degrees reject sever",Sports,golf,3.73,10057.63,2.3843044693864477
AAAAAAAAECOAAAAA,"Too surprising relations work long-term prices; young, other tensions used to try as matches. Local blocks used to think. New differences will ",Sports,golf,43.29,6523.41,1.5464672709813592
AAAAAAAAEDADAAAA,"Commonly short forms formulate vast years. Fires should introduce however about lesser figures. Relationships cry with a sentences. Costs may turn thereby social, sma",Sports,golf,3.75,2296.88,0.5445081246421218
AAAAAAAAENCEAAAA,"Great, likely forms get responsible, surprised ways. Quiet, increased interests must encourage nowhere so white beliefs. Industrial",Sports,golf,0.71,14732.38,3.4925205519291835
AAAAAAAAEPCEAAAA,Members melt for a rights. Windows stop wel,Sports,golf,64.31,9853.55,2.3359243981258837
AAAAAAAAFANBAAAA,Then whole members must ban yet s,Sports,golf,4.20,4459.54,1.057197486227634
AAAAAAAAFBABAAAA,"Tears may not use well eyes. Normal, availa",Sports,golf,2.85,5953.08,1.4112624197365655
AAAAAAAAFIIBAAAA,Beautiful bodies pass equally very reasonable groups. Only statutory resources should not succeed at large steps. Ne,Sports,golf,8.20,1684.62,0.39936316957551604
AAAAAAAAGAAEAAAA,"Underlying, established weeks keep then parti",Sports,golf,3.48,6568.05,1.5570498189089932
AAAAAAAAGCCEAAAA,"Years may supply straight social, proud weeks; together serious members call also from a diseases. Then european remains regard p",Sports,golf,1.10,6055.94,1.435646848048314
AAAAAAAAGDEEAAAA,"Others will understand now. Broken times like still. Wrong papers develop; relations used to introduce; old laws should not stay slightly to the worlds. Free, particular cases ",Sports,golf,6.37,10880.47,2.5793704133106075
AAAAAAAAGEDBAAAA,"Needs hear personal benefits; western, new meetings should get popular, fun features. Courts can make. Things should hee",Sports,golf,8.58,8165.65,1.935783657824502
AAAAAAAAGHAEAAAA,Black years will happen both practical areas. Pleasantly ,Sports,golf,7.67,12962.74,3.073002180185042
AAAAAAAAGJMCAAAA,Signs t,Sports,golf,4.19,5610.88,1.330139034861198
AAAAAAAAGMKDAAAA,"Alone, foreign governments cross houses. Silent, bad developers can adopt today american loans. Too social men shall make so at a characters. Possible nations bear further rich stones. Thereby existin",Sports,golf,4.29,6058.92,1.4363532995004724
AAAAAAAAHDPAAAAA,Cognitive artists can know slightly oth,Sports,golf,6.26,8154.72,1.9331925456191024
AAAAAAAAHNHBAAAA,"Children should ignore. Thinking, big points take well. Months carry short, political organizations. Basic, useful voices would call gradually for a friends.",Sports,golf,1.58,4089.11,0.9693817776964173
AAAAAAAAIEDEAAAA,"Irish techniques used to recur only recent rumours. Good, sudden effects could lose also dangerous meetings; churches ap",Sports,golf,0.85,7275.49,1.7247585488804427
AAAAAAAAIEEBAAAA,In,Sports,golf,7.82,2229.40,0.5285110293429115
AAAAAAAAIHMCAAAA,"Southern, broad schemes go much at a alternatives. More other lists might build. Unfair, legal men will appreciate yet for a walls. Di",Sports,golf,4.59,1947.82,0.46175847904131595
AAAAAAAAIMFDAAAA,Written reasons contri,Sports,golf,3.54,2639.00,0.6256125443778341
AAAAAAAAIMHBAAAA,Obligations pay then current companies; statutory emotions must become prematurely months. Overseas european letters may reform so central old paintings. Servants chase courts. ,Sports,golf,2.17,2989.02,0.7085897716545031
AAAAAAAAIPJAAAAA,New activities used to gain at a types; things take; gods complete for example here alive months. Much basic rates reopen however by the trees. As common workers happen above. Views attac,Sports,golf,9.43,6778.73,1.6069945141911162
AAAAAAAAJDEAAAAA,Borders may stay too b,Sports,golf,8.11,6035.90,1.4308960805646718
AAAAAAAAJIJCAAAA,"Sons speak still industrial, effecti",Sports,golf,8.91,5944.29,1.409178625016944
AAAAAAAAKBJCAAAA,"Serious, large officers go even. Objects agree never french, real numbers; expectations resume. Different, above armies will say others; practical members could not mention. More pure demands go espec",Sports,golf,2.63,10703.11,2.5373246986948996
AAAAAAAAKEPCAAAA,"Old, german children can give near wrong",Sports,golf,1.53,8643.03,2.0489533874323422
AAAAAAAAKJEAAAAA,"Hot seeds should ask significant, l",Sports,golf,7.66,18417.33,4.366090444087236
AAAAAAAAKMMAAAAA,"As bloody years would not think already royal small women. Video-taped children mention. Medieval, experimental judges rely widely for a things. Current respondents answer sing",Sports,golf,2.22,5227.49,1.2392509737058295
AAAAAAAAKPECAAAA,"Highly ethical companies ought to look at a managers. Sentences might go well acceptable, private lakes; big, running instruments buy through a communities. Silly ch",Sports,golf,1.81,8041.10,1.9062573060237218
AAAAAAAAKPPAAAAA,"Now armed errors should make. Young things get hotly private, depend",Sports,golf,4.09,10793.80,2.5588240551365917
AAAAAAAALCBCAAAA,Future minutes care so limited words. Horses ought to prevail soon on a rates. Operations date also good words. Tests must not force positions. Procedure,Sports,golf,6.67,1711.82,0.4058113170583039
AAAAAAAALJOAAAAA,"German animals get even rules. Notes sustain so vital, heavy dangers. Home central changes must not make years; generally previous responsibilities vary for a de",Sports,golf,0.82,10403.00,2.466179347920655
AAAAAAAALLHCAAAA,"Games must not fill married, yellow machines; goals go quite affairs; cases get against the situations. Beds must like large, limited approaches. Le",Sports,golf,3.20,1125.08,0.2667162415417255
AAAAAAAAMDKDAAAA,"Sweet, japanese branches would not leave special imports. As old seasons feed in a operations. Better afraid feet can sell old employers. Precisely rig",Sports,golf,8.72,370.02,0.08771851219048359
AAAAAAAAMEECAAAA,"High lessons can fall particularly. Americans can help factors. Alone, full firms must find allegedly little studies. Schools feel currently so economic shares. Al",Sports,golf,0.42,2783.50,0.6598683278801445
AAAAAAAAMEFCAAAA,Boys will feel unions. Go,Sports,golf,7.24,21981.76,5.211089353354642
AAAAAAAAMLBCAAAA,"Far brief affairs must put now fun, competitive words. Members can heat so natural others. States exceed again operations. Honours would count difficulties. St",Sports,golf,9.38,11220.95,2.6600860476833867
AAAAAAAANDDDAAAA,"Cheap, full authorities might not prove suddenly true objects; concerned, fortunate studies might save more. Genetic la",Sports,golf,0.74,14454.52,3.4266498806215577
AAAAAAAANEEEAAAA,Public publications move. However national students beat much. National persons might sustain to a items. Priva,Sports,golf,1.45,38.70,0.009174386308231216
AAAAAAAANKHBAAAA,Appropria,Sports,golf,9.27,14.22,0.003371053573722168
AAAAAAAANMJAAAAA,"Complicated rounds indicate about public regions. Friends should understand on the players. Likely, environmental stocks might afford however earlier free shelves. Weeks thank more and so ",Sports,golf,5.84,1342.08,0.3181591828566137
AAAAAAAAOGPAAAAA,"Old, lovely goods go; more frequent trees cut strongly there brilliant pools. More small trends send more si",Sports,golf,1.28,1434.05,0.33996198153279006
AAAAAAAAOLNDAAAA,"Mental, written families cannot help about visitors. Professional positions used to keep very for the skills. Proposals should not operate possible possibilities. Histori",Sports,golf,3.12,5881.83,1.394371592231101
AAAAAAAAPABDAAAA,Simply mild years should n,Sports,golf,3.32,428.25,0.10152276321705474
AAAAAAAAPJNDAAAA,"Interests help historical, real organs. Certain signs place more available hills. Personal, considerable proposals will ring like a states. Years would not make also professional hours. Terms s",Sports,golf,1.27,2854.20,0.6766287700504791
AAAAAAAAAAEDAAAA,"Marginal lengths recover continuous balls. Royal, new beds will tell potential, essential teachers. Only evil windows show predominant",Sports,guns,3.30,1575.78,0.501002956552687
AAAAAAAAABDDAAAA,"Then theoretical officers might allow so instances. Services could adopt ever correct, full stages. So international terms accept terms. No",Sports,guns,93.05,1240.01,0.39424835710244927
AAAAAAAAABGEAAAA,"International calls return just. At all contemporary sales sound yesterday young words. Rights should not know new problems. Tory, demanding adviser",Sports,guns,3.23,1277.38,0.4061297621757297
AAAAAAAAABHAAAAA,"Crops conclude most. Ideal, positive days hit by the values. More equal purposes may monitor studies. Other mothers can say police. More detailed emissions find als",Sports,guns,6.47,21146.37,6.723269676196579
AAAAAAAAAIFDAAAA,"Professional, initial members might learn both. Awful police will dem",Sports,guns,2.40,2603.16,0.8276478038683655
AAAAAAAAAMDCAAAA,Thanks,Sports,guns,2.94,13277.72,4.221513774942406
AAAAAAAABKDCAAAA,Official pressures get literally. Fully tall glasses develop easily capable posts. Psychological windows must not ignore eyes. Ashore traditional schools touch with a cuts. Eastern,Sports,guns,5.44,1218.21,0.38731727252665277
AAAAAAAACAKCAAAA,Clot,Sports,guns,4.59,4255.10,1.3528650448840185
AAAAAAAACDNBAAAA,Unusual coins will ban only troops; however vague years might drink somet,Sports,guns,1.64,4146.19,1.3182382365743857
AAAAAAAACJGAAAAA,"Apparently literary pounds ought to come welsh, large d",Sports,guns,7.02,6870.53,2.184413968373715
AAAAAAAACKABAAAA,"Dogs know historical, key attitudes. British, absolute girls discover far recent policies; only, solid children must involve generally talks. Elsewhere standard pages might want at the ",Sports,guns,2.31,8076.48,2.5678333006756313
AAAAAAAACLDBAAAA,Yesterday open systems will not think only; together broad industries make on the cases; so other charges declare here for a men. Followers may not be,Sports,guns,2.21,10248.42,3.258379164600191
AAAAAAAACLHAAAAA,Close new wor,Sports,guns,7.03,9458.28,3.007162322090107
AAAAAAAADKLBAAAA,Cars study earlier dead years. Special thanks will not facilitate. Reduced doctors ma,Sports,guns,9.11,7073.93,2.249082895103853
AAAAAAAAECICAAAA,"Recent, dead services justify on the mater",Sports,guns,1.37,1214.20,0.3860423344922975
AAAAAAAAEHCBAAAA,Effects will catch empty times. Respectivel,Sports,guns,0.26,678.84,0.21583015841438913
AAAAAAAAEHKBAAAA,"Political forces make adequate, small purposes; concerned agencies move mo",Sports,guns,6.89,2252.55,0.7161749798720349
AAAAAAAAEPFBAAAA,Original hands fight noisily now single presents; unlikely affairs make. Unduly new proteins know deep from a issues. Other,Sports,guns,8.96,13889.72,4.4160928465198115
AAAAAAAAFLDDAAAA,"Pretty, established folk continue sheets. Labour, soviet thanks might talk here managerial women. Increasing, alternative costs stop. Never absolute components used to like reall",Sports,guns,14.96,11540.97,3.6693320714096287
AAAAAAAAGBFBAAAA,"Easy true hospitals may label full times. Particular, excit",Sports,guns,3.71,3395.86,1.0796785719066164
AAAAAAAAGFLDAAAA,"Powerful, applicable hundreds might not help wrong, complex months. Basic conditions touch too; there pure reasons expect familiar, familiar st",Sports,guns,4.62,5053.74,1.6067843744993442
AAAAAAAAGMEDAAAA,"Passengers imply as here european operations. Original sources make passive, acute game",Sports,guns,3.81,7059.35,2.2444473348692147
AAAAAAAAGODDAAAA,"Parties need now great, presidential times. Organisms ask significant, ethnic firms. High miles serve calmly. High proc",Sports,guns,4.44,8631.73,2.7443692965798054
AAAAAAAAHOGBAAAA,Really genuine forms could clarify always along a jobs; systematically other holidays ought to lead men. Reports delete annually usually full ,Sports,guns,2.90,8552.84,2.7192870368465676
AAAAAAAAIDDCAAAA,"Funny words shall not change furious, left troops. Different cases would not prefer financial facilities. Mothers stop ago periods. Standard controls must n",Sports,guns,4.77,48.38,0.015381920723717144
AAAAAAAAILBDAAAA,"More following figures will consider only in a products. Green, mat",Sports,guns,5.30,2107.58,0.6700832674429884
AAAAAAAAIMMCAAAA,Certain curtain,Sports,guns,31.00,3006.12,0.9557647690363906
AAAAAAAAINFDAAAA,Applications develop more french windows; very light studies press enough british scientists. Substa,Sports,guns,9.10,11169.00,3.5510680562876553
AAAAAAAAJOODAAAA,"Clear notions ought to tell free, northern elections. Problems may let seriously changes. So differe",Sports,guns,3.77,794.69,0.2526634679605369
AAAAAAAAKBHCAAAA,"Hands used to create; heavy, old accountants put also by a friends. Both high rules keep just dreadful courses. Settings sing of course most medical places. Trying standards make suppo",Sports,guns,1.17,14920.48,4.743812329884397
AAAAAAAAKFLDAAAA,"Too english studies shall monitor on the descriptions. High, colourful opportunities will boast usually on the parents. Most amazing scenes get quickly animal",Sports,guns,3.00,1917.85,0.6097605758573982
AAAAAAAALFOBAAAA,"Concerned buyers used to call bitter, particular restrictions. Point",Sports,guns,72.70,12001.45,3.8157369257886544
AAAAAAAALLNCAAAA,"Bright, urgent reports enforce young, weekly components. Positive, afraid police love more for a men; clear notes must hear then modestly very pounds; very recent flo",Sports,guns,1.13,496.57,0.15787929668822287
AAAAAAAAMEHAAAAA,"As usual other children pronounce much at the models. Social provisions will return conferences. Real, general politicians raise; complete, main seconds may not pay new, conscious animals. Produ",Sports,guns,0.86,1115.52,0.35466804889873804
AAAAAAAAMEJAAAAA,Broad shoes may not ,Sports,guns,95.42,555.64,0.1766599923713558
AAAAAAAAMFHCAAAA,"Passive, english lips deal also past services. Even inner members benefit as white, free fingers. Chi",Sports,guns,8.46,14153.79,4.500051172388186
AAAAAAAAMIEBAAAA,Links use only to a laws. Rights may find increased,Sports,guns,5.29,3730.83,1.186178819629302
AAAAAAAAMJNAAAAA,"Arguments might strengthen very immediately sole services. Numbers place else normal, mental countries. Widely terrible",Sports,guns,9.15,2296.42,0.7301229927316768
AAAAAAAAMPNDAAAA,"Hence favorite problems cannot achieve special, main voices. Advertisements could not need still men. All large years receive students. International clients save near a dangers. Boots ",Sports,guns,7.59,1967.25,0.6254667950337444
AAAAAAAANHODAAAA,"Examples shall look finally current designs. Islamic, following meetings would not meet too",Sports,guns,30.34,1231.50,0.3915426906006131
AAAAAAAANKGCAAAA,"Attractive,",Sports,guns,7.44,6691.10,2.1273660552803593
AAAAAAAANLHAAAAA,"Major orders should not matter relations. Related doubts will attack. Great, following charts should form to the",Sports,guns,0.12,1934.17,0.6149493510994624
AAAAAAAANODBAAAA,"Internal, free practices see a little other, level scientists. Primary notes recoup there. Games ought to sing key, blue subjects. High, single facilit",Sports,guns,2.17,18054.75,5.74032106627805
AAAAAAAANOHDAAAA,Small stories would not,Sports,guns,4.59,8454.77,2.6881066944452665
AAAAAAAAOBLDAAAA,"Working futures say perhaps capable, independent services; little, national benefits see books. Then overseas senses may not look very. ",Sports,guns,9.08,4372.87,1.3903087985762916
AAAAAAAAOENDAAAA,"Entire sentences depress equally unique demands; banks worry entirely poor, new pp.; great doctors will not allow easier foreign houses. Acc",Sports,guns,9.82,9961.32,3.167098688374908
AAAAAAAAOMDCAAAA,Coloure,Sports,guns,80.57,952.32,0.3027802964780965
AAAAAAAAOODAAAAA,Prime years should ask short for long simple bits.,Sports,guns,6.00,3117.60,0.9912086822707847
AAAAAAAAOOGBAAAA,"Dead germans waste probably administrative, identical firms; enormous files see of co",Sports,guns,36.92,16144.32,5.132919602693699
AAAAAAAAPANDAAAA,"Genuine, recent cells must manifest for instanc",Sports,guns,5.61,3046.45,0.9685872755016142
AAAAAAAAPCDCAAAA,"Previous, pale mountains survive explicitly key, soviet standards. Professional, flexible effects shall not devise so. Yea",Sports,guns,4.39,8062.28,2.56331855751158
AAAAAAAAPCHBAAAA,"Situations reveal yet. Rich, regular results catch stubbornly away from a duties. L",Sports,guns,6.63,3820.72,1.214758415616382
AAAAAAAAPLOAAAAA,Sorts should go pregnant authorities. Equal allowances express rural reasons. Low opportunities pick really democratic wo,Sports,guns,2.46,3661.99,1.1642918534734383
AAAAAAAAABCEAAAA,Resources put high operations. Right social probl,Sports,hockey,5.17,7401.48,3.5986656482210346
AAAAAAAAAEKCAAAA,"Better suitable practices may take yellow, difficul",Sports,hockey,54.72,8821.84,4.289257359622974
AAAAAAAAAENCAAAA,"Very internal adults must get things. Irrelevant, young organisations shall see stores. Only unacceptable things become here major sheets. New, profitable minutes mean little beneath the situations.",Sports,hockey,1.55,9887.20,4.80724490197785
AAAAAAAAAKJDAAAA,Consistent banks may remove so variations. Times c,Sports,hockey,0.98,2356.27,1.145639508170498
AAAAAAAABDPDAAAA,"Working, local services save for a areas. Beautiful children split somewhat authorities. Rarely friendly services come much dry",Sports,hockey,2.41,1063.74,0.5171998838933083
AAAAAAAABJPAAAAA,"Everyday, different games may not try powerful, italian ch",Sports,hockey,77.28,4728.28,2.298931944850294
AAAAAAAABMJAAAAA,Other years get. Sexual shares tell so in a hours. Models op,Sports,hockey,2.66,924.98,0.4497335331976162
AAAAAAAACANBAAAA,"Personal, low teeth stop yet partly inadequate fields; years used to get simply new differences. Small signs could make yet. Nowhere young skills can say about medical",Sports,hockey,4.71,630.10,0.3063602448353672
AAAAAAAACHBAAAAA,Sec,Sports,hockey,2.13,8673.89,4.217322748889134
AAAAAAAACLCCAAAA,"Eyes used to become studies. Managers should approach widely concerned conclusions. Dead, similar goods keep above ",Sports,hockey,94.58,5535.90,2.6916039983877313
AAAAAAAACLJAAAAA,Words mu,Sports,hockey,3.69,3035.19,1.4757364728167883
AAAAAAAACMKBAAAA,"Political, old colleagues shall arrive potentially. Half likely weekends find underground perfect ",Sports,hockey,8.04,3930.73,1.9111560152066704
AAAAAAAADEDDAAAA,Luckily significant periods leave perhaps lacking mountains; sufficient mistakes could not research more initial things. Also early cases will clear roads. Mainly clean hundreds take ,Sports,hockey,5.19,7321.37,3.559715451087625
AAAAAAAADLCAAAAA,"French nations demonstrate in an skills. Rooms carry rural guidelines; options pay splendid, square fields; prices overcome small, racial parts. Weeks cannot preserve all but lakes. F",Sports,hockey,0.09,4168.12,2.026577152361833
AAAAAAAADLODAAAA,"Spanish, usual structures divide special, public se",Sports,hockey,7.94,1058.66,0.5147299425446912
AAAAAAAAEEADAAAA,"Social, other grou",Sports,hockey,13.77,2555.20,1.24236104999735
AAAAAAAAEMFEAAAA,"Good, required animals must remain german accountants. Considerations should",Sports,hockey,4.56,17551.24,8.533569566043946
AAAAAAAAFICBAAAA,"Citizens shall believe later complex, demanding advisers. Major minutes want so maybe grateful women. Running, sufficient words attack also easy hands. Anyway only weeks appeal nonetheles",Sports,hockey,3.52,5200.87,2.528709421610723
AAAAAAAAFMBEAAAA,"At all domestic eyes must mind unfair, major pictures. Peculiar, natio",Sports,hockey,7.88,4811.65,2.339467183085375
AAAAAAAAGGEDAAAA,"Private parents shake fully available americans. Small interests see only sufficient, hard objects. C",Sports,hockey,0.32,6275.18,3.0510485338612914
AAAAAAAAGIFEAAAA,"Furthermore slight minutes fall used, crucial features. Personal ears kee",Sports,hockey,5.33,8572.26,4.167909335648985
AAAAAAAAGIMDAAAA,More personal others c,Sports,hockey,1.34,2082.43,1.0124960556300806
AAAAAAAAGOIAAAAA,"Men shall not see available gardens. Additional, other institutions will bring even closely separate bills. About great hands burn law",Sports,hockey,0.45,5590.50,2.7181510057960967
AAAAAAAAHADDAAAA,"Only bright books might take through a days. Good problems may not invite too good departments. Essential things influence once. True, past workers may agree main mi",Sports,hockey,5.04,358.98,0.17453928057609924
AAAAAAAAHDJAAAAA,"Easy, possible others could limit foreign differences. Late conditions want either resources. Still old clubs could like periods",Sports,hockey,3.78,711.04,0.34571399537809794
AAAAAAAAHDOBAAAA,"Good resources used to bring young, s",Sports,hockey,5.08,1165.73,0.5667883323471395
AAAAAAAAHLEAAAAA,Then friendly specialists may work early for a rocks. Years describe enor,Sports,hockey,7.00,5018.95,2.4402582936303228
AAAAAAAAIHHBAAAA,"Pieces become frequently other days. Criteria understand a bit in the roses. Whole, interest",Sports,hockey,8.39,1137.15,0.5528924812165337
AAAAAAAAIIADAAAA,"Absent, interior states take alternatively. Moments shou",Sports,hockey,3.00,6698.08,3.2566662890444
AAAAAAAAIPNBAAAA,"Best sophisticated forests shall improve over national western negotiations. Other, ill plans shall g",Sports,hockey,8.97,16321.53,7.935673586554184
AAAAAAAAKNBBAAAA,"Reduced, german reasons would not laugh leading",Sports,hockey,4.68,3946.96,1.9190471860901461
AAAAAAAALEEAAAAA,Marks shall not ensure little too dry groups. More clear relations ought to make in private concerning the reports. Careers ,Sports,hockey,5.90,1414.14,0.6875674918766643
AAAAAAAAMHDBAAAA,"Aspirations render meanwhile to a clubs. Difficult companies could not feature just today great copies. Players can go very beyond a animals. Empty, southern communities ",Sports,hockey,9.05,1356.58,0.6595813060446952
AAAAAAAAMKAAAAAA,"Automatic, black developments get thus new profits. Chemicals describe widely similar temperatures. Easy features used to emphasize different ",Sports,hockey,0.83,6105.96,2.9687722592524346
AAAAAAAAMKHDAAAA,Long schools bring. Whole fears live fr,Sports,hockey,4.08,5377.38,2.614530159296631
AAAAAAAANFICAAAA,"Dreadful, independent patterns used to create. Still difficult years pursue. Also narrow jobs advise about a defendants; women square. Warm rights go always enough natural rates. Vehicles surprise ",Sports,hockey,1.82,5100.57,2.479942666243341
AAAAAAAANMIBAAAA,"Dogs can say no longer from a facilities. Deaf, general areas use",Sports,hockey,3.07,233.26,0.11341309428709373
AAAAAAAAOAAAAAAA,Important grounds rip there just big vehicles. Journalists w,Sports,hockey,1.85,5908.07,2.872556374709551
AAAAAAAAOCICAAAA,"Lines must move narrow, separate courts. Good, c",Sports,hockey,4.94,3113.64,1.5138795631315551
AAAAAAAAOFIBAAAA,Com,Sports,hockey,7.44,371.60,0.18067523723349066
AAAAAAAAOJCBAAAA,Available years ,Sports,hockey,2.31,8514.36,4.139757838781872
AAAAAAAAPMPBAAAA,"Greatly annual standards used to correspond soon through a classes. Great, beautiful boats must design as on a aims. Clear sp",Sports,hockey,3.41,10641.84,5.174157606568488
AAAAAAAAAADCAAAA,"Complex days may transfer most effective defendants. Consistent, other days must beat away historic areas. Careers know christian girls. Individual, importa",Sports,optics,2.72,3242.48,1.0000867929558666
AAAAAAAAAEAAAAAA,"Public, annual h",Sports,optics,2.02,6096.12,1.8802426230151355
AAAAAAAAAEMAAAAA,"Terms involve most for example heavy claims. Primary, substantial perso",Sports,optics,1.16,8665.37,2.6726832834978094
AAAAAAAAAFPAAAAA,"Advanced discussions know very months. Units carry particularly able, jewish ways; here deep techniques get on a vegetables. Chief, other points used to report ",Sports,optics,8.45,5913.78,1.8240030083289778
AAAAAAAAAGFDAAAA,Situations must watch wide on a cases. Average representations supervise abruptly instructions. Highly permanent children point a,Sports,optics,4.07,10321.48,3.1834817274919556
AAAAAAAAAKGAAAAA,"American, urban children can sleep new houses. New owners shall not make in a obj",Sports,optics,1.73,540.75,0.16678497116123608
AAAAAAAAAMHAAAAA,Abso,Sports,optics,3.41,2494.93,0.7695179437804952
AAAAAAAAAMOAAAAA,"Major, old comments get maybe british difficulties. Hard pale foods drop. Grand, i",Sports,optics,9.98,4159.26,1.2828517043958998
AAAAAAAABFCCAAAA,"Empty, male rights must not prepare at a movements. Services would creep more great, conservative forms. Rates think never. Also flat consequences must provide so other, other",Sports,optics,1.24,14432.50,4.45145463945361
AAAAAAAABIABAAAA,"Good children might make afterwards. Old, other lines shall focus new, different championships. Academic months shall not appoint thereafter for a voters. Projects must not mate little wo",Sports,optics,6.80,3343.25,1.0311675540172032
AAAAAAAABKCAAAAA,"Past, adequate years may not worry also open male",Sports,optics,0.79,11934.37,3.6809497111003626
AAAAAAAABKIDAAAA,Only socia,Sports,optics,4.92,3792.30,1.1696692485154982
AAAAAAAACBHAAAAA,"Techniques could not try careers. Special standards put leading hundreds; visual, new schools know badly old documents. Incidents cannot wonder a",Sports,optics,2.15,758.20,0.23385365720656348
AAAAAAAACCGAAAAA,Weeks must not deal too front streets. Typical,Sports,optics,7.78,9571.72,2.952231242096027
AAAAAAAACDBBAAAA,"Closely good levels cover very words. More crucial topics choose whole, famous courses; important resources might adopt just. Crossly territorial blues will carry still wings. Authorit",Sports,optics,0.51,4455.47,1.3742125482381
AAAAAAAACFABAAAA,"Following keys keep muscles. Glorious, single stocks can make for a children. Catholic, hungry parties used to buy decent, productive we",Sports,optics,7.88,2585.59,0.7974804504572915
AAAAAAAACHNDAAAA,"Various meals should not cope events. Presidential, early companies used to select still days. Computers could spend hours. Gene",Sports,optics,6.61,7521.92,2.3200059367122052
AAAAAAAACIFBAAAA,"Other states shall not win cultures; ideas achieve authorities. New, primitive rules steal also that is familiar patients. Necessary tons ought to find here too o",Sports,optics,5.97,16105.90,4.967585884467411
AAAAAAAACJGDAAAA,"Natural laws could not prevail open financial weapons. Again other titles combat examples. True remarkable managers cease small, aware applications. Original effects should not give companies. Legs",Sports,optics,0.80,7159.84,2.208328632305251
AAAAAAAADFFAAAAA,"Gastric ends go personal, official years; concentrat",Sports,optics,1.51,25.25,0.007787925144375795
AAAAAAAADMBDAAAA,"Independent gains appear now new, agricultural things. Neat, high things make now. Dangerous rights will like by a consultants; happy days might make for a",Sports,optics,3.91,7467.29,2.3031562594592447
AAAAAAAADOMCAAAA,Material problems join as. Political fingers must f,Sports,optics,9.17,981.14,0.3026156386595195
AAAAAAAAEABDAAAA,"Good subjects used to walk so willing, old yards. Here bright centres hit. Boundaries cannot allow easi",Sports,optics,3.04,7506.39,2.3152159772075653
AAAAAAAAEKBBAAAA,"Just cold grounds plead never front, new exports; different, easy statements ought to describe outside united grounds; na",Sports,optics,3.58,5814.69,1.7934404141683364
AAAAAAAAFNNAAAAA,Alone loans shall bring ,Sports,optics,1.86,1186.88,0.36607257803393045
AAAAAAAAGBOCAAAA,"Now short soldiers collect alone things. Independent, high ele",Sports,optics,4.40,5791.20,1.7861953305389744
AAAAAAAAGGPCAAAA,Particular facts stay. Even boring crimes can,Sports,optics,2.99,1191.60,0.3675283802787405
AAAAAAAAGJDEAAAA,"Bad amounts must not go above slow, whole patterns; big files rai",Sports,optics,1.66,6941.67,2.1410378747310546
AAAAAAAAGKICAAAA,"Whole, specific countries shall call much beneficial, new discussions. Areas would not prevent altogether always popular books; heavy, sorry sources receive difficult, forward of",Sports,optics,1.74,91.20,0.028129060323448418
AAAAAAAAHAFEAAAA,"Elected, large years compensate perhaps with a balls; together critical waves must not sit a",Sports,optics,3.31,3560.59,1.0982023124678422
AAAAAAAAHFDBAAAA,Samples adopt about for a workers. Plans must know today. Su,Sports,optics,1.65,12736.28,3.9282849607053683
AAAAAAAAHHCDAAAA,"Situations know courts. Features enlist new, actual lives. Previous, keen years wish rules. Effective, impossible minutes could learn absolut",Sports,optics,47.98,9275.11,2.860747025182233
AAAAAAAAHODBAAAA,"Costs ought to supply sufficiently progressive policies; earlier scottish points like most welsh, ethnic edges. Urban, quiet workers shall continue as hands; available rus",Sports,optics,1.87,14736.24,4.545137981368569
AAAAAAAAIFNDAAAA,"Rules get overall, english strangers. Detailed, bad things observe this",Sports,optics,5.34,2270.88,0.7004136020538656
AAAAAAAAILDDAAAA,"Books free reasonable movements. New, safe nights would not find very; classes would lunch sooner great wages. Deaf shops fail probably global games. Still forei",Sports,optics,4.24,691.68,0.2133367154004693
AAAAAAAAINEAAAAA,"Talks might not react now populations. Powerful effects would take more wide, dangerous seconds. Less common patients could come just ",Sports,optics,3.09,988.68,0.3049412210590678
AAAAAAAAJHGDAAAA,Things sample probably white creditors. Funds woul,Sports,optics,1.43,3785.89,1.167692195043203
AAAAAAAAJKMAAAAA,"Particular, necessary servants might make however lawyers; right deep influences give labour holes. Barely difficult moments used to discuss only political,",Sports,optics,4.37,14307.12,4.4127833501624485
AAAAAAAAKKFEAAAA,"Relevant planes can seem particular months; critical, canadian policies could make; also medical examinations ans",Sports,optics,3.13,1264.84,0.3901179896876151
AAAAAAAALEICAAAA,Still local bones hear authorities. Naval cuts act. Years should lead bo,Sports,optics,7.14,206.46,0.06367901090328026
AAAAAAAAMCHBAAAA,Offences shall ensure,Sports,optics,1.95,1878.56,0.5794092934343997
AAAAAAAAMDBBAAAA,"Quickly convenient hands take appropriate possibilities. Imaginative, right stations condemn abroad homes. Necessary years will not respond. European others believe most. Waters could contact less w",Sports,optics,1.28,1322.28,0.4078343627685238
AAAAAAAAMFAAAAAA,"New, quick observations merge too worth a children; shares could live there crucial mountains. Simply eastern pounds shall crush immediately married long wives. Corporate, import",Sports,optics,4.48,9755.44,3.0088964938791847
AAAAAAAAMGNBAAAA,Ready services shall notice here always de,Sports,optics,8.68,3162.61,0.9754522748853202
AAAAAAAAMJJBAAAA,"Spanish workers want always. Systems survive thus from a words. Later key libraries defend newly responsibilities. Ago large exhibitions can tell young, other children. Others come home. Right, hot ",Sports,optics,1.17,9496.91,2.929157393381146
AAAAAAAANEJCAAAA,Now known customs touch certainly details. As well other,Sports,optics,0.72,3315.30,1.0225468606395673
AAAAAAAANINDAAAA,"Sufficient men might not publish however involved factors. Parliamentary, great years must turn; merely due police must use no doubt active publishe",Sports,optics,1.50,3410.18,1.051810953221681
AAAAAAAAOALAAAAA,"Little desperate laws may not use just under a rights. Confident, socialist relatives form beyond natural christians. Only, real systems shall lose authorities",Sports,optics,2.52,4799.24,1.4802424502928353
AAAAAAAAODPAAAAA,In addition single circumstances integrat,Sports,optics,5.94,5852.77,1.805185530584092
AAAAAAAAOFABAAAA,Communist efforts ,Sports,optics,2.46,210.51,0.06492816325317025
AAAAAAAAOGADAAAA,"Ideological experts should not find very quick accounts. Late walls would not mask thus western, social arms. Solicitors must inform extra roads. From now on planned ca",Sports,optics,0.24,1122.37,0.3461755859125965
AAAAAAAAOGCDAAAA,"Open, local subjects shall not set early. Urban, white consumers could not reflect soldiers. Now original employees ought to weaken halfway likely, int",Sports,optics,3.15,10835.36,3.3419791125688603
AAAAAAAAOGLBAAAA,"Terms buy helpful, alone years. Ago level nerves support past so wonderful provisions. Current companies can collaborate different, essent",Sports,optics,6.43,6810.55,2.100596181862518
AAAAAAAAOHCCAAAA,"Once again labour children begin sure, hard children; meanings develop considerable, new firms. Old, possible police like sometimes available, indirect police; necessary, free wings se",Sports,optics,3.66,17918.17,5.5265491756118825
AAAAAAAAOIECAAAA,Public contents thin,Sports,optics,5.87,3917.64,1.2083282004995006
AAAAAAAAOIHCAAAA,Others should suggest then measures. Classical dreams will not disclose also recently necessary societies; services add,Sports,optics,82.56,6872.14,2.1195925505612148
AAAAAAAAPCOAAAAA,Sites he,Sports,optics,93.19,5299.95,1.6346777769875047
AAAAAAAAPDDEAAAA,"Useful, familiar pairs can depend as well. Teachers help unknown, large numbers. Simple, financial arts identify less active persons. Stations develop quite to every proposals. Common, central prize",Sports,optics,2.31,4323.57,1.3335302778799547
AAAAAAAAAELCAAAA,"Good, good ",Sports,outdoor,3.92,2969.00,0.9430838568946959
AAAAAAAAAKHAAAAA,Cases spell ever l,Sports,outdoor,6.76,4022.83,1.2778262148978408
AAAAAAAAANECAAAA,Helpful co,Sports,outdoor,3.67,5091.88,1.6174031085365321
AAAAAAAABNGCAAAA,"Good, similar institutions will become always thinking floors. Whole, minute steps raise much old readers. Clear workers see instead. Thanks might lift. Public situations translate similar rat",Sports,outdoor,2.13,14716.60,4.67463384586611
AAAAAAAABOMBAAAA,"Arguments appoint merely significant, different jobs. Free arrangements ought to stop in an supporters. Responsible women wake bare structures. Hands sleep still political responses. Yet simpl",Sports,outdoor,1.31,3019.17,0.9590200364502387
AAAAAAAACFKAAAAA,"Shoes mind also national, new technologies. Long, able plants used to try just individuals. Inne",Sports,outdoor,0.60,9468.40,3.007576689330326
AAAAAAAACGAAAAAA,"Years know merely religious reasons. New animals modernise well racial pieces. Various, chi",Sports,outdoor,3.16,3890.81,1.2358909064481143
AAAAAAAACGFDAAAA,U,Sports,outdoor,9.66,139.37,0.044269988930755726
AAAAAAAACIDEAAAA,"Low voluntary alternatives respond there following users. Bright, unlikely odds integrate; meanings remain then social, particular calls. Cli",Sports,outdoor,3.48,3522.52,1.1189059439503888
AAAAAAAACIICAAAA,"Italian, reasonable cases attempt only certain efforts. Companies might not show cheap new cells. New patterns migh",Sports,outdoor,8.69,3510.58,1.1151132793322267
AAAAAAAACPGDAAAA,"Endless, senior ports study today real, overseas students. Usual, cold profits might identify workers. Controversial, domestic dogs may grow either soviet, sharp st",Sports,outdoor,6.76,5276.74,1.6761227049614407
AAAAAAAADGOCAAAA,"Sacred years state unexpectedly white, other types. Feelings reduce years. Childre",Sports,outdoor,0.09,8322.50,2.643588884811757
AAAAAAAAEAFEAAAA,"At last valid problems see as well single, political teams; worldwide widespread words get recent",Sports,outdoor,0.92,20356.51,6.466115178078628
AAAAAAAAEHMAAAAA,"Political, average systems would watch by far acute areas. Simple, short soldiers retire. Future hun",Sports,outdoor,0.55,4266.72,1.3552963131996418
AAAAAAAAEMCBAAAA,"Children may reduce deliberately legal events. Firms may not keep for example in a books. Blue leaves state specific, pale appearances. Rows get again at a dogs; ne",Sports,outdoor,92.60,514.72,0.16349751526468098
AAAAAAAAEMDAAAAA,"Small, full states might not join forward both sure possibilities. Top women achieve true ya",Sports,outdoor,4.66,18502.54,5.877213467682178
AAAAAAAAENPDAAAA,Children fe,Sports,outdoor,6.47,7234.65,2.298040291439276
AAAAAAAAEODEAAAA,"Available, small debts used to produce; guests give",Sports,outdoor,23.68,3771.44,1.1979737895745812
AAAAAAAAFACDAAAA,Simply arab matters must feel,Sports,outdoor,4.58,481.32,0.15288821892911922
AAAAAAAAFBCCAAAA,"Necessary, soft faces must assess then partly honest",Sports,outdoor,4.81,8640.54,2.744612256265711
AAAAAAAAFECCAAAA,"Miles like also dominant, poor author",Sports,outdoor,6.09,2647.36,0.8409169684704418
AAAAAAAAFGEBAAAA,"Items come important, internal matters. Famous, modern feet wi",Sports,outdoor,6.87,1731.20,0.5499046052731887
AAAAAAAAGCCAAAAA,"Arguments used to make originally discussions. Clear, great strategies will want geographical railways. Important patients ought to protect right also western children. French circumstances get up to",Sports,outdoor,3.72,3313.92,1.052645488393557
AAAAAAAAGCJDAAAA,"Individual, english grounds used to increase. More special signs must give at least given eyes. Then average feet will not see for a illustrations. Valid d",Sports,outdoor,6.67,11388.01,3.6173285258185803
AAAAAAAAGDFAAAAA,Much poor companies must offer equal powers; parliamentary terms seek so. Social men beat british clothes. Under ,Sports,outdoor,1.75,8905.06,2.828635342094537
AAAAAAAAGFEBAAAA,"Great, small females ought to please. Grey players may take difficult, subsequent doctors. States can hear now. Available minutes cause able, popular scales. Regular",Sports,outdoor,6.76,195.22,0.06201038415054986
AAAAAAAAGFIBAAAA,About ,Sports,outdoor,4.68,3050.75,0.9690512214285932
AAAAAAAAGJIAAAAA,"Necessary, historical paintings find do",Sports,outdoor,3.63,8159.30,2.5917494488248205
AAAAAAAAHHEBAAAA,Children could see. Multiple thousands raise as a claims. Concessions ,Sports,outdoor,7.97,2643.52,0.8396972170354552
AAAAAAAAHKBBAAAA,"Authorities offer complete, ",Sports,outdoor,4.43,1504.73,0.4779678585332286
AAAAAAAAHNEBAAAA,"Recent, sim",Sports,outdoor,1.34,3707.85,1.177774832868642
AAAAAAAAIFMDAAAA,"Immense shares could take together aspirations. Plans pay. Charges should perceive above. Other results refute then by a machines. Years shall notice practical, future objectives",Sports,outdoor,2.16,13776.68,4.376074270664876
AAAAAAAAIICCAAAA,"Social, patient firms could work always easily chinese changes. Other contro",Sports,outdoor,8.30,4701.91,1.493531632728777
AAAAAAAAILGAAAAA,Positive reasons,Sports,outdoor,5.25,6376.54,2.0254671393881116
AAAAAAAAIMBCAAAA,"Programmes could stand forward pupils. Tory schemes benefit different, urban p",Sports,outdoor,6.57,15048.22,4.779970817446918
AAAAAAAAJCFAAAAA,"Unusual, good courses",Sports,outdoor,84.32,1702.48,0.5407818809990171
AAAAAAAAJILAAAAA,"In particular atomic weeks should not make quickly wise successful models. Average groups smoke popular, interesting ",Sports,outdoor,8.78,11491.20,3.6501061691978203
AAAAAAAAKBFDAAAA,Full lives embark late methods; eve,Sports,outdoor,9.23,1849.42,0.5874564320034316
AAAAAAAAKCLAAAAA,"Major, gay police say high services. Responsibilities tell yesterday other activities. Deep advances should take in a sources",Sports,outdoor,6.89,269.28,0.08553506937844517
AAAAAAAAKCOAAAAA,Measures mean definitely even honest policemen. Criticisms cannot close eyes. Other goals ought to form. Then local areas should buy more very nation,Sports,outdoor,39.82,6947.21,2.206736814232873
AAAAAAAAKINDAAAA,"Soviet, bad hands could betray voluntarily forcibly electric tables. Rats effect so blind, old shoulders. Days used to give publicly for the critics.",Sports,outdoor,9.33,4565.04,1.4500557528051743
AAAAAAAAKMABAAAA,Very local reports may pull black contexts. Ma,Sports,outdoor,2.90,4592.04,1.4586321300824248
AAAAAAAAKMAEAAAA,"Again general children make too wholly prime details. Recent, serious places used to take already. Other, actual women stay around internal, other clo",Sports,outdoor,3.81,11784.02,3.7431185689876165
AAAAAAAALFGDAAAA,"Most royal activities seem german claims. Private users like academic, expensive duties. Good, responsible missiles direct never. Early ideas reach particularly. Other firms increase co",Sports,outdoor,7.43,6149.30,1.9532858070739485
AAAAAAAALLAAAAAA,"Benefits may show only goods. More economic issues may fetch then human, political pilots. British, appropriate friends must make. Cultural forces believe. Much obvious numbers make rough",Sports,outdoor,0.79,4060.79,1.2898839660624493
AAAAAAAALONCAAAA,Almost leading hills access frequently. Awkward schools increase today for a items. Linguistic cells see below that strategic representati,Sports,outdoor,6.27,10928.48,3.471361760995805
AAAAAAAAMGOCAAAA,Good fields may want mo,Sports,outdoor,38.33,11607.65,3.687095766750999
AAAAAAAAMLCAAAAA,"Now silly doctors make units. Evenly natural figures cannot rectify so unpleasant eyes. Top proceedings follow. Steps try quite dependent, financial tanks. Already ",Sports,outdoor,2.43,6275.04,1.993226313697707
AAAAAAAAOGCBAAAA,Concerned businessmen play big ages. Here annual solutions ought to organise seriously hardly national doors. Just young reforms land highly national conditions. American pieces move into,Sports,outdoor,7.68,1849.52,0.5874881963637177
AAAAAAAAOIGDAAAA,"Really other times used to write. Students use long, basic years. Financial families can meet evenly satisfactory stars. Early syst",Sports,outdoor,4.69,486.68,0.1545907886404549
AAAAAAAAOJJDAAAA,Steps ,Sports,outdoor,1.26,745.82,0.2369049518858882
AAAAAAAAONHDAAAA,"Chairs imagine objective, rich stages. French friends reduce flat public walls. Human teachers ought to take",Sports,outdoor,6.24,4093.12,1.3001533837429495
AAAAAAAAPADBAAAA,"Single, formal societies lead relative, important bombs; there dark files prepare gradually days. Labour supporters would fol",Sports,outdoor,3.86,5307.80,1.6859887152663073
AAAAAAAAPFMCAAAA,Furious projects will,Sports,outdoor,8.53,5167.12,1.6413026132158035
AAAAAAAAPNAAAAAA,Common cha,Sports,outdoor,5.87,77.12,0.024496674652650367
AAAAAAAAACBBAAAA,Regional years save for a gardens. Sure departments know almost active studies. Members would go all more new regions. Bands ought to need,Sports,pools,3.20,19095.25,5.724204627009325
AAAAAAAAAJDBAAAA,"Various, reasonable stones survive uniquely private, lucky hours. Economic children",Sports,pools,83.43,2204.19,0.6607525220569347
AAAAAAAABDCEAAAA,Men may come now. Stages help only for a eyes. Ef,Sports,pools,1.22,12429.49,3.72600223455394
AAAAAAAABFKAAAAA,Pounds,Sports,pools,3.18,5115.30,1.5334192497370183
AAAAAAAABGFBAAAA,"Yet likely days might not carry minimum, personal elements. Partial, ruling eyes could understand fans. Plans wish. Wonderful millions will worry for",Sports,pools,4.01,27.93,0.008372607597825136
AAAAAAAABKEBAAAA,Factor,Sports,pools,0.83,12596.13,3.7759560952808138
AAAAAAAABOJBAAAA,Di,Sports,pools,30.29,9832.83,2.9475985379922283
AAAAAAAACACEAAAA,"Intelligent, true boys try f",Sports,pools,0.62,136.56,0.040936745204403886
AAAAAAAACBDBAAAA,Mostly main references develo,Sports,pools,6.04,7865.63,2.3578887754987945
AAAAAAAACEEBAAAA,Men increase high necessary gardens. Necessary types should get affairs. Key books should not understand like,Sports,pools,8.12,757.52,0.22708262468687782
AAAAAAAACIECAAAA,"Economic, real years ought to enjoy faintly. Minutes can analyse in a seeds. Police will prosecute in the powers. Most big bonds may n",Sports,pools,8.12,3565.23,1.0687530177584714
AAAAAAAACLDAAAAA,Voters should control provisions. Parliamentary days,Sports,pools,6.33,852.80,0.2556448177381051
AAAAAAAACMPAAAAA,"Small, original changes dismantle therefore prime terms. Cold, heavy odds should challenge upwards judicial developments; local",Sports,pools,6.25,5051.39,1.5142608769630475
AAAAAAAACOAEAAAA,"Regularly wooden owners could lead content, broad stairs. White, true products worry; competitive times shall receive over a foll",Sports,pools,2.54,3567.24,1.0693555577252323
AAAAAAAADLBBAAAA,"Homes run political, real interests. Historic, f",Sports,pools,9.68,20384.04,6.110546658731525
AAAAAAAADMICAAAA,"A little old reports used to read on a times. Mere, historical departments may get then senior teeth; goods make now confidential police. Notes eat ",Sports,pools,7.63,4609.68,1.3818489721282696
AAAAAAAAECEBAAAA,"Roman, foreign sections perform about; companies might interfere seats. Catholic jobs ",Sports,pools,5.14,2453.46,0.7354764710691034
AAAAAAAAEGMAAAAA,"Limited, social shops would feel as other, useful conditions; below permanent acts mean in general vital, safe courses. Long, strong words could not care from the foundations; groups g",Sports,pools,9.86,10200.13,3.0577044732117473
AAAAAAAAEIAEAAAA,"Plants discuss yet formal, available officers. Ways come friends. Still similar daughters set also nice, busy ",Sports,pools,9.64,7250.88,2.173604474719596
AAAAAAAAELGBAAAA,"Free, additional figures des",Sports,pools,6.63,4132.10,1.238684276941398
AAAAAAAAEMMAAAAA,"Total, slight machines must not buy. Underlying, easy girls improve in a police. Extra authorities see other, unlikely changes. Leaders should not bu",Sports,pools,3.72,740.12,0.22186660706417258
AAAAAAAAEMNAAAAA,"Narrowly voluntary years would telephone. English, rough organs like now intervals. Available, clean generations will look to a years. Small,",Sports,pools,4.41,10711.33,3.2109474737132944
AAAAAAAAEODBAAAA,Common acids accommodate now for a demands. Cells might feel to a pairs. Special items need no doubt to the patients. Too medi,Sports,pools,7.76,6326.26,1.8964300945870836
AAAAAAAAFENAAAAA,"Past, usual years might not buy there excellent, old products. Symptoms gain good, distinctive minutes. Really new periods shall not speak noticeably empty green weeks. Furious",Sports,pools,0.16,7353.41,2.204340008446951
AAAAAAAAFFPAAAAA,"Then financial generations listen gifts; new, realistic days may leave. Good, other constraints ma",Sports,pools,3.94,8918.86,2.6736167203701644
AAAAAAAAGFJCAAAA,"Previous, only restrictions remove best in a workers. Notably fresh shares shall harbour. Light, tiny cas",Sports,pools,3.47,7633.60,2.288332880728892
AAAAAAAAGGMCAAAA,"New, right trials take then about clea",Sports,pools,5.35,109.76,0.03290287898092685
AAAAAAAAGIIAAAAA,Techniques get th,Sports,pools,3.20,1176.24,0.35260279129487426
AAAAAAAAGLCAAAAA,"Regular,",Sports,pools,0.70,12430.10,3.7261850949418625
AAAAAAAAGLOAAAAA,"Also left cases should develop here from a rules. As fond rules explain again to a members. Also central doors balance. Other, significant arms could not ignore best for the women. F",Sports,pools,1.88,11726.76,3.515344069956029
AAAAAAAAGMFAAAAA,"Present, individual substances take so at a appointments. True aut",Sports,pools,1.76,2810.52,0.8425127499405478
AAAAAAAAHKKBAAAA,As high cameras liste,Sports,pools,2.14,1464.75,0.4390897593596265
AAAAAAAAIFCEAAAA,"Obvious, still facts could let under an inches; about separate contracts will not sign large, social criteria. At least happy departments depend perhaps genera",Sports,pools,4.20,10861.94,3.256096003262469
AAAAAAAAIGNCAAAA,In addition current countries ought to measure then probably direct conclusions. Large players describe safely villages.,Sports,pools,7.62,5310.90,1.592054482323291
AAAAAAAAIGOBAAAA,"Increased, existing books co-operate incredibly exactly global sons. Relevant, crucial books vary however problems. Reasons contact usually lo",Sports,pools,9.62,5903.38,1.7696628800876817
AAAAAAAAIINAAAAA,Boxes matter briefly sound colours. Exact beds should take hands. Virtually golden skills see short young outcomes. Longer gay children sh,Sports,pools,91.95,1099.80,0.3296882862903002
AAAAAAAAJBCBAAAA,"Federal plants make international, sound circumstances. Rather legal page",Sports,pools,91.49,4260.77,1.27725582794792
AAAAAAAAJCEBAAAA,Political mal,Sports,pools,0.87,8784.50,2.633339471646792
AAAAAAAAJPBDAAAA,"Variations may take only hardly special limitations. Certain solutions imply today huge, additional materials. Prime benefits identify on the chapters",Sports,pools,4.35,2986.75,0.8953414157824642
AAAAAAAAKFHDAAAA,"Weapons should make often very able users. Bitter courts should think to a categories; human, parliamentary thanks can open long too other states. Others would learn away hours. Mean",Sports,pools,2.54,6706.77,2.0104960064040704
AAAAAAAAKHMAAAAA,"International fortunes play recently during a variables. Improvements begin available, impressive features. Arms maintain for a syste",Sports,pools,0.76,2832.07,0.8489728177433811
AAAAAAAAKIAEAAAA,Prima,Sports,pools,70.46,1506.56,0.4516231902105062
AAAAAAAAKLFCAAAA,"Criteria construct thirdly thousands. Industrial, literary ci",Sports,pools,0.74,10910.89,3.270769799965424
AAAAAAAALCCBAAAA,Slow dogs shall determine though days. There atlantic difficulties could not go so. Then political ways can se,Sports,pools,8.65,1549.84,0.4645972846191661
AAAAAAAALFMDAAAA,Central childr,Sports,pools,74.70,4442.40,1.3317032578796415
AAAAAAAALICBAAAA,"Successful degrees find wrong observations. Future workers exist modern, major years. Br",Sports,pools,9.90,2339.35,0.7012695876825003
AAAAAAAAMEGAAAAA,"Short owners may become further obvious markets. Important, various thoughts might meet below so educational resources. Other, modern games determine slightly inside a benefits. Long likely instrument",Sports,pools,76.51,72.94,0.021865306057478176
AAAAAAAAMICDAAAA,"Directions build away similar, immediate respondents. Rarely natural problems shall emigrate steadily annual criti",Sports,pools,6.68,3898.38,1.1686217689656124
AAAAAAAAMKECAAAA,"Rich, old matches may detect priorities. Recent reports could understand furthermore vulnerable, general poems. Almost afraid studies will not determin",Sports,pools,0.55,11991.26,3.5946335332437034
AAAAAAAAMPGCAAAA,"Ugly, polite women should note. Once local enquiries shall not wait more buildings. Criteria ought to buy admi",Sports,pools,6.46,7339.47,2.2001611989262315
AAAAAAAANNJCAAAA,Industrial banks may point parents. Nearly different cond,Sports,pools,26.29,4285.41,1.284642188535475
AAAAAAAAOAPDAAAA,"Hours provoke private, new deals; virtually old w",Sports,pools,9.94,4330.39,1.2981258938612958
AAAAAAAAOBACAAAA,Also local paintings ignore. Equal accidents ought to go rather early seconds. Men will not ,Sports,pools,6.71,1207.50,0.3619736367480792
AAAAAAAAOEEDAAAA,"Other, medieval servants shall deal just impossible windows. Mad, ethical eyes will precede as parties. Positive cells join outside moments. Considerable, old questions will not make aliv",Sports,pools,7.21,8463.47,2.5371039465078806
AAAAAAAAOFEAAAAA,"Too concerned seats must judge. Afterwards lucky families must work sound defences. Services know in the others. Surprised, other horses think ",Sports,pools,2.34,3322.87,0.9961004872389978
AAAAAAAAOONDAAAA,"Other, mass benefits migh",Sports,pools,5.89,734.16,0.22007997114283215
AAAAAAAAPFEBAAAA,So te,Sports,pools,63.66,71.76,0.021511576126742992
AAAAAAAAPLJCAAAA,So royal years mind also countries. Formal courses will represent necessarily pl,Sports,pools,3.34,14844.81,4.450045434810976
AAAAAAAAADFDAAAA,"Processes should not love public, running shows; hu",Sports,sailing,3.34,8507.96,3.7212800616262274
AAAAAAAAAHDBAAAA,N,Sports,sailing,2.67,2472.96,1.0816431601934182
AAAAAAAAAKAAAAAA,"Legs cannot make much across a children. Well industrial ports see so. Equal, full systems rise police. Labour departments will leave. Political, social ",Sports,sailing,1.17,302.13,0.1321480525318798
AAAAAAAAAKPBAAAA,"International, hi",Sports,sailing,2.84,4125.62,1.8044969002964748
AAAAAAAAAMFDAAAA,"British, widespread points used to say to a men. Tests used to go then essential manufacturers; likely, special wor",Sports,sailing,4.26,12855.96,5.623043317206982
AAAAAAAAANOCAAAA,Then gastric others must not close here current cases. Then ready sites ca,Sports,sailing,9.84,329.30,0.14403188593899321
AAAAAAAABCGBAAAA,"Only spectacular requirements ensure forms. Small, civil women ensure boring, turkish groups; figures stop then details; specified items cannot take too with a women",Sports,sailing,7.68,12599.39,5.510822664381694
AAAAAAAABEIAAAAA,"True ranks give inherently seldom natural values; nuclear, personal years deny. Fine, hard eggs accept previously electronic nurses. Able, increased reasons shall s",Sports,sailing,0.63,3091.86,1.3523426263569254
AAAAAAAABEPCAAAA,"Civil women would not lower nowhere clear, real places. Normal laws be",Sports,sailing,8.09,1899.48,0.830809859409046
AAAAAAAACBMBAAAA,Very old organisations could know right; other stones may catch under both complex programmes. Subjects would appeal safely. Now pregnant calculations feel presumably extra wome,Sports,sailing,0.93,2530.12,1.1066442613178424
AAAAAAAACEKBAAAA,"Plates behave racial, boring cells. Just silver classes may work on a activities; never major visitors will join for a records. Important ships attract. Valid, different eyes separate share",Sports,sailing,35.26,2394.42,1.0472907024902645
AAAAAAAACJCAAAAA,Ever informal books suffice as available developments. Outside patterns might drive like a organisations. Generally political characters might not know finally new interests. Recently old shops wo,Sports,sailing,82.11,485.73,0.21245249911068076
AAAAAAAACLIBAAAA,"Regional, new examples affect words; outside guidelines might not come. Times will rise properly written areas. Occasional pains may seal solely. At least complex years sit only m",Sports,sailing,4.04,5197.67,2.273398762795405
AAAAAAAADGGBAAAA,"Warm, nice feet search today ",Sports,sailing,1.09,855.60,0.3742292183704907
AAAAAAAAEIFAAAAA,Police could no,Sports,sailing,3.94,4121.72,1.8027910868887551
AAAAAAAAEKGAAAAA,"Minerals used to leave american flowers; so wrong questions activate rigid dishes. Records should involve teachers. Significant, difficult cri",Sports,sailing,1.58,2019.82,0.883445137738528
AAAAAAAAENPAAAAA,"Other games can work naturally witnesses. Different, important orders laugh on the bacteria. Copies u",Sports,sailing,4.83,232.80,0.10182393879926395
AAAAAAAAFHPBAAAA,"Capable members think for instance to a shareholders. Benefits defend much long, other levels. Subsequent, international cases tackle. Groups might provide appropriate princ",Sports,sailing,3.37,9156.41,4.00490434476361
AAAAAAAAFNKDAAAA,Ages may not provide certain houses. Both able opportunities know very attractive fears; p,Sports,sailing,1.48,2639.51,1.1544901404641117
AAAAAAAAGAHDAAAA,"Even common police shall provide particular, ",Sports,sailing,2.31,4237.10,1.8532569204740605
AAAAAAAAHJCEAAAA,Eventually thick rules dea,Sports,sailing,7.16,3462.76,1.5145698553115947
AAAAAAAAHJMAAAAA,Economic scientists cannot give readily italian savings. Just lesser thoughts need lightly lar,Sports,sailing,1.91,17110.24,7.483814564436074
AAAAAAAAHKEEAAAA,"New, european skills might not step too firms. Easy new islands could question very roman others. Political, practical govern",Sports,sailing,3.12,7239.64,3.166532045913674
AAAAAAAAIAODAAAA,Vaguely happy years limit nearly guilty details. Citizens used to say also new improvements; tracks live with a c,Sports,sailing,40.11,6826.51,2.9858339194697736
AAAAAAAAIDMCAAAA,Separate things regain so soon right shops. Subjects attract. Children mig,Sports,sailing,1.58,2196.96,0.96092405749326
AAAAAAAAIFGBAAAA,"Most large tasks take even star, intermediate names. Then red birds find most causes. Other, thin years run of",Sports,sailing,1.59,4142.60,1.811923749440854
AAAAAAAAIGPDAAAA,"Social years involve fairly improvements. Very, natural hospitals maintain; also professional flats accept inher",Sports,sailing,1.61,1688.76,0.7386434488257946
AAAAAAAAJHNCAAAA,"Western accidents will not feel again; full, good women might not tell naturally. Seriously",Sports,sailing,8.16,2291.86,1.002432183747771
AAAAAAAAJNNCAAAA,"Agricultural animals benefit simply local women. Acute, other months cannot give strange contexts. Political weeks will s",Sports,sailing,0.20,9571.25,4.186350404778587
AAAAAAAAKLDBAAAA,Fingers could check. Weapons find so new powers. Probably legitimate companies give never key colleagues. British,Sports,sailing,0.91,2571.03,1.124537806576768
AAAAAAAAKLGBAAAA,"Delightful, white students may like. Walls may not follow established police; already complex girls sacrifice finan",Sports,sailing,6.01,2828.12,1.2369859011897524
AAAAAAAAKNKBAAAA,"Old, normal cards would not bring far w",Sports,sailing,2.18,2814.68,1.2311074057539186
AAAAAAAAKOAEAAAA,Demands act no longer narrow issues. Communications know awards. Useful clothes might establish skills. Phases used to learn illegally conc,Sports,sailing,0.78,258.57,0.11309542893181133
AAAAAAAAMAKAAAAA,"Inland, organic years go never on the roots. Notable girls shall serve frequent shoes. Pretty christian lovers wait. Different meetings attract possibly good boys. Different, useful windows w",Sports,sailing,4.86,1624.05,0.7103400678992466
AAAAAAAAMCJCAAAA,"Current, political members need softly; relevant, criminal readers would refer here other goods. American, easy eyes live moreover happy, catholic meetings. Immens",Sports,sailing,0.54,4194.26,1.8345192162723403
AAAAAAAAMECCAAAA,Polici,Sports,sailing,6.99,1840.04,0.8048115135231857
AAAAAAAANAIBAAAA,"New, great eyes support still women. Here confident games go today. Complete, great term",Sports,sailing,11.59,8919.62,3.901335227631833
AAAAAAAANCPBAAAA,"Forces forget clever laws. Texts could think necessary, important forces; total, unexpected effects call in the bits. Proposed r",Sports,sailing,7.97,8046.43,3.5194123534044732
AAAAAAAANMMDAAAA,"Just public terms supply more taxes. Stages safeguard young, ancient ",Sports,sailing,1.52,10310.71,4.5097813746432935
AAAAAAAAOACDAAAA,Widely routine parts used to affect nearly to the features. Local genes recognise overseas res,Sports,sailing,4.67,2263.36,0.9899666242298198
AAAAAAAAOADCAAAA,"Long eyes may go. Usual, other stairs m",Sports,sailing,0.98,9033.09,3.9509656500354087
AAAAAAAAOCDEAAAA,"Years rest relations. Wrong, skilled studies should travel of course. Ali",Sports,sailing,5.78,4194.23,1.8345060946307423
AAAAAAAAODLDAAAA,"Swiftly public operators might make quite. Happy features use in the candidates. Federal, statistical magistrates see c",Sports,sailing,7.47,1454.19,0.6360453331722579
AAAAAAAAOIKAAAAA,Able players seek all only earnings. Very pale minds used to clean satisfactory places. Alternative ministers may thin,Sports,sailing,4.36,5262.05,2.3015578056643764
AAAAAAAAPCBBAAAA,"Northern, commercial discussions would raise. Houses may not reach above to a levels. Points work hopelessly o",Sports,sailing,7.52,4254.19,1.8607318823042986
AAAAAAAAPEFBAAAA,Massive workers apply yesterday far from absolute countries. Eyes used to pay bright researcher,Sports,sailing,5.27,1139.21,0.49827684415596857
AAAAAAAAPKCBAAAA,"Multiple, important threats see equally marginal, international records. Various standards ought to burst even between a colleagues. All main males make ",Sports,sailing,1.22,6112.57,2.6735650927242993
AAAAAAAAPKMDAAAA,"Exact, usual parents create again then excellent societies. Others become of course surroundings. Other, conventional exhibitio",Sports,sailing,3.69,16923.39,7.402088606684173
AAAAAAAAADIAAAAA,"Unfortunately professional groups apologize again ashamed, cool parties. Late gold hands increase available",Sports,tennis,4.65,3306.12,1.370903744405145
AAAAAAAAAEAEAAAA,Quickly temporary developers look never for a problems. Good broad times would assess. Similarly high others drill only especially innocent roots. Part,Sports,tennis,27.60,939.12,0.3894120976993454
AAAAAAAAAEHCAAAA,"More central things behave authorities; visible, white children should determine responsible signs. A little top remarks buy all. Deposits use in the concepts. Difficult cou",Sports,tennis,1.71,1655.36,0.6864055818719529
AAAAAAAAAILAAAAA,Just minutes obtain to the hands. Social legs shall trust concerned colleagues. Years might not write well with a holidays; particular gardens grow for example. Ways occur downwards sensi,Sports,tennis,3.17,6703.57,2.779678055812251
AAAAAAAAAKECAAAA,"Angry, poor others could breathe. German st",Sports,tennis,7.92,8770.45,3.6367230303552516
AAAAAAAAAODCAAAA,Skills must not qualify to a holes. Now free situations drop on an proposals; men cou,Sports,tennis,3.89,13227.52,5.484875533009674
AAAAAAAAAPOAAAAA,"Sharp, new soun",Sports,tennis,1.79,5784.16,2.398438835323117
AAAAAAAABMNCAAAA,"Lads predict most at a systems. Common, other groups mu",Sports,tennis,2.90,7971.45,3.3054125843400706
AAAAAAAACCABAAAA,"Beautiful, toxic minutes make over. British, certain stages allow places. Black negotiations will fetch now. Detailed causes take however; policies might put frequently beyond a oppo",Sports,tennis,1.09,7002.45,2.90361055406634
AAAAAAAACCAEAAAA,"Furthermore poor results can withdraw still in a experts; great, good metres extend eleme",Sports,tennis,3.12,16325.28,6.769381474496518
AAAAAAAACGBEAAAA,Also serious months become,Sports,tennis,0.97,3252.30,1.3485869381416444
AAAAAAAACGOBAAAA,"Complete, new parties take with the years. Russians care f",Sports,tennis,4.15,2851.14,1.182243385546588
AAAAAAAACICCAAAA,"Again small expenses describe now substantial years. Cold, great elections adhere. Available tears come reasonable parties. Nevertheless detailed characteris",Sports,tennis,2.25,3732.96,1.5478956727870223
AAAAAAAACJCBAAAA,"French, secret trees hold artificial, effect",Sports,tennis,1.00,1756.93,0.7285222301845461
AAAAAAAACJFEAAAA,"Foreign, popular colours comp",Sports,tennis,2.95,10548.20,4.37387840632958
AAAAAAAACMFBAAAA,"Major flowers lead so inadequate engineers. Confident, usual ears may not come both in the instruments. New origins accept tight fun difficulties",Sports,tennis,5.20,6344.45,2.6307666573479556
AAAAAAAADHCEAAAA,"White, nat",Sports,tennis,68.55,9841.10,4.080674881451815
AAAAAAAAEFFCAAAA,"Northern lips must go permanently effective, ra",Sports,tennis,4.85,429.61,0.17814052654891366
AAAAAAAAEKIAAAAA,"Now central affairs will not give interior hours. Then big meetings may give. Retail months can keep for example so other sales. More key women help only international, regional vi",Sports,tennis,2.51,399.60,0.16569668864538975
AAAAAAAAEPHCAAAA,"Guilty, thick quantities ought to run much in terms of the notions. Short, free police used to motivate greatly wonderful, strong technologies. Therefore impo",Sports,tennis,0.23,1737.12,0.7203078873365352
AAAAAAAAFEMBAAAA,Really local publishers used to,Sports,tennis,99.85,3939.55,1.6335595339162794
AAAAAAAAFHNDAAAA,Differences,Sports,tennis,4.86,153.26,0.06355023649097206
AAAAAAAAGGFDAAAA,"Complete meals see there other, real scien",Sports,tennis,8.16,1780.24,0.7381878703555271
AAAAAAAAGNHDAAAA,Still,Sports,tennis,4.72,1827.28,0.7576933063762458
AAAAAAAAHJOBAAAA,"New, cool parents should not knock then in a forms. Here tory men cross british results. Wome",Sports,tennis,9.81,6427.46,2.665187283285027
AAAAAAAAIFFCAAAA,"Jointly terrible students delete educational, open relations. Logical days sue seriously. Drawings might make painfully to a years. Other procedures go well persons. Economic, b",Sports,tennis,3.56,3352.93,1.3903138094589256
AAAAAAAAINDEAAAA,"Other, indian",Sports,tennis,2.61,4848.48,2.0104531555640626
AAAAAAAAIPKBAAAA,"Working privileges apply perhaps happy areas. Political questions may head in a rules. Chief, fede",Sports,tennis,5.66,9.62,0.003988994356277901
AAAAAAAAKDCEAAAA,"Areas get then military, national children. Other houses can convert so much",Sports,tennis,2.11,64.98,0.02694437144188545
AAAAAAAAKHEEAAAA,"Late, potential women must ask simple documents. Perhaps level accounts scratch as early months. Single, great visitors fail so losses. Adult, growing methods end very possible worlds; so hot",Sports,tennis,2.20,8485.58,3.518599867956823
AAAAAAAAKKCEAAAA,,Sports,tennis,,11166.21,4.630140194492086
AAAAAAAAKLDEAAAA,"Cultural, apparent companies will make so from the dollars. Values feel from a lan",Sports,tennis,1.10,20451.86,8.48049419078854
AAAAAAAALFJDAAAA,"Atlantic approaches know voluntary students. Very similar hours receive quick quiet years; half small activities used to reduce final, warm humans. Sufficient, average measures creat",Sports,tennis,0.40,494.68,0.20512221706481834
AAAAAAAALOHCAAAA,Then single regulations keep else as safe researchers; women will not note even. Types explain just samples. Inc forms should vote problems. Live great numbers regain,Sports,tennis,2.50,4203.20,1.7428836879737293
AAAAAAAAMCBCAAAA,"Females can take also inner meetings; male, local features enter also ind",Sports,tennis,53.43,5785.83,2.399131311474363
AAAAAAAANCKAAAAA,Too f,Sports,tennis,4.58,22061.52,9.147949976186284
AAAAAAAANFOCAAAA,Loans purchase therefore still pure associations. Tran,Sports,tennis,5.94,7808.28,3.237753103143203
AAAAAAAANNBEAAAA,"Large policies ought to ensure in the offers. Policies shall not see similarly for the networks. Content, important sides used to prev",Sports,tennis,0.69,3560.71,1.4764711116779925
AAAAAAAANPPDAAAA,"Good, possible facilities may not show ago cultural children. General twins may allow too somewhere unique teams. Unique, european fingers will not build again. Gastric loans get high main, new ",Sports,tennis,3.95,798.00,0.33089578963718974
AAAAAAAAOAMAAAAA,"Republics search only instinctively international publications. Severe, social sciences get automatically players. Popular companies g",Sports,tennis,1.98,1396.47,0.5790551921737424
AAAAAAAAOCMBAAAA,More large years develop potentially despite the races. Increased proceedings used to,Sports,tennis,17.35,5278.54,2.188780277483072
AAAAAAAAOKHAAAAA,"New, central regulations should drop exactly; weeks will not pass notably",Sports,tennis,19.51,5769.25,2.3922563087272644
AAAAAAAAOPGDAAAA,"Funny, special methods make away more unlikely yea",Sports,tennis,2.37,3537.65,1.4669091356015092
AAAAAAAAPBMDAAAA,"Here domestic children should get massive, various hours. Paths see. Studies mention as political actions; also likely eyes may stop never short other plants; away unknown authorities shall sell thoro",Sports,tennis,95.22,5383.07,2.23212430867452
