run_id,engine,engine_version,suite,scale_factor,bench_instance_type,benchmark,namespace,query,run,query_start_time,query_end_time,result_correct,error,rows_returned,dm_rounds,files_before,files_after,delete_files_before,delete_files_after
2a738f961c2846c9a277b01938b88367,duckdb,1.5.3,tpch,10,c8gd.4xlarge,analytical,bench_df2a26bf,q01,0,2026-06-16T14:22:32.095094+00:00,2026-06-16T14:22:36.400607+00:00,true,,4,,,,,
2a738f961c2846c9a277b01938b88367,duckdb,1.5.3,tpch,10,c8gd.4xlarge,analytical,bench_df2a26bf,q01,1,2026-06-16T14:22:36.401052+00:00,2026-06-16T14:22:40.813680+00:00,,,4,,,,,
2a738f961c2846c9a277b01938b88367,duckdb,1.5.3,tpch,10,c8gd.4xlarge,analytical,bench_df2a26bf,q01,2,2026-06-16T14:22:40.813771+00:00,2026-06-16T14:22:45.153914+00:00,,,4,,,,,
2a738f961c2846c9a277b01938b88367,duckdb,1.5.3,tpch,10,c8gd.4xlarge,analytical,bench_df2a26bf,q02,0,2026-06-16T14:22:48.311154+00:00,2026-06-16T14:22:50.697711+00:00,true,,100,,,,,
2a738f961c2846c9a277b01938b88367,duckdb,1.5.3,tpch,10,c8gd.4xlarge,analytical,bench_df2a26bf,q02,1,2026-06-16T14:22:50.699222+00:00,2026-06-16T14:22:53.034751+00:00,,,100,,,,,
2a738f961c2846c9a277b01938b88367,duckdb,1.5.3,tpch,10,c8gd.4xlarge,analytical,bench_df2a26bf,q02,2,2026-06-16T14:22:53.034872+00:00,2026-06-16T14:22:55.211008+00:00,,,100,,,,,
2a738f961c2846c9a277b01938b88367,duckdb,1.5.3,tpch,10,c8gd.4xlarge,analytical,bench_df2a26bf,q03,0,2026-06-16T14:23:01.860029+00:00,2026-06-16T14:23:07.785575+00:00,true,,10,,,,,
2a738f961c2846c9a277b01938b88367,duckdb,1.5.3,tpch,10,c8gd.4xlarge,analytical,bench_df2a26bf,q03,1,2026-06-16T14:23:07.786027+00:00,2026-06-16T14:23:13.701926+00:00,,,10,,,,,
2a738f961c2846c9a277b01938b88367,duckdb,1.5.3,tpch,10,c8gd.4xlarge,analytical,bench_df2a26bf,q03,2,2026-06-16T14:23:13.702003+00:00,2026-06-16T14:23:19.502272+00:00,,,10,,,,,
2a738f961c2846c9a277b01938b88367,duckdb,1.5.3,tpch,10,c8gd.4xlarge,analytical,bench_df2a26bf,q04,0,2026-06-16T14:23:23.943518+00:00,2026-06-16T14:23:28.391357+00:00,true,,5,,,,,
2a738f961c2846c9a277b01938b88367,duckdb,1.5.3,tpch,10,c8gd.4xlarge,analytical,bench_df2a26bf,q04,1,2026-06-16T14:23:28.391780+00:00,2026-06-16T14:23:32.804045+00:00,,,5,,,,,
2a738f961c2846c9a277b01938b88367,duckdb,1.5.3,tpch,10,c8gd.4xlarge,analytical,bench_df2a26bf,q04,2,2026-06-16T14:23:32.804125+00:00,2026-06-16T14:23:37.261871+00:00,,,5,,,,,
2a738f961c2846c9a277b01938b88367,duckdb,1.5.3,tpch,10,c8gd.4xlarge,analytical,bench_df2a26bf,q05,0,2026-06-16T14:23:43.380265+00:00,2026-06-16T14:23:49.532750+00:00,true,,5,,,,,
2a738f961c2846c9a277b01938b88367,duckdb,1.5.3,tpch,10,c8gd.4xlarge,analytical,bench_df2a26bf,q05,1,2026-06-16T14:23:49.533398+00:00,2026-06-16T14:23:55.857226+00:00,,,5,,,,,
2a738f961c2846c9a277b01938b88367,duckdb,1.5.3,tpch,10,c8gd.4xlarge,analytical,bench_df2a26bf,q05,2,2026-06-16T14:23:55.857299+00:00,2026-06-16T14:24:02.004492+00:00,,,5,,,,,
2a738f961c2846c9a277b01938b88367,duckdb,1.5.3,tpch,10,c8gd.4xlarge,analytical,bench_df2a26bf,q06,0,2026-06-16T14:24:06.886521+00:00,2026-06-16T14:24:11.962885+00:00,true,,1,,,,,
2a738f961c2846c9a277b01938b88367,duckdb,1.5.3,tpch,10,c8gd.4xlarge,analytical,bench_df2a26bf,q06,1,2026-06-16T14:24:11.963432+00:00,2026-06-16T14:24:16.830773+00:00,,,1,,,,,
2a738f961c2846c9a277b01938b88367,duckdb,1.5.3,tpch,10,c8gd.4xlarge,analytical,bench_df2a26bf,q06,2,2026-06-16T14:24:16.830851+00:00,2026-06-16T14:24:21.678057+00:00,,,1,,,,,
2a738f961c2846c9a277b01938b88367,duckdb,1.5.3,tpch,10,c8gd.4xlarge,analytical,bench_df2a26bf,q07,0,2026-06-16T14:24:28.455645+00:00,2026-06-16T14:24:34.986827+00:00,true,,4,,,,,
2a738f961c2846c9a277b01938b88367,duckdb,1.5.3,tpch,10,c8gd.4xlarge,analytical,bench_df2a26bf,q07,1,2026-06-16T14:24:34.987461+00:00,2026-06-16T14:24:41.573462+00:00,,,4,,,,,
2a738f961c2846c9a277b01938b88367,duckdb,1.5.3,tpch,10,c8gd.4xlarge,analytical,bench_df2a26bf,q07,2,2026-06-16T14:24:41.573540+00:00,2026-06-16T14:24:48.130411+00:00,,,4,,,,,
2a738f961c2846c9a277b01938b88367,duckdb,1.5.3,tpch,10,c8gd.4xlarge,analytical,bench_df2a26bf,q08,0,2026-06-16T14:24:55.420080+00:00,2026-06-16T14:25:02.804543+00:00,true,,2,,,,,
2a738f961c2846c9a277b01938b88367,duckdb,1.5.3,tpch,10,c8gd.4xlarge,analytical,bench_df2a26bf,q08,1,2026-06-16T14:25:02.805050+00:00,2026-06-16T14:25:10.066709+00:00,,,2,,,,,
2a738f961c2846c9a277b01938b88367,duckdb,1.5.3,tpch,10,c8gd.4xlarge,analytical,bench_df2a26bf,q08,2,2026-06-16T14:25:10.066782+00:00,2026-06-16T14:25:17.543597+00:00,,,2,,,,,
2a738f961c2846c9a277b01938b88367,duckdb,1.5.3,tpch,10,c8gd.4xlarge,analytical,bench_df2a26bf,q09,0,2026-06-16T14:25:25.170746+00:00,2026-06-16T14:25:32.581815+00:00,true,,175,,,,,
2a738f961c2846c9a277b01938b88367,duckdb,1.5.3,tpch,10,c8gd.4xlarge,analytical,bench_df2a26bf,q09,1,2026-06-16T14:25:32.582881+00:00,2026-06-16T14:25:40.111259+00:00,,,175,,,,,
2a738f961c2846c9a277b01938b88367,duckdb,1.5.3,tpch,10,c8gd.4xlarge,analytical,bench_df2a26bf,q09,2,2026-06-16T14:25:40.111370+00:00,2026-06-16T14:25:47.676680+00:00,,,175,,,,,
2a738f961c2846c9a277b01938b88367,duckdb,1.5.3,tpch,10,c8gd.4xlarge,analytical,bench_df2a26bf,q10,0,2026-06-16T14:25:54.209219+00:00,2026-06-16T14:26:00.622902+00:00,true,,20,,,,,
2a738f961c2846c9a277b01938b88367,duckdb,1.5.3,tpch,10,c8gd.4xlarge,analytical,bench_df2a26bf,q10,1,2026-06-16T14:26:00.623627+00:00,2026-06-16T14:26:07.084814+00:00,,,20,,,,,
2a738f961c2846c9a277b01938b88367,duckdb,1.5.3,tpch,10,c8gd.4xlarge,analytical,bench_df2a26bf,q10,2,2026-06-16T14:26:07.084917+00:00,2026-06-16T14:26:13.718837+00:00,,,20,,,,,
2a738f961c2846c9a277b01938b88367,duckdb,1.5.3,tpch,10,c8gd.4xlarge,analytical,bench_df2a26bf,q11,0,2026-06-16T14:26:15.395389+00:00,2026-06-16T14:26:17.078946+00:00,true,,0,,,,,
2a738f961c2846c9a277b01938b88367,duckdb,1.5.3,tpch,10,c8gd.4xlarge,analytical,bench_df2a26bf,q11,1,2026-06-16T14:26:17.079487+00:00,2026-06-16T14:26:18.658070+00:00,,,0,,,,,
2a738f961c2846c9a277b01938b88367,duckdb,1.5.3,tpch,10,c8gd.4xlarge,analytical,bench_df2a26bf,q11,2,2026-06-16T14:26:18.658142+00:00,2026-06-16T14:26:20.285120+00:00,,,0,,,,,
2a738f961c2846c9a277b01938b88367,duckdb,1.5.3,tpch,10,c8gd.4xlarge,analytical,bench_df2a26bf,q12,0,2026-06-16T14:26:26.031143+00:00,2026-06-16T14:26:31.841163+00:00,true,,2,,,,,
2a738f961c2846c9a277b01938b88367,duckdb,1.5.3,tpch,10,c8gd.4xlarge,analytical,bench_df2a26bf,q12,1,2026-06-16T14:26:31.841672+00:00,2026-06-16T14:26:37.728652+00:00,,,2,,,,,
2a738f961c2846c9a277b01938b88367,duckdb,1.5.3,tpch,10,c8gd.4xlarge,analytical,bench_df2a26bf,q12,2,2026-06-16T14:26:37.728727+00:00,2026-06-16T14:26:43.578222+00:00,,,2,,,,,
2a738f961c2846c9a277b01938b88367,duckdb,1.5.3,tpch,10,c8gd.4xlarge,analytical,bench_df2a26bf,q13,0,2026-06-16T14:26:45.299409+00:00,2026-06-16T14:26:46.985135+00:00,true,,46,,,,,
2a738f961c2846c9a277b01938b88367,duckdb,1.5.3,tpch,10,c8gd.4xlarge,analytical,bench_df2a26bf,q13,1,2026-06-16T14:26:46.985517+00:00,2026-06-16T14:26:48.650798+00:00,,,46,,,,,
2a738f961c2846c9a277b01938b88367,duckdb,1.5.3,tpch,10,c8gd.4xlarge,analytical,bench_df2a26bf,q13,2,2026-06-16T14:26:48.650883+00:00,2026-06-16T14:26:50.393650+00:00,,,46,,,,,
2a738f961c2846c9a277b01938b88367,duckdb,1.5.3,tpch,10,c8gd.4xlarge,analytical,bench_df2a26bf,q14,0,2026-06-16T14:26:55.124648+00:00,2026-06-16T14:26:59.676237+00:00,true,,1,,,,,
2a738f961c2846c9a277b01938b88367,duckdb,1.5.3,tpch,10,c8gd.4xlarge,analytical,bench_df2a26bf,q14,1,2026-06-16T14:26:59.677012+00:00,2026-06-16T14:27:04.189905+00:00,,,1,,,,,
2a738f961c2846c9a277b01938b88367,duckdb,1.5.3,tpch,10,c8gd.4xlarge,analytical,bench_df2a26bf,q14,2,2026-06-16T14:27:04.189975+00:00,2026-06-16T14:27:08.624415+00:00,,,1,,,,,
2a738f961c2846c9a277b01938b88367,duckdb,1.5.3,tpch,10,c8gd.4xlarge,analytical,bench_df2a26bf,q15,0,2026-06-16T14:27:12.995999+00:00,2026-06-16T14:27:17.356022+00:00,true,,1,,,,,
2a738f961c2846c9a277b01938b88367,duckdb,1.5.3,tpch,10,c8gd.4xlarge,analytical,bench_df2a26bf,q15,1,2026-06-16T14:27:17.356577+00:00,2026-06-16T14:27:21.650732+00:00,,,1,,,,,
2a738f961c2846c9a277b01938b88367,duckdb,1.5.3,tpch,10,c8gd.4xlarge,analytical,bench_df2a26bf,q15,2,2026-06-16T14:27:21.650812+00:00,2026-06-16T14:27:25.944936+00:00,,,1,,,,,
2a738f961c2846c9a277b01938b88367,duckdb,1.5.3,tpch,10,c8gd.4xlarge,analytical,bench_df2a26bf,q16,0,2026-06-16T14:27:27.241144+00:00,2026-06-16T14:27:28.284513+00:00,true,,27840,,,,,
2a738f961c2846c9a277b01938b88367,duckdb,1.5.3,tpch,10,c8gd.4xlarge,analytical,bench_df2a26bf,q16,1,2026-06-16T14:27:28.444899+00:00,2026-06-16T14:27:29.469149+00:00,,,27840,,,,,
2a738f961c2846c9a277b01938b88367,duckdb,1.5.3,tpch,10,c8gd.4xlarge,analytical,bench_df2a26bf,q16,2,2026-06-16T14:27:29.470675+00:00,2026-06-16T14:27:30.466841+00:00,,,27840,,,,,
2a738f961c2846c9a277b01938b88367,duckdb,1.5.3,tpch,10,c8gd.4xlarge,analytical,bench_df2a26bf,q17,0,2026-06-16T14:27:37.586548+00:00,2026-06-16T14:27:44.887519+00:00,true,,1,,,,,
2a738f961c2846c9a277b01938b88367,duckdb,1.5.3,tpch,10,c8gd.4xlarge,analytical,bench_df2a26bf,q17,1,2026-06-16T14:27:44.888128+00:00,2026-06-16T14:27:51.955336+00:00,,,1,,,,,
2a738f961c2846c9a277b01938b88367,duckdb,1.5.3,tpch,10,c8gd.4xlarge,analytical,bench_df2a26bf,q17,2,2026-06-16T14:27:51.955414+00:00,2026-06-16T14:27:59.069620+00:00,,,1,,,,,
2a738f961c2846c9a277b01938b88367,duckdb,1.5.3,tpch,10,c8gd.4xlarge,analytical,bench_df2a26bf,q18,0,2026-06-16T14:28:01.636803+00:00,2026-06-16T14:28:03.376197+00:00,true,,100,,,,,
2a738f961c2846c9a277b01938b88367,duckdb,1.5.3,tpch,10,c8gd.4xlarge,analytical,bench_df2a26bf,q18,1,2026-06-16T14:28:03.377259+00:00,2026-06-16T14:28:05.182416+00:00,,,100,,,,,
2a738f961c2846c9a277b01938b88367,duckdb,1.5.3,tpch,10,c8gd.4xlarge,analytical,bench_df2a26bf,q18,2,2026-06-16T14:28:05.182499+00:00,2026-06-16T14:28:06.901121+00:00,,,100,,,,,
2a738f961c2846c9a277b01938b88367,duckdb,1.5.3,tpch,10,c8gd.4xlarge,analytical,bench_df2a26bf,q19,0,2026-06-16T14:28:08.411380+00:00,2026-06-16T14:28:09.664141+00:00,true,,1,,,,,
2a738f961c2846c9a277b01938b88367,duckdb,1.5.3,tpch,10,c8gd.4xlarge,analytical,bench_df2a26bf,q19,1,2026-06-16T14:28:09.664661+00:00,2026-06-16T14:28:10.943644+00:00,,,1,,,,,
2a738f961c2846c9a277b01938b88367,duckdb,1.5.3,tpch,10,c8gd.4xlarge,analytical,bench_df2a26bf,q19,2,2026-06-16T14:28:10.943716+00:00,2026-06-16T14:28:12.154045+00:00,,,1,,,,,
2a738f961c2846c9a277b01938b88367,duckdb,1.5.3,tpch,10,c8gd.4xlarge,analytical,bench_df2a26bf,q20,0,2026-06-16T14:28:14.167142+00:00,2026-06-16T14:28:15.880342+00:00,true,,1804,,,,,
2a738f961c2846c9a277b01938b88367,duckdb,1.5.3,tpch,10,c8gd.4xlarge,analytical,bench_df2a26bf,q20,1,2026-06-16T14:28:15.886550+00:00,2026-06-16T14:28:17.585752+00:00,,,1804,,,,,
2a738f961c2846c9a277b01938b88367,duckdb,1.5.3,tpch,10,c8gd.4xlarge,analytical,bench_df2a26bf,q20,2,2026-06-16T14:28:17.585908+00:00,2026-06-16T14:28:19.366878+00:00,,,1804,,,,,
2a738f961c2846c9a277b01938b88367,duckdb,1.5.3,tpch,10,c8gd.4xlarge,analytical,bench_df2a26bf,q21,0,2026-06-16T14:28:21.828355+00:00,2026-06-16T14:28:24.296393+00:00,true,,100,,,,,
2a738f961c2846c9a277b01938b88367,duckdb,1.5.3,tpch,10,c8gd.4xlarge,analytical,bench_df2a26bf,q21,1,2026-06-16T14:28:24.297048+00:00,2026-06-16T14:28:26.802271+00:00,,,100,,,,,
2a738f961c2846c9a277b01938b88367,duckdb,1.5.3,tpch,10,c8gd.4xlarge,analytical,bench_df2a26bf,q21,2,2026-06-16T14:28:26.802358+00:00,2026-06-16T14:28:29.462223+00:00,,,100,,,,,
2a738f961c2846c9a277b01938b88367,duckdb,1.5.3,tpch,10,c8gd.4xlarge,analytical,bench_df2a26bf,q22,0,2026-06-16T14:28:30.798061+00:00,2026-06-16T14:28:31.902392+00:00,true,,7,,,,,
2a738f961c2846c9a277b01938b88367,duckdb,1.5.3,tpch,10,c8gd.4xlarge,analytical,bench_df2a26bf,q22,1,2026-06-16T14:28:31.902797+00:00,2026-06-16T14:28:32.972375+00:00,,,7,,,,,
2a738f961c2846c9a277b01938b88367,duckdb,1.5.3,tpch,10,c8gd.4xlarge,analytical,bench_df2a26bf,q22,2,2026-06-16T14:28:32.972449+00:00,2026-06-16T14:28:34.061368+00:00,,,7,,,,,
7ff321d4844e4e56927d6f536cedabf0,duckdb,1.5.3,tpch,10,c8gd.4xlarge,analytical,sf_10,q01,0,2026-06-16T14:31:08.464122+00:00,2026-06-16T14:31:11.118328+00:00,false,,0,,,,,
7ff321d4844e4e56927d6f536cedabf0,duckdb,1.5.3,tpch,10,c8gd.4xlarge,analytical,sf_10,q01,1,2026-06-16T14:31:11.118590+00:00,2026-06-16T14:31:13.818247+00:00,,,0,,,,,
7ff321d4844e4e56927d6f536cedabf0,duckdb,1.5.3,tpch,10,c8gd.4xlarge,analytical,sf_10,q01,2,2026-06-16T14:31:13.818316+00:00,2026-06-16T14:31:16.821272+00:00,,,0,,,,,
7ff321d4844e4e56927d6f536cedabf0,duckdb,1.5.3,tpch,10,c8gd.4xlarge,analytical,sf_10,q02,0,2026-06-16T14:31:19.132270+00:00,2026-06-16T14:31:20.518411+00:00,false,,0,,,,,
7ff321d4844e4e56927d6f536cedabf0,duckdb,1.5.3,tpch,10,c8gd.4xlarge,analytical,sf_10,q02,1,2026-06-16T14:31:20.519327+00:00,2026-06-16T14:31:21.878488+00:00,,,0,,,,,
7ff321d4844e4e56927d6f536cedabf0,duckdb,1.5.3,tpch,10,c8gd.4xlarge,analytical,sf_10,q02,2,2026-06-16T14:31:21.878555+00:00,2026-06-16T14:31:23.264796+00:00,,,0,,,,,
7ff321d4844e4e56927d6f536cedabf0,duckdb,1.5.3,tpch,10,c8gd.4xlarge,analytical,sf_10,q03,0,2026-06-16T14:31:28.135098+00:00,2026-06-16T14:31:31.861895+00:00,false,,0,,,,,
7ff321d4844e4e56927d6f536cedabf0,duckdb,1.5.3,tpch,10,c8gd.4xlarge,analytical,sf_10,q03,1,2026-06-16T14:31:31.862145+00:00,2026-06-16T14:31:35.533694+00:00,,,0,,,,,
7ff321d4844e4e56927d6f536cedabf0,duckdb,1.5.3,tpch,10,c8gd.4xlarge,analytical,sf_10,q03,2,2026-06-16T14:31:35.533765+00:00,2026-06-16T14:31:39.172330+00:00,,,0,,,,,
7ff321d4844e4e56927d6f536cedabf0,duckdb,1.5.3,tpch,10,c8gd.4xlarge,analytical,sf_10,q04,0,2026-06-16T14:31:41.690847+00:00,2026-06-16T14:31:44.331207+00:00,false,,0,,,,,
7ff321d4844e4e56927d6f536cedabf0,duckdb,1.5.3,tpch,10,c8gd.4xlarge,analytical,sf_10,q04,1,2026-06-16T14:31:44.331439+00:00,2026-06-16T14:31:46.814491+00:00,,,0,,,,,
7ff321d4844e4e56927d6f536cedabf0,duckdb,1.5.3,tpch,10,c8gd.4xlarge,analytical,sf_10,q04,2,2026-06-16T14:31:46.814557+00:00,2026-06-16T14:31:49.281823+00:00,,,0,,,,,
7ff321d4844e4e56927d6f536cedabf0,duckdb,1.5.3,tpch,10,c8gd.4xlarge,analytical,sf_10,q05,0,2026-06-16T14:31:53.056308+00:00,2026-06-16T14:31:56.963717+00:00,false,,0,,,,,
7ff321d4844e4e56927d6f536cedabf0,duckdb,1.5.3,tpch,10,c8gd.4xlarge,analytical,sf_10,q05,1,2026-06-16T14:31:56.963958+00:00,2026-06-16T14:32:00.693383+00:00,,,0,,,,,
7ff321d4844e4e56927d6f536cedabf0,duckdb,1.5.3,tpch,10,c8gd.4xlarge,analytical,sf_10,q05,2,2026-06-16T14:32:00.693447+00:00,2026-06-16T14:32:04.363746+00:00,,,0,,,,,
7ff321d4844e4e56927d6f536cedabf0,duckdb,1.5.3,tpch,10,c8gd.4xlarge,analytical,sf_10,q06,0,2026-06-16T14:32:07.751291+00:00,2026-06-16T14:32:11.120624+00:00,false,,0,,,,,
7ff321d4844e4e56927d6f536cedabf0,duckdb,1.5.3,tpch,10,c8gd.4xlarge,analytical,sf_10,q06,1,2026-06-16T14:32:11.120826+00:00,2026-06-16T14:32:14.389651+00:00,,,0,,,,,
7ff321d4844e4e56927d6f536cedabf0,duckdb,1.5.3,tpch,10,c8gd.4xlarge,analytical,sf_10,q06,2,2026-06-16T14:32:14.389724+00:00,2026-06-16T14:32:17.636888+00:00,,,0,,,,,
7ff321d4844e4e56927d6f536cedabf0,duckdb,1.5.3,tpch,10,c8gd.4xlarge,analytical,sf_10,q07,0,2026-06-16T14:32:21.868148+00:00,2026-06-16T14:32:26.047915+00:00,false,,0,,,,,
7ff321d4844e4e56927d6f536cedabf0,duckdb,1.5.3,tpch,10,c8gd.4xlarge,analytical,sf_10,q07,1,2026-06-16T14:32:26.048140+00:00,2026-06-16T14:32:30.369698+00:00,,,0,,,,,
7ff321d4844e4e56927d6f536cedabf0,duckdb,1.5.3,tpch,10,c8gd.4xlarge,analytical,sf_10,q07,2,2026-06-16T14:32:30.369765+00:00,2026-06-16T14:32:34.597059+00:00,,,0,,,,,
7ff321d4844e4e56927d6f536cedabf0,duckdb,1.5.3,tpch,10,c8gd.4xlarge,analytical,sf_10,q08,0,2026-06-16T14:32:39.268139+00:00,2026-06-16T14:32:43.987604+00:00,false,,0,,,,,
7ff321d4844e4e56927d6f536cedabf0,duckdb,1.5.3,tpch,10,c8gd.4xlarge,analytical,sf_10,q08,1,2026-06-16T14:32:43.987876+00:00,2026-06-16T14:32:48.635510+00:00,,,0,,,,,
7ff321d4844e4e56927d6f536cedabf0,duckdb,1.5.3,tpch,10,c8gd.4xlarge,analytical,sf_10,q08,2,2026-06-16T14:32:48.635574+00:00,2026-06-16T14:32:53.337729+00:00,,,0,,,,,
7ff321d4844e4e56927d6f536cedabf0,duckdb,1.5.3,tpch,10,c8gd.4xlarge,analytical,sf_10,q09,0,2026-06-16T14:32:58.185134+00:00,2026-06-16T14:33:03.067639+00:00,false,,0,,,,,
7ff321d4844e4e56927d6f536cedabf0,duckdb,1.5.3,tpch,10,c8gd.4xlarge,analytical,sf_10,q09,1,2026-06-16T14:33:03.068248+00:00,2026-06-16T14:33:08.177502+00:00,,,0,,,,,
7ff321d4844e4e56927d6f536cedabf0,duckdb,1.5.3,tpch,10,c8gd.4xlarge,analytical,sf_10,q09,2,2026-06-16T14:33:08.177570+00:00,2026-06-16T14:33:13.227974+00:00,,,0,,,,,
7ff321d4844e4e56927d6f536cedabf0,duckdb,1.5.3,tpch,10,c8gd.4xlarge,analytical,sf_10,q10,0,2026-06-16T14:33:17.719685+00:00,2026-06-16T14:33:21.932755+00:00,false,,0,,,,,
7ff321d4844e4e56927d6f536cedabf0,duckdb,1.5.3,tpch,10,c8gd.4xlarge,analytical,sf_10,q10,1,2026-06-16T14:33:21.933137+00:00,2026-06-16T14:33:26.256137+00:00,,,0,,,,,
7ff321d4844e4e56927d6f536cedabf0,duckdb,1.5.3,tpch,10,c8gd.4xlarge,analytical,sf_10,q10,2,2026-06-16T14:33:26.256203+00:00,2026-06-16T14:33:30.470072+00:00,,,0,,,,,
7ff321d4844e4e56927d6f536cedabf0,duckdb,1.5.3,tpch,10,c8gd.4xlarge,analytical,sf_10,q11,0,2026-06-16T14:33:31.134146+00:00,2026-06-16T14:33:31.843928+00:00,true,,0,,,,,
7ff321d4844e4e56927d6f536cedabf0,duckdb,1.5.3,tpch,10,c8gd.4xlarge,analytical,sf_10,q11,1,2026-06-16T14:33:31.844137+00:00,2026-06-16T14:33:32.514237+00:00,,,0,,,,,
7ff321d4844e4e56927d6f536cedabf0,duckdb,1.5.3,tpch,10,c8gd.4xlarge,analytical,sf_10,q11,2,2026-06-16T14:33:32.514305+00:00,2026-06-16T14:33:33.192782+00:00,,,0,,,,,
7ff321d4844e4e56927d6f536cedabf0,duckdb,1.5.3,tpch,10,c8gd.4xlarge,analytical,sf_10,q12,0,2026-06-16T14:33:37.021365+00:00,2026-06-16T14:33:40.791407+00:00,false,,0,,,,,
7ff321d4844e4e56927d6f536cedabf0,duckdb,1.5.3,tpch,10,c8gd.4xlarge,analytical,sf_10,q12,1,2026-06-16T14:33:40.791632+00:00,2026-06-16T14:33:44.492947+00:00,,,0,,,,,
7ff321d4844e4e56927d6f536cedabf0,duckdb,1.5.3,tpch,10,c8gd.4xlarge,analytical,sf_10,q12,2,2026-06-16T14:33:44.493015+00:00,2026-06-16T14:33:48.246574+00:00,,,0,,,,,
7ff321d4844e4e56927d6f536cedabf0,duckdb,1.5.3,tpch,10,c8gd.4xlarge,analytical,sf_10,q13,0,2026-06-16T14:33:49.204984+00:00,2026-06-16T14:33:50.144224+00:00,false,,0,,,,,
7ff321d4844e4e56927d6f536cedabf0,duckdb,1.5.3,tpch,10,c8gd.4xlarge,analytical,sf_10,q13,1,2026-06-16T14:33:50.144512+00:00,2026-06-16T14:33:51.076423+00:00,,,0,,,,,
7ff321d4844e4e56927d6f536cedabf0,duckdb,1.5.3,tpch,10,c8gd.4xlarge,analytical,sf_10,q13,2,2026-06-16T14:33:51.076489+00:00,2026-06-16T14:33:52.014554+00:00,,,0,,,,,
7ff321d4844e4e56927d6f536cedabf0,duckdb,1.5.3,tpch,10,c8gd.4xlarge,analytical,sf_10,q14,0,2026-06-16T14:33:54.782105+00:00,2026-06-16T14:33:57.580740+00:00,false,,0,,,,,
7ff321d4844e4e56927d6f536cedabf0,duckdb,1.5.3,tpch,10,c8gd.4xlarge,analytical,sf_10,q14,1,2026-06-16T14:33:57.580966+00:00,2026-06-16T14:34:00.345628+00:00,,,0,,,,,
7ff321d4844e4e56927d6f536cedabf0,duckdb,1.5.3,tpch,10,c8gd.4xlarge,analytical,sf_10,q14,2,2026-06-16T14:34:00.345693+00:00,2026-06-16T14:34:03.063355+00:00,,,0,,,,,
7ff321d4844e4e56927d6f536cedabf0,duckdb,1.5.3,tpch,10,c8gd.4xlarge,analytical,sf_10,q15,0,2026-06-16T14:34:05.710969+00:00,2026-06-16T14:34:08.366588+00:00,false,,0,,,,,
7ff321d4844e4e56927d6f536cedabf0,duckdb,1.5.3,tpch,10,c8gd.4xlarge,analytical,sf_10,q15,1,2026-06-16T14:34:08.366807+00:00,2026-06-16T14:34:11.014037+00:00,,,0,,,,,
7ff321d4844e4e56927d6f536cedabf0,duckdb,1.5.3,tpch,10,c8gd.4xlarge,analytical,sf_10,q15,2,2026-06-16T14:34:11.014103+00:00,2026-06-16T14:34:13.593518+00:00,,,0,,,,,
7ff321d4844e4e56927d6f536cedabf0,duckdb,1.5.3,tpch,10,c8gd.4xlarge,analytical,sf_10,q16,0,2026-06-16T14:34:14.261817+00:00,2026-06-16T14:34:15.157048+00:00,false,,0,,,,,
7ff321d4844e4e56927d6f536cedabf0,duckdb,1.5.3,tpch,10,c8gd.4xlarge,analytical,sf_10,q16,1,2026-06-16T14:34:15.239456+00:00,2026-06-16T14:34:15.910001+00:00,,,0,,,,,
7ff321d4844e4e56927d6f536cedabf0,duckdb,1.5.3,tpch,10,c8gd.4xlarge,analytical,sf_10,q16,2,2026-06-16T14:34:15.910074+00:00,2026-06-16T14:34:16.559734+00:00,,,0,,,,,
7ff321d4844e4e56927d6f536cedabf0,duckdb,1.5.3,tpch,10,c8gd.4xlarge,analytical,sf_10,q17,0,2026-06-16T14:34:20.731555+00:00,2026-06-16T14:34:24.669754+00:00,false,,0,,,,,
7ff321d4844e4e56927d6f536cedabf0,duckdb,1.5.3,tpch,10,c8gd.4xlarge,analytical,sf_10,q17,1,2026-06-16T14:34:24.670001+00:00,2026-06-16T14:34:28.645248+00:00,,,0,,,,,
7ff321d4844e4e56927d6f536cedabf0,duckdb,1.5.3,tpch,10,c8gd.4xlarge,analytical,sf_10,q17,2,2026-06-16T14:34:28.645315+00:00,2026-06-16T14:34:32.604238+00:00,,,0,,,,,
7ff321d4844e4e56927d6f536cedabf0,duckdb,1.5.3,tpch,10,c8gd.4xlarge,analytical,sf_10,q18,0,2026-06-16T14:34:36.710025+00:00,2026-06-16T14:34:40.880399+00:00,false,,0,,,,,
7ff321d4844e4e56927d6f536cedabf0,duckdb,1.5.3,tpch,10,c8gd.4xlarge,analytical,sf_10,q18,1,2026-06-16T14:34:40.880991+00:00,2026-06-16T14:34:45.018543+00:00,,,0,,,,,
7ff321d4844e4e56927d6f536cedabf0,duckdb,1.5.3,tpch,10,c8gd.4xlarge,analytical,sf_10,q18,2,2026-06-16T14:34:45.018612+00:00,2026-06-16T14:34:49.076420+00:00,,,0,,,,,
7ff321d4844e4e56927d6f536cedabf0,duckdb,1.5.3,tpch,10,c8gd.4xlarge,analytical,sf_10,q19,0,2026-06-16T14:34:53.509171+00:00,2026-06-16T14:34:57.865521+00:00,false,,0,,,,,
7ff321d4844e4e56927d6f536cedabf0,duckdb,1.5.3,tpch,10,c8gd.4xlarge,analytical,sf_10,q19,1,2026-06-16T14:34:57.865749+00:00,2026-06-16T14:35:02.266143+00:00,,,0,,,,,
7ff321d4844e4e56927d6f536cedabf0,duckdb,1.5.3,tpch,10,c8gd.4xlarge,analytical,sf_10,q19,2,2026-06-16T14:35:02.266213+00:00,2026-06-16T14:35:06.659830+00:00,,,0,,,,,
7ff321d4844e4e56927d6f536cedabf0,duckdb,1.5.3,tpch,10,c8gd.4xlarge,analytical,sf_10,q20,0,2026-06-16T14:35:10.514714+00:00,2026-06-16T14:35:14.358868+00:00,false,,0,,,,,
7ff321d4844e4e56927d6f536cedabf0,duckdb,1.5.3,tpch,10,c8gd.4xlarge,analytical,sf_10,q20,1,2026-06-16T14:35:14.362263+00:00,2026-06-16T14:35:18.269261+00:00,,,0,,,,,
7ff321d4844e4e56927d6f536cedabf0,duckdb,1.5.3,tpch,10,c8gd.4xlarge,analytical,sf_10,q20,2,2026-06-16T14:35:18.269332+00:00,2026-06-16T14:35:22.285385+00:00,,,0,,,,,
7ff321d4844e4e56927d6f536cedabf0,duckdb,1.5.3,tpch,10,c8gd.4xlarge,analytical,sf_10,q21,0,2026-06-16T14:35:30.350206+00:00,2026-06-16T14:35:38.388287+00:00,false,,0,,,,,
7ff321d4844e4e56927d6f536cedabf0,duckdb,1.5.3,tpch,10,c8gd.4xlarge,analytical,sf_10,q21,1,2026-06-16T14:35:38.388754+00:00,2026-06-16T14:35:46.224718+00:00,,,0,,,,,
7ff321d4844e4e56927d6f536cedabf0,duckdb,1.5.3,tpch,10,c8gd.4xlarge,analytical,sf_10,q21,2,2026-06-16T14:35:46.224787+00:00,2026-06-16T14:35:54.280005+00:00,,,0,,,,,
7ff321d4844e4e56927d6f536cedabf0,duckdb,1.5.3,tpch,10,c8gd.4xlarge,analytical,sf_10,q22,0,2026-06-16T14:35:54.980591+00:00,2026-06-16T14:35:55.657637+00:00,false,,0,,,,,
7ff321d4844e4e56927d6f536cedabf0,duckdb,1.5.3,tpch,10,c8gd.4xlarge,analytical,sf_10,q22,1,2026-06-16T14:35:55.657883+00:00,2026-06-16T14:35:56.366684+00:00,,,0,,,,,
7ff321d4844e4e56927d6f536cedabf0,duckdb,1.5.3,tpch,10,c8gd.4xlarge,analytical,sf_10,q22,2,2026-06-16T14:35:56.366752+00:00,2026-06-16T14:35:57.058960+00:00,,,0,,,,,
fcdabb191f3947dca3620da720f45a90,duckdb,1.5.3,tpch,1,c8gd.4xlarge,analytical,sf_1,q01,0,2026-06-16T14:36:50.798647+00:00,2026-06-16T14:36:51.191452+00:00,false,,0,,,,,
fcdabb191f3947dca3620da720f45a90,duckdb,1.5.3,tpch,1,c8gd.4xlarge,analytical,sf_1,q01,1,2026-06-16T14:36:51.191732+00:00,2026-06-16T14:36:51.568220+00:00,,,0,,,,,
fcdabb191f3947dca3620da720f45a90,duckdb,1.5.3,tpch,1,c8gd.4xlarge,analytical,sf_1,q01,2,2026-06-16T14:36:51.568293+00:00,2026-06-16T14:36:51.933771+00:00,,,0,,,,,
fcdabb191f3947dca3620da720f45a90,duckdb,1.5.3,tpch,1,c8gd.4xlarge,analytical,sf_1,q02,0,2026-06-16T14:36:52.698157+00:00,2026-06-16T14:36:53.245607+00:00,false,,0,,,,,
fcdabb191f3947dca3620da720f45a90,duckdb,1.5.3,tpch,1,c8gd.4xlarge,analytical,sf_1,q02,1,2026-06-16T14:36:53.246514+00:00,2026-06-16T14:36:53.775407+00:00,,,0,,,,,
fcdabb191f3947dca3620da720f45a90,duckdb,1.5.3,tpch,1,c8gd.4xlarge,analytical,sf_1,q02,2,2026-06-16T14:36:53.775474+00:00,2026-06-16T14:36:54.303873+00:00,,,0,,,,,
fcdabb191f3947dca3620da720f45a90,duckdb,1.5.3,tpch,1,c8gd.4xlarge,analytical,sf_1,q03,0,2026-06-16T14:36:55.183552+00:00,2026-06-16T14:36:55.848509+00:00,false,,0,,,,,
fcdabb191f3947dca3620da720f45a90,duckdb,1.5.3,tpch,1,c8gd.4xlarge,analytical,sf_1,q03,1,2026-06-16T14:36:55.848759+00:00,2026-06-16T14:36:56.545228+00:00,,,0,,,,,
fcdabb191f3947dca3620da720f45a90,duckdb,1.5.3,tpch,1,c8gd.4xlarge,analytical,sf_1,q03,2,2026-06-16T14:36:56.545295+00:00,2026-06-16T14:36:57.239463+00:00,,,0,,,,,
fcdabb191f3947dca3620da720f45a90,duckdb,1.5.3,tpch,1,c8gd.4xlarge,analytical,sf_1,q04,0,2026-06-16T14:36:57.696439+00:00,2026-06-16T14:36:58.086150+00:00,false,,0,,,,,
fcdabb191f3947dca3620da720f45a90,duckdb,1.5.3,tpch,1,c8gd.4xlarge,analytical,sf_1,q04,1,2026-06-16T14:36:58.086396+00:00,2026-06-16T14:36:58.504079+00:00,,,0,,,,,
fcdabb191f3947dca3620da720f45a90,duckdb,1.5.3,tpch,1,c8gd.4xlarge,analytical,sf_1,q04,2,2026-06-16T14:36:58.504148+00:00,2026-06-16T14:36:58.926411+00:00,,,0,,,,,
fcdabb191f3947dca3620da720f45a90,duckdb,1.5.3,tpch,1,c8gd.4xlarge,analytical,sf_1,q05,0,2026-06-16T14:36:59.703869+00:00,2026-06-16T14:37:00.509092+00:00,false,,0,,,,,
fcdabb191f3947dca3620da720f45a90,duckdb,1.5.3,tpch,1,c8gd.4xlarge,analytical,sf_1,q05,1,2026-06-16T14:37:00.509320+00:00,2026-06-16T14:37:01.281265+00:00,,,0,,,,,
fcdabb191f3947dca3620da720f45a90,duckdb,1.5.3,tpch,1,c8gd.4xlarge,analytical,sf_1,q05,2,2026-06-16T14:37:01.281332+00:00,2026-06-16T14:37:02.102133+00:00,,,0,,,,,
fcdabb191f3947dca3620da720f45a90,duckdb,1.5.3,tpch,1,c8gd.4xlarge,analytical,sf_1,q06,0,2026-06-16T14:37:02.566234+00:00,2026-06-16T14:37:03.043328+00:00,false,,0,,,,,
fcdabb191f3947dca3620da720f45a90,duckdb,1.5.3,tpch,1,c8gd.4xlarge,analytical,sf_1,q06,1,2026-06-16T14:37:03.043546+00:00,2026-06-16T14:37:03.502246+00:00,,,0,,,,,
fcdabb191f3947dca3620da720f45a90,duckdb,1.5.3,tpch,1,c8gd.4xlarge,analytical,sf_1,q06,2,2026-06-16T14:37:03.502316+00:00,2026-06-16T14:37:03.949826+00:00,,,0,,,,,
fcdabb191f3947dca3620da720f45a90,duckdb,1.5.3,tpch,1,c8gd.4xlarge,analytical,sf_1,q07,0,2026-06-16T14:37:04.706923+00:00,2026-06-16T14:37:05.568676+00:00,false,,0,,,,,
fcdabb191f3947dca3620da720f45a90,duckdb,1.5.3,tpch,1,c8gd.4xlarge,analytical,sf_1,q07,1,2026-06-16T14:37:05.568928+00:00,2026-06-16T14:37:06.353234+00:00,,,0,,,,,
fcdabb191f3947dca3620da720f45a90,duckdb,1.5.3,tpch,1,c8gd.4xlarge,analytical,sf_1,q07,2,2026-06-16T14:37:06.353302+00:00,2026-06-16T14:37:07.129206+00:00,,,0,,,,,
fcdabb191f3947dca3620da720f45a90,duckdb,1.5.3,tpch,1,c8gd.4xlarge,analytical,sf_1,q08,0,2026-06-16T14:37:08.043521+00:00,2026-06-16T14:37:08.961915+00:00,false,,0,,,,,
fcdabb191f3947dca3620da720f45a90,duckdb,1.5.3,tpch,1,c8gd.4xlarge,analytical,sf_1,q08,1,2026-06-16T14:37:08.962142+00:00,2026-06-16T14:37:09.910703+00:00,,,0,,,,,
fcdabb191f3947dca3620da720f45a90,duckdb,1.5.3,tpch,1,c8gd.4xlarge,analytical,sf_1,q08,2,2026-06-16T14:37:09.910769+00:00,2026-06-16T14:37:10.829152+00:00,,,0,,,,,
fcdabb191f3947dca3620da720f45a90,duckdb,1.5.3,tpch,1,c8gd.4xlarge,analytical,sf_1,q09,0,2026-06-16T14:37:11.779279+00:00,2026-06-16T14:37:12.641975+00:00,false,,0,,,,,
fcdabb191f3947dca3620da720f45a90,duckdb,1.5.3,tpch,1,c8gd.4xlarge,analytical,sf_1,q09,1,2026-06-16T14:37:12.642514+00:00,2026-06-16T14:37:13.519502+00:00,,,0,,,,,
fcdabb191f3947dca3620da720f45a90,duckdb,1.5.3,tpch,1,c8gd.4xlarge,analytical,sf_1,q09,2,2026-06-16T14:37:13.519565+00:00,2026-06-16T14:37:14.406292+00:00,,,0,,,,,
fcdabb191f3947dca3620da720f45a90,duckdb,1.5.3,tpch,1,c8gd.4xlarge,analytical,sf_1,q10,0,2026-06-16T14:37:15.246654+00:00,2026-06-16T14:37:16.145104+00:00,false,,0,,,,,
fcdabb191f3947dca3620da720f45a90,duckdb,1.5.3,tpch,1,c8gd.4xlarge,analytical,sf_1,q10,1,2026-06-16T14:37:16.145441+00:00,2026-06-16T14:37:16.947004+00:00,,,0,,,,,
fcdabb191f3947dca3620da720f45a90,duckdb,1.5.3,tpch,1,c8gd.4xlarge,analytical,sf_1,q10,2,2026-06-16T14:37:16.947071+00:00,2026-06-16T14:37:17.784320+00:00,,,0,,,,,
fcdabb191f3947dca3620da720f45a90,duckdb,1.5.3,tpch,1,c8gd.4xlarge,analytical,sf_1,q11,0,2026-06-16T14:37:18.136344+00:00,2026-06-16T14:37:18.488997+00:00,false,,0,,,,,
fcdabb191f3947dca3620da720f45a90,duckdb,1.5.3,tpch,1,c8gd.4xlarge,analytical,sf_1,q11,1,2026-06-16T14:37:18.490555+00:00,2026-06-16T14:37:18.838269+00:00,,,0,,,,,
fcdabb191f3947dca3620da720f45a90,duckdb,1.5.3,tpch,1,c8gd.4xlarge,analytical,sf_1,q11,2,2026-06-16T14:37:18.838338+00:00,2026-06-16T14:37:19.209821+00:00,,,0,,,,,
fcdabb191f3947dca3620da720f45a90,duckdb,1.5.3,tpch,1,c8gd.4xlarge,analytical,sf_1,q12,0,2026-06-16T14:37:19.794423+00:00,2026-06-16T14:37:20.379757+00:00,false,,0,,,,,
fcdabb191f3947dca3620da720f45a90,duckdb,1.5.3,tpch,1,c8gd.4xlarge,analytical,sf_1,q12,1,2026-06-16T14:37:20.379994+00:00,2026-06-16T14:37:20.951889+00:00,,,0,,,,,
fcdabb191f3947dca3620da720f45a90,duckdb,1.5.3,tpch,1,c8gd.4xlarge,analytical,sf_1,q12,2,2026-06-16T14:37:20.951955+00:00,2026-06-16T14:37:21.532586+00:00,,,0,,,,,
fcdabb191f3947dca3620da720f45a90,duckdb,1.5.3,tpch,1,c8gd.4xlarge,analytical,sf_1,q13,0,2026-06-16T14:37:21.786369+00:00,2026-06-16T14:37:22.082088+00:00,false,,0,,,,,
fcdabb191f3947dca3620da720f45a90,duckdb,1.5.3,tpch,1,c8gd.4xlarge,analytical,sf_1,q13,1,2026-06-16T14:37:22.082356+00:00,2026-06-16T14:37:22.345999+00:00,,,0,,,,,
fcdabb191f3947dca3620da720f45a90,duckdb,1.5.3,tpch,1,c8gd.4xlarge,analytical,sf_1,q13,2,2026-06-16T14:37:22.346067+00:00,2026-06-16T14:37:22.612003+00:00,,,0,,,,,
fcdabb191f3947dca3620da720f45a90,duckdb,1.5.3,tpch,1,c8gd.4xlarge,analytical,sf_1,q14,0,2026-06-16T14:37:23.115413+00:00,2026-06-16T14:37:23.595790+00:00,false,,0,,,,,
fcdabb191f3947dca3620da720f45a90,duckdb,1.5.3,tpch,1,c8gd.4xlarge,analytical,sf_1,q14,1,2026-06-16T14:37:23.596029+00:00,2026-06-16T14:37:24.133234+00:00,,,0,,,,,
fcdabb191f3947dca3620da720f45a90,duckdb,1.5.3,tpch,1,c8gd.4xlarge,analytical,sf_1,q14,2,2026-06-16T14:37:24.133300+00:00,2026-06-16T14:37:24.598508+00:00,,,0,,,,,
fcdabb191f3947dca3620da720f45a90,duckdb,1.5.3,tpch,1,c8gd.4xlarge,analytical,sf_1,q15,0,2026-06-16T14:37:24.962654+00:00,2026-06-16T14:37:25.317670+00:00,false,,0,,,,,
fcdabb191f3947dca3620da720f45a90,duckdb,1.5.3,tpch,1,c8gd.4xlarge,analytical,sf_1,q15,1,2026-06-16T14:37:25.317922+00:00,2026-06-16T14:37:25.672656+00:00,,,0,,,,,
fcdabb191f3947dca3620da720f45a90,duckdb,1.5.3,tpch,1,c8gd.4xlarge,analytical,sf_1,q15,2,2026-06-16T14:37:25.672723+00:00,2026-06-16T14:37:26.030788+00:00,,,0,,,,,
fcdabb191f3947dca3620da720f45a90,duckdb,1.5.3,tpch,1,c8gd.4xlarge,analytical,sf_1,q16,0,2026-06-16T14:37:26.344456+00:00,2026-06-16T14:37:26.648460+00:00,false,,0,,,,,
fcdabb191f3947dca3620da720f45a90,duckdb,1.5.3,tpch,1,c8gd.4xlarge,analytical,sf_1,q16,1,2026-06-16T14:37:26.702139+00:00,2026-06-16T14:37:27.014132+00:00,,,0,,,,,
fcdabb191f3947dca3620da720f45a90,duckdb,1.5.3,tpch,1,c8gd.4xlarge,analytical,sf_1,q16,2,2026-06-16T14:37:27.014202+00:00,2026-06-16T14:37:27.326041+00:00,,,0,,,,,
fcdabb191f3947dca3620da720f45a90,duckdb,1.5.3,tpch,1,c8gd.4xlarge,analytical,sf_1,q17,0,2026-06-16T14:37:28.055803+00:00,2026-06-16T14:37:28.800901+00:00,false,,0,,,,,
fcdabb191f3947dca3620da720f45a90,duckdb,1.5.3,tpch,1,c8gd.4xlarge,analytical,sf_1,q17,1,2026-06-16T14:37:28.801117+00:00,2026-06-16T14:37:29.519426+00:00,,,0,,,,,
fcdabb191f3947dca3620da720f45a90,duckdb,1.5.3,tpch,1,c8gd.4xlarge,analytical,sf_1,q17,2,2026-06-16T14:37:29.519491+00:00,2026-06-16T14:37:30.252605+00:00,,,0,,,,,
fcdabb191f3947dca3620da720f45a90,duckdb,1.5.3,tpch,1,c8gd.4xlarge,analytical,sf_1,q18,0,2026-06-16T14:37:31.059567+00:00,2026-06-16T14:37:31.777226+00:00,false,,0,,,,,
fcdabb191f3947dca3620da720f45a90,duckdb,1.5.3,tpch,1,c8gd.4xlarge,analytical,sf_1,q18,1,2026-06-16T14:37:31.777628+00:00,2026-06-16T14:37:32.471657+00:00,,,0,,,,,
fcdabb191f3947dca3620da720f45a90,duckdb,1.5.3,tpch,1,c8gd.4xlarge,analytical,sf_1,q18,2,2026-06-16T14:37:32.471725+00:00,2026-06-16T14:37:33.206074+00:00,,,0,,,,,
fcdabb191f3947dca3620da720f45a90,duckdb,1.5.3,tpch,1,c8gd.4xlarge,analytical,sf_1,q19,0,2026-06-16T14:37:33.895829+00:00,2026-06-16T14:37:34.618956+00:00,false,,0,,,,,
fcdabb191f3947dca3620da720f45a90,duckdb,1.5.3,tpch,1,c8gd.4xlarge,analytical,sf_1,q19,1,2026-06-16T14:37:34.619181+00:00,2026-06-16T14:37:35.330389+00:00,,,0,,,,,
fcdabb191f3947dca3620da720f45a90,duckdb,1.5.3,tpch,1,c8gd.4xlarge,analytical,sf_1,q19,2,2026-06-16T14:37:35.330455+00:00,2026-06-16T14:37:36.019998+00:00,,,0,,,,,
fcdabb191f3947dca3620da720f45a90,duckdb,1.5.3,tpch,1,c8gd.4xlarge,analytical,sf_1,q20,0,2026-06-16T14:37:36.703577+00:00,2026-06-16T14:37:37.382469+00:00,false,,0,,,,,
fcdabb191f3947dca3620da720f45a90,duckdb,1.5.3,tpch,1,c8gd.4xlarge,analytical,sf_1,q20,1,2026-06-16T14:37:37.383027+00:00,2026-06-16T14:37:38.097851+00:00,,,0,,,,,
fcdabb191f3947dca3620da720f45a90,duckdb,1.5.3,tpch,1,c8gd.4xlarge,analytical,sf_1,q20,2,2026-06-16T14:37:38.097930+00:00,2026-06-16T14:37:38.804719+00:00,,,0,,,,,
fcdabb191f3947dca3620da720f45a90,duckdb,1.5.3,tpch,1,c8gd.4xlarge,analytical,sf_1,q21,0,2026-06-16T14:37:40.116982+00:00,2026-06-16T14:37:41.375325+00:00,false,,0,,,,,
fcdabb191f3947dca3620da720f45a90,duckdb,1.5.3,tpch,1,c8gd.4xlarge,analytical,sf_1,q21,1,2026-06-16T14:37:41.375707+00:00,2026-06-16T14:37:42.690764+00:00,,,0,,,,,
fcdabb191f3947dca3620da720f45a90,duckdb,1.5.3,tpch,1,c8gd.4xlarge,analytical,sf_1,q21,2,2026-06-16T14:37:42.690834+00:00,2026-06-16T14:37:44.008969+00:00,,,0,,,,,
fcdabb191f3947dca3620da720f45a90,duckdb,1.5.3,tpch,1,c8gd.4xlarge,analytical,sf_1,q22,0,2026-06-16T14:37:44.390567+00:00,2026-06-16T14:37:44.722534+00:00,false,,0,,,,,
fcdabb191f3947dca3620da720f45a90,duckdb,1.5.3,tpch,1,c8gd.4xlarge,analytical,sf_1,q22,1,2026-06-16T14:37:44.722774+00:00,2026-06-16T14:37:45.086828+00:00,,,0,,,,,
fcdabb191f3947dca3620da720f45a90,duckdb,1.5.3,tpch,1,c8gd.4xlarge,analytical,sf_1,q22,2,2026-06-16T14:37:45.086906+00:00,2026-06-16T14:37:45.426863+00:00,,,0,,,,,
7c2fa236e1e04fd693465a10a9b18103,duckdb,1.5.3,tpch,1,c8gd.4xlarge,analytical,sf_1,q01,0,2026-06-16T14:43:35.388394+00:00,2026-06-16T14:43:35.764832+00:00,false,,0,,,,,
7c2fa236e1e04fd693465a10a9b18103,duckdb,1.5.3,tpch,1,c8gd.4xlarge,analytical,sf_1,q01,1,2026-06-16T14:43:35.765128+00:00,2026-06-16T14:43:36.124102+00:00,,,0,,,,,
7c2fa236e1e04fd693465a10a9b18103,duckdb,1.5.3,tpch,1,c8gd.4xlarge,analytical,sf_1,q01,2,2026-06-16T14:43:36.124174+00:00,2026-06-16T14:43:36.499679+00:00,,,0,,,,,
7c2fa236e1e04fd693465a10a9b18103,duckdb,1.5.3,tpch,1,c8gd.4xlarge,analytical,sf_1,q02,0,2026-06-16T14:43:37.323519+00:00,2026-06-16T14:43:37.878109+00:00,false,,0,,,,,
7c2fa236e1e04fd693465a10a9b18103,duckdb,1.5.3,tpch,1,c8gd.4xlarge,analytical,sf_1,q02,1,2026-06-16T14:43:37.879024+00:00,2026-06-16T14:43:38.474133+00:00,,,0,,,,,
7c2fa236e1e04fd693465a10a9b18103,duckdb,1.5.3,tpch,1,c8gd.4xlarge,analytical,sf_1,q02,2,2026-06-16T14:43:38.474198+00:00,2026-06-16T14:43:39.056399+00:00,,,0,,,,,
7c2fa236e1e04fd693465a10a9b18103,duckdb,1.5.3,tpch,1,c8gd.4xlarge,analytical,sf_1,q03,0,2026-06-16T14:43:39.651706+00:00,2026-06-16T14:43:40.016117+00:00,,TransactionContext Error: cannot start a transaction within a transaction,0,,,,,
7c2fa236e1e04fd693465a10a9b18103,duckdb,1.5.3,tpch,1,c8gd.4xlarge,analytical,sf_1,q03,1,2026-06-16T14:43:40.016248+00:00,2026-06-16T14:43:40.016441+00:00,,TransactionContext Error: Current transaction is aborted (please ROLLBACK),0,,,,,
7c2fa236e1e04fd693465a10a9b18103,duckdb,1.5.3,tpch,1,c8gd.4xlarge,analytical,sf_1,q03,2,2026-06-16T14:43:40.016466+00:00,2026-06-16T14:43:40.016584+00:00,,TransactionContext Error: Current transaction is aborted (please ROLLBACK),0,,,,,
7c2fa236e1e04fd693465a10a9b18103,duckdb,1.5.3,tpch,1,c8gd.4xlarge,analytical,sf_1,q04,0,2026-06-16T14:43:40.016800+00:00,2026-06-16T14:43:40.016924+00:00,,TransactionContext Error: Current transaction is aborted (please ROLLBACK),0,,,,,
7c2fa236e1e04fd693465a10a9b18103,duckdb,1.5.3,tpch,1,c8gd.4xlarge,analytical,sf_1,q04,1,2026-06-16T14:43:40.016972+00:00,2026-06-16T14:43:40.017090+00:00,,TransactionContext Error: Current transaction is aborted (please ROLLBACK),0,,,,,
7c2fa236e1e04fd693465a10a9b18103,duckdb,1.5.3,tpch,1,c8gd.4xlarge,analytical,sf_1,q04,2,2026-06-16T14:43:40.017110+00:00,2026-06-16T14:43:40.017216+00:00,,TransactionContext Error: Current transaction is aborted (please ROLLBACK),0,,,,,
7c2fa236e1e04fd693465a10a9b18103,duckdb,1.5.3,tpch,1,c8gd.4xlarge,analytical,sf_1,q05,0,2026-06-16T14:43:40.017385+00:00,2026-06-16T14:43:40.017483+00:00,,TransactionContext Error: Current transaction is aborted (please ROLLBACK),0,,,,,
7c2fa236e1e04fd693465a10a9b18103,duckdb,1.5.3,tpch,1,c8gd.4xlarge,analytical,sf_1,q05,1,2026-06-16T14:43:40.017518+00:00,2026-06-16T14:43:40.017625+00:00,,TransactionContext Error: Current transaction is aborted (please ROLLBACK),0,,,,,
7c2fa236e1e04fd693465a10a9b18103,duckdb,1.5.3,tpch,1,c8gd.4xlarge,analytical,sf_1,q05,2,2026-06-16T14:43:40.017639+00:00,2026-06-16T14:43:40.017741+00:00,,TransactionContext Error: Current transaction is aborted (please ROLLBACK),0,,,,,
7c2fa236e1e04fd693465a10a9b18103,duckdb,1.5.3,tpch,1,c8gd.4xlarge,analytical,sf_1,q06,0,2026-06-16T14:43:40.017909+00:00,2026-06-16T14:43:40.018016+00:00,,TransactionContext Error: Current transaction is aborted (please ROLLBACK),0,,,,,
7c2fa236e1e04fd693465a10a9b18103,duckdb,1.5.3,tpch,1,c8gd.4xlarge,analytical,sf_1,q06,1,2026-06-16T14:43:40.018055+00:00,2026-06-16T14:43:40.018163+00:00,,TransactionContext Error: Current transaction is aborted (please ROLLBACK),0,,,,,
7c2fa236e1e04fd693465a10a9b18103,duckdb,1.5.3,tpch,1,c8gd.4xlarge,analytical,sf_1,q06,2,2026-06-16T14:43:40.018179+00:00,2026-06-16T14:43:40.018284+00:00,,TransactionContext Error: Current transaction is aborted (please ROLLBACK),0,,,,,
7c2fa236e1e04fd693465a10a9b18103,duckdb,1.5.3,tpch,1,c8gd.4xlarge,analytical,sf_1,q07,0,2026-06-16T14:43:40.018437+00:00,2026-06-16T14:43:40.018534+00:00,,TransactionContext Error: Current transaction is aborted (please ROLLBACK),0,,,,,
7c2fa236e1e04fd693465a10a9b18103,duckdb,1.5.3,tpch,1,c8gd.4xlarge,analytical,sf_1,q07,1,2026-06-16T14:43:40.018571+00:00,2026-06-16T14:43:40.018675+00:00,,TransactionContext Error: Current transaction is aborted (please ROLLBACK),0,,,,,
7c2fa236e1e04fd693465a10a9b18103,duckdb,1.5.3,tpch,1,c8gd.4xlarge,analytical,sf_1,q07,2,2026-06-16T14:43:40.018692+00:00,2026-06-16T14:43:40.018798+00:00,,TransactionContext Error: Current transaction is aborted (please ROLLBACK),0,,,,,
7c2fa236e1e04fd693465a10a9b18103,duckdb,1.5.3,tpch,1,c8gd.4xlarge,analytical,sf_1,q08,0,2026-06-16T14:43:40.018962+00:00,2026-06-16T14:43:40.019055+00:00,,TransactionContext Error: Current transaction is aborted (please ROLLBACK),0,,,,,
7c2fa236e1e04fd693465a10a9b18103,duckdb,1.5.3,tpch,1,c8gd.4xlarge,analytical,sf_1,q08,1,2026-06-16T14:43:40.019087+00:00,2026-06-16T14:43:40.019189+00:00,,TransactionContext Error: Current transaction is aborted (please ROLLBACK),0,,,,,
7c2fa236e1e04fd693465a10a9b18103,duckdb,1.5.3,tpch,1,c8gd.4xlarge,analytical,sf_1,q08,2,2026-06-16T14:43:40.019205+00:00,2026-06-16T14:43:40.019307+00:00,,TransactionContext Error: Current transaction is aborted (please ROLLBACK),0,,,,,
7c2fa236e1e04fd693465a10a9b18103,duckdb,1.5.3,tpch,1,c8gd.4xlarge,analytical,sf_1,q09,0,2026-06-16T14:43:40.019450+00:00,2026-06-16T14:43:40.019542+00:00,,TransactionContext Error: Current transaction is aborted (please ROLLBACK),0,,,,,
7c2fa236e1e04fd693465a10a9b18103,duckdb,1.5.3,tpch,1,c8gd.4xlarge,analytical,sf_1,q09,1,2026-06-16T14:43:40.019569+00:00,2026-06-16T14:43:40.019672+00:00,,TransactionContext Error: Current transaction is aborted (please ROLLBACK),0,,,,,
7c2fa236e1e04fd693465a10a9b18103,duckdb,1.5.3,tpch,1,c8gd.4xlarge,analytical,sf_1,q09,2,2026-06-16T14:43:40.019687+00:00,2026-06-16T14:43:40.019787+00:00,,TransactionContext Error: Current transaction is aborted (please ROLLBACK),0,,,,,
7c2fa236e1e04fd693465a10a9b18103,duckdb,1.5.3,tpch,1,c8gd.4xlarge,analytical,sf_1,q10,0,2026-06-16T14:43:40.019940+00:00,2026-06-16T14:43:40.020036+00:00,,TransactionContext Error: Current transaction is aborted (please ROLLBACK),0,,,,,
7c2fa236e1e04fd693465a10a9b18103,duckdb,1.5.3,tpch,1,c8gd.4xlarge,analytical,sf_1,q10,1,2026-06-16T14:43:40.020065+00:00,2026-06-16T14:43:40.020170+00:00,,TransactionContext Error: Current transaction is aborted (please ROLLBACK),0,,,,,
7c2fa236e1e04fd693465a10a9b18103,duckdb,1.5.3,tpch,1,c8gd.4xlarge,analytical,sf_1,q10,2,2026-06-16T14:43:40.020185+00:00,2026-06-16T14:43:40.020288+00:00,,TransactionContext Error: Current transaction is aborted (please ROLLBACK),0,,,,,
7c2fa236e1e04fd693465a10a9b18103,duckdb,1.5.3,tpch,1,c8gd.4xlarge,analytical,sf_1,q11,0,2026-06-16T14:43:40.020439+00:00,2026-06-16T14:43:40.020530+00:00,,TransactionContext Error: Current transaction is aborted (please ROLLBACK),0,,,,,
7c2fa236e1e04fd693465a10a9b18103,duckdb,1.5.3,tpch,1,c8gd.4xlarge,analytical,sf_1,q11,1,2026-06-16T14:43:40.020561+00:00,2026-06-16T14:43:40.020665+00:00,,TransactionContext Error: Current transaction is aborted (please ROLLBACK),0,,,,,
7c2fa236e1e04fd693465a10a9b18103,duckdb,1.5.3,tpch,1,c8gd.4xlarge,analytical,sf_1,q11,2,2026-06-16T14:43:40.020680+00:00,2026-06-16T14:43:40.020784+00:00,,TransactionContext Error: Current transaction is aborted (please ROLLBACK),0,,,,,
7c2fa236e1e04fd693465a10a9b18103,duckdb,1.5.3,tpch,1,c8gd.4xlarge,analytical,sf_1,q12,0,2026-06-16T14:43:40.020954+00:00,2026-06-16T14:43:40.021049+00:00,,TransactionContext Error: Current transaction is aborted (please ROLLBACK),0,,,,,
7c2fa236e1e04fd693465a10a9b18103,duckdb,1.5.3,tpch,1,c8gd.4xlarge,analytical,sf_1,q12,1,2026-06-16T14:43:40.021082+00:00,2026-06-16T14:43:40.021186+00:00,,TransactionContext Error: Current transaction is aborted (please ROLLBACK),0,,,,,
7c2fa236e1e04fd693465a10a9b18103,duckdb,1.5.3,tpch,1,c8gd.4xlarge,analytical,sf_1,q12,2,2026-06-16T14:43:40.021201+00:00,2026-06-16T14:43:40.021303+00:00,,TransactionContext Error: Current transaction is aborted (please ROLLBACK),0,,,,,
7c2fa236e1e04fd693465a10a9b18103,duckdb,1.5.3,tpch,1,c8gd.4xlarge,analytical,sf_1,q13,0,2026-06-16T14:43:40.021447+00:00,2026-06-16T14:43:40.021540+00:00,,TransactionContext Error: Current transaction is aborted (please ROLLBACK),0,,,,,
7c2fa236e1e04fd693465a10a9b18103,duckdb,1.5.3,tpch,1,c8gd.4xlarge,analytical,sf_1,q13,1,2026-06-16T14:43:40.021567+00:00,2026-06-16T14:43:40.021668+00:00,,TransactionContext Error: Current transaction is aborted (please ROLLBACK),0,,,,,
7c2fa236e1e04fd693465a10a9b18103,duckdb,1.5.3,tpch,1,c8gd.4xlarge,analytical,sf_1,q13,2,2026-06-16T14:43:40.021683+00:00,2026-06-16T14:43:40.021783+00:00,,TransactionContext Error: Current transaction is aborted (please ROLLBACK),0,,,,,
7c2fa236e1e04fd693465a10a9b18103,duckdb,1.5.3,tpch,1,c8gd.4xlarge,analytical,sf_1,q14,0,2026-06-16T14:43:40.021935+00:00,2026-06-16T14:43:40.022029+00:00,,TransactionContext Error: Current transaction is aborted (please ROLLBACK),0,,,,,
7c2fa236e1e04fd693465a10a9b18103,duckdb,1.5.3,tpch,1,c8gd.4xlarge,analytical,sf_1,q14,1,2026-06-16T14:43:40.022057+00:00,2026-06-16T14:43:40.022160+00:00,,TransactionContext Error: Current transaction is aborted (please ROLLBACK),0,,,,,
7c2fa236e1e04fd693465a10a9b18103,duckdb,1.5.3,tpch,1,c8gd.4xlarge,analytical,sf_1,q14,2,2026-06-16T14:43:40.022174+00:00,2026-06-16T14:43:40.022276+00:00,,TransactionContext Error: Current transaction is aborted (please ROLLBACK),0,,,,,
7c2fa236e1e04fd693465a10a9b18103,duckdb,1.5.3,tpch,1,c8gd.4xlarge,analytical,sf_1,q15,0,2026-06-16T14:43:40.022416+00:00,2026-06-16T14:43:40.022511+00:00,,TransactionContext Error: Current transaction is aborted (please ROLLBACK),0,,,,,
7c2fa236e1e04fd693465a10a9b18103,duckdb,1.5.3,tpch,1,c8gd.4xlarge,analytical,sf_1,q15,1,2026-06-16T14:43:40.022537+00:00,2026-06-16T14:43:40.022640+00:00,,TransactionContext Error: Current transaction is aborted (please ROLLBACK),0,,,,,
7c2fa236e1e04fd693465a10a9b18103,duckdb,1.5.3,tpch,1,c8gd.4xlarge,analytical,sf_1,q15,2,2026-06-16T14:43:40.022660+00:00,2026-06-16T14:43:40.022761+00:00,,TransactionContext Error: Current transaction is aborted (please ROLLBACK),0,,,,,
7c2fa236e1e04fd693465a10a9b18103,duckdb,1.5.3,tpch,1,c8gd.4xlarge,analytical,sf_1,q16,0,2026-06-16T14:43:40.022909+00:00,2026-06-16T14:43:40.023003+00:00,,TransactionContext Error: Current transaction is aborted (please ROLLBACK),0,,,,,
7c2fa236e1e04fd693465a10a9b18103,duckdb,1.5.3,tpch,1,c8gd.4xlarge,analytical,sf_1,q16,1,2026-06-16T14:43:40.023030+00:00,2026-06-16T14:43:40.023131+00:00,,TransactionContext Error: Current transaction is aborted (please ROLLBACK),0,,,,,
7c2fa236e1e04fd693465a10a9b18103,duckdb,1.5.3,tpch,1,c8gd.4xlarge,analytical,sf_1,q16,2,2026-06-16T14:43:40.023146+00:00,2026-06-16T14:43:40.023250+00:00,,TransactionContext Error: Current transaction is aborted (please ROLLBACK),0,,,,,
7c2fa236e1e04fd693465a10a9b18103,duckdb,1.5.3,tpch,1,c8gd.4xlarge,analytical,sf_1,q17,0,2026-06-16T14:43:40.023391+00:00,2026-06-16T14:43:40.023487+00:00,,TransactionContext Error: Current transaction is aborted (please ROLLBACK),0,,,,,
7c2fa236e1e04fd693465a10a9b18103,duckdb,1.5.3,tpch,1,c8gd.4xlarge,analytical,sf_1,q17,1,2026-06-16T14:43:40.023512+00:00,2026-06-16T14:43:40.023614+00:00,,TransactionContext Error: Current transaction is aborted (please ROLLBACK),0,,,,,
7c2fa236e1e04fd693465a10a9b18103,duckdb,1.5.3,tpch,1,c8gd.4xlarge,analytical,sf_1,q17,2,2026-06-16T14:43:40.023628+00:00,2026-06-16T14:43:40.023731+00:00,,TransactionContext Error: Current transaction is aborted (please ROLLBACK),0,,,,,
7c2fa236e1e04fd693465a10a9b18103,duckdb,1.5.3,tpch,1,c8gd.4xlarge,analytical,sf_1,q18,0,2026-06-16T14:43:40.023881+00:00,2026-06-16T14:43:40.023984+00:00,,TransactionContext Error: Current transaction is aborted (please ROLLBACK),0,,,,,
7c2fa236e1e04fd693465a10a9b18103,duckdb,1.5.3,tpch,1,c8gd.4xlarge,analytical,sf_1,q18,1,2026-06-16T14:43:40.024020+00:00,2026-06-16T14:43:40.024125+00:00,,TransactionContext Error: Current transaction is aborted (please ROLLBACK),0,,,,,
7c2fa236e1e04fd693465a10a9b18103,duckdb,1.5.3,tpch,1,c8gd.4xlarge,analytical,sf_1,q18,2,2026-06-16T14:43:40.024143+00:00,2026-06-16T14:43:40.024246+00:00,,TransactionContext Error: Current transaction is aborted (please ROLLBACK),0,,,,,
7c2fa236e1e04fd693465a10a9b18103,duckdb,1.5.3,tpch,1,c8gd.4xlarge,analytical,sf_1,q19,0,2026-06-16T14:43:40.024400+00:00,2026-06-16T14:43:40.024493+00:00,,TransactionContext Error: Current transaction is aborted (please ROLLBACK),0,,,,,
7c2fa236e1e04fd693465a10a9b18103,duckdb,1.5.3,tpch,1,c8gd.4xlarge,analytical,sf_1,q19,1,2026-06-16T14:43:40.024526+00:00,2026-06-16T14:43:40.024629+00:00,,TransactionContext Error: Current transaction is aborted (please ROLLBACK),0,,,,,
7c2fa236e1e04fd693465a10a9b18103,duckdb,1.5.3,tpch,1,c8gd.4xlarge,analytical,sf_1,q19,2,2026-06-16T14:43:40.024645+00:00,2026-06-16T14:43:40.024747+00:00,,TransactionContext Error: Current transaction is aborted (please ROLLBACK),0,,,,,
7c2fa236e1e04fd693465a10a9b18103,duckdb,1.5.3,tpch,1,c8gd.4xlarge,analytical,sf_1,q20,0,2026-06-16T14:43:40.024908+00:00,2026-06-16T14:43:40.025013+00:00,,TransactionContext Error: Current transaction is aborted (please ROLLBACK),0,,,,,
7c2fa236e1e04fd693465a10a9b18103,duckdb,1.5.3,tpch,1,c8gd.4xlarge,analytical,sf_1,q20,1,2026-06-16T14:43:40.025050+00:00,2026-06-16T14:43:40.025155+00:00,,TransactionContext Error: Current transaction is aborted (please ROLLBACK),0,,,,,
7c2fa236e1e04fd693465a10a9b18103,duckdb,1.5.3,tpch,1,c8gd.4xlarge,analytical,sf_1,q20,2,2026-06-16T14:43:40.025174+00:00,2026-06-16T14:43:40.025276+00:00,,TransactionContext Error: Current transaction is aborted (please ROLLBACK),0,,,,,
7c2fa236e1e04fd693465a10a9b18103,duckdb,1.5.3,tpch,1,c8gd.4xlarge,analytical,sf_1,q21,0,2026-06-16T14:43:40.025423+00:00,2026-06-16T14:43:40.025515+00:00,,TransactionContext Error: Current transaction is aborted (please ROLLBACK),0,,,,,
7c2fa236e1e04fd693465a10a9b18103,duckdb,1.5.3,tpch,1,c8gd.4xlarge,analytical,sf_1,q21,1,2026-06-16T14:43:40.025544+00:00,2026-06-16T14:43:40.025649+00:00,,TransactionContext Error: Current transaction is aborted (please ROLLBACK),0,,,,,
7c2fa236e1e04fd693465a10a9b18103,duckdb,1.5.3,tpch,1,c8gd.4xlarge,analytical,sf_1,q21,2,2026-06-16T14:43:40.025663+00:00,2026-06-16T14:43:40.025766+00:00,,TransactionContext Error: Current transaction is aborted (please ROLLBACK),0,,,,,
7c2fa236e1e04fd693465a10a9b18103,duckdb,1.5.3,tpch,1,c8gd.4xlarge,analytical,sf_1,q22,0,2026-06-16T14:43:40.025932+00:00,2026-06-16T14:43:40.026031+00:00,,TransactionContext Error: Current transaction is aborted (please ROLLBACK),0,,,,,
7c2fa236e1e04fd693465a10a9b18103,duckdb,1.5.3,tpch,1,c8gd.4xlarge,analytical,sf_1,q22,1,2026-06-16T14:43:40.026067+00:00,2026-06-16T14:43:40.026171+00:00,,TransactionContext Error: Current transaction is aborted (please ROLLBACK),0,,,,,
7c2fa236e1e04fd693465a10a9b18103,duckdb,1.5.3,tpch,1,c8gd.4xlarge,analytical,sf_1,q22,2,2026-06-16T14:43:40.026189+00:00,2026-06-16T14:43:40.026293+00:00,,TransactionContext Error: Current transaction is aborted (please ROLLBACK),0,,,,,
522040eb0c8943a381df018a557a53ed,duckdb,1.5.3,tpch,1,c8gd.4xlarge,analytical,bench_32daf505,q01,0,2026-06-16T14:45:47.513539+00:00,2026-06-16T14:45:47.928814+00:00,false,,0,,,,,
522040eb0c8943a381df018a557a53ed,duckdb,1.5.3,tpch,1,c8gd.4xlarge,analytical,bench_32daf505,q01,1,2026-06-16T14:45:47.929096+00:00,2026-06-16T14:45:48.292461+00:00,,,0,,,,,
522040eb0c8943a381df018a557a53ed,duckdb,1.5.3,tpch,1,c8gd.4xlarge,analytical,bench_32daf505,q01,2,2026-06-16T14:45:48.292535+00:00,2026-06-16T14:45:48.693034+00:00,,,0,,,,,
522040eb0c8943a381df018a557a53ed,duckdb,1.5.3,tpch,1,c8gd.4xlarge,analytical,bench_32daf505,q02,0,2026-06-16T14:45:49.567099+00:00,2026-06-16T14:45:50.136498+00:00,false,,0,,,,,
522040eb0c8943a381df018a557a53ed,duckdb,1.5.3,tpch,1,c8gd.4xlarge,analytical,bench_32daf505,q02,1,2026-06-16T14:45:50.137428+00:00,2026-06-16T14:45:50.717653+00:00,,,0,,,,,
522040eb0c8943a381df018a557a53ed,duckdb,1.5.3,tpch,1,c8gd.4xlarge,analytical,bench_32daf505,q02,2,2026-06-16T14:45:50.717721+00:00,2026-06-16T14:45:51.294639+00:00,,,0,,,,,
522040eb0c8943a381df018a557a53ed,duckdb,1.5.3,tpch,1,c8gd.4xlarge,analytical,bench_32daf505,q03,0,2026-06-16T14:45:52.239713+00:00,2026-06-16T14:45:52.905573+00:00,false,,0,,,,,
522040eb0c8943a381df018a557a53ed,duckdb,1.5.3,tpch,1,c8gd.4xlarge,analytical,bench_32daf505,q03,1,2026-06-16T14:45:52.905804+00:00,2026-06-16T14:45:53.582213+00:00,,,0,,,,,
522040eb0c8943a381df018a557a53ed,duckdb,1.5.3,tpch,1,c8gd.4xlarge,analytical,bench_32daf505,q03,2,2026-06-16T14:45:53.582280+00:00,2026-06-16T14:45:54.266201+00:00,,,0,,,,,
522040eb0c8943a381df018a557a53ed,duckdb,1.5.3,tpch,1,c8gd.4xlarge,analytical,bench_32daf505,q04,0,2026-06-16T14:45:54.672664+00:00,2026-06-16T14:45:55.073835+00:00,false,,0,,,,,
522040eb0c8943a381df018a557a53ed,duckdb,1.5.3,tpch,1,c8gd.4xlarge,analytical,bench_32daf505,q04,1,2026-06-16T14:45:55.074075+00:00,2026-06-16T14:45:55.476445+00:00,,,0,,,,,
522040eb0c8943a381df018a557a53ed,duckdb,1.5.3,tpch,1,c8gd.4xlarge,analytical,bench_32daf505,q04,2,2026-06-16T14:45:55.476512+00:00,2026-06-16T14:45:55.865708+00:00,,,0,,,,,
522040eb0c8943a381df018a557a53ed,duckdb,1.5.3,tpch,1,c8gd.4xlarge,analytical,bench_32daf505,q05,0,2026-06-16T14:45:56.673918+00:00,2026-06-16T14:45:57.485616+00:00,false,,0,,,,,
522040eb0c8943a381df018a557a53ed,duckdb,1.5.3,tpch,1,c8gd.4xlarge,analytical,bench_32daf505,q05,1,2026-06-16T14:45:57.485840+00:00,2026-06-16T14:45:58.265256+00:00,,,0,,,,,
522040eb0c8943a381df018a557a53ed,duckdb,1.5.3,tpch,1,c8gd.4xlarge,analytical,bench_32daf505,q05,2,2026-06-16T14:45:58.265324+00:00,2026-06-16T14:45:59.083907+00:00,,,0,,,,,
522040eb0c8943a381df018a557a53ed,duckdb,1.5.3,tpch,1,c8gd.4xlarge,analytical,bench_32daf505,q06,0,2026-06-16T14:45:59.537315+00:00,2026-06-16T14:45:59.984885+00:00,false,,0,,,,,
522040eb0c8943a381df018a557a53ed,duckdb,1.5.3,tpch,1,c8gd.4xlarge,analytical,bench_32daf505,q06,1,2026-06-16T14:45:59.985099+00:00,2026-06-16T14:46:00.498547+00:00,,,0,,,,,
522040eb0c8943a381df018a557a53ed,duckdb,1.5.3,tpch,1,c8gd.4xlarge,analytical,bench_32daf505,q06,2,2026-06-16T14:46:00.498616+00:00,2026-06-16T14:46:00.963691+00:00,,,0,,,,,
522040eb0c8943a381df018a557a53ed,duckdb,1.5.3,tpch,1,c8gd.4xlarge,analytical,bench_32daf505,q07,0,2026-06-16T14:46:01.751497+00:00,2026-06-16T14:46:02.521024+00:00,false,,0,,,,,
522040eb0c8943a381df018a557a53ed,duckdb,1.5.3,tpch,1,c8gd.4xlarge,analytical,bench_32daf505,q07,1,2026-06-16T14:46:02.521249+00:00,2026-06-16T14:46:03.283254+00:00,,,0,,,,,
522040eb0c8943a381df018a557a53ed,duckdb,1.5.3,tpch,1,c8gd.4xlarge,analytical,bench_32daf505,q07,2,2026-06-16T14:46:03.283322+00:00,2026-06-16T14:46:04.051309+00:00,,,0,,,,,
522040eb0c8943a381df018a557a53ed,duckdb,1.5.3,tpch,1,c8gd.4xlarge,analytical,bench_32daf505,q08,0,2026-06-16T14:46:04.918140+00:00,2026-06-16T14:46:05.820601+00:00,false,,0,,,,,
522040eb0c8943a381df018a557a53ed,duckdb,1.5.3,tpch,1,c8gd.4xlarge,analytical,bench_32daf505,q08,1,2026-06-16T14:46:05.820848+00:00,2026-06-16T14:46:06.773940+00:00,,,0,,,,,
522040eb0c8943a381df018a557a53ed,duckdb,1.5.3,tpch,1,c8gd.4xlarge,analytical,bench_32daf505,q08,2,2026-06-16T14:46:06.774011+00:00,2026-06-16T14:46:07.707749+00:00,,,0,,,,,
522040eb0c8943a381df018a557a53ed,duckdb,1.5.3,tpch,1,c8gd.4xlarge,analytical,bench_32daf505,q09,0,2026-06-16T14:46:08.617448+00:00,2026-06-16T14:46:09.501215+00:00,false,,0,,,,,
522040eb0c8943a381df018a557a53ed,duckdb,1.5.3,tpch,1,c8gd.4xlarge,analytical,bench_32daf505,q09,1,2026-06-16T14:46:09.501770+00:00,2026-06-16T14:46:10.448066+00:00,,,0,,,,,
522040eb0c8943a381df018a557a53ed,duckdb,1.5.3,tpch,1,c8gd.4xlarge,analytical,bench_32daf505,q09,2,2026-06-16T14:46:10.448135+00:00,2026-06-16T14:46:11.327788+00:00,,,0,,,,,
522040eb0c8943a381df018a557a53ed,duckdb,1.5.3,tpch,1,c8gd.4xlarge,analytical,bench_32daf505,q10,0,2026-06-16T14:46:12.190379+00:00,2026-06-16T14:46:13.033011+00:00,false,,0,,,,,
522040eb0c8943a381df018a557a53ed,duckdb,1.5.3,tpch,1,c8gd.4xlarge,analytical,bench_32daf505,q10,1,2026-06-16T14:46:13.033367+00:00,2026-06-16T14:46:13.921304+00:00,,,0,,,,,
522040eb0c8943a381df018a557a53ed,duckdb,1.5.3,tpch,1,c8gd.4xlarge,analytical,bench_32daf505,q10,2,2026-06-16T14:46:13.921371+00:00,2026-06-16T14:46:14.788394+00:00,,,0,,,,,
522040eb0c8943a381df018a557a53ed,duckdb,1.5.3,tpch,1,c8gd.4xlarge,analytical,bench_32daf505,q11,0,2026-06-16T14:46:15.125635+00:00,2026-06-16T14:46:15.495797+00:00,false,,0,,,,,
522040eb0c8943a381df018a557a53ed,duckdb,1.5.3,tpch,1,c8gd.4xlarge,analytical,bench_32daf505,q11,1,2026-06-16T14:46:15.497361+00:00,2026-06-16T14:46:15.855703+00:00,,,0,,,,,
522040eb0c8943a381df018a557a53ed,duckdb,1.5.3,tpch,1,c8gd.4xlarge,analytical,bench_32daf505,q11,2,2026-06-16T14:46:15.855768+00:00,2026-06-16T14:46:16.223681+00:00,,,0,,,,,
522040eb0c8943a381df018a557a53ed,duckdb,1.5.3,tpch,1,c8gd.4xlarge,analytical,bench_32daf505,q12,0,2026-06-16T14:46:16.803766+00:00,2026-06-16T14:46:17.374701+00:00,false,,0,,,,,
522040eb0c8943a381df018a557a53ed,duckdb,1.5.3,tpch,1,c8gd.4xlarge,analytical,bench_32daf505,q12,1,2026-06-16T14:46:17.374935+00:00,2026-06-16T14:46:17.944447+00:00,,,0,,,,,
522040eb0c8943a381df018a557a53ed,duckdb,1.5.3,tpch,1,c8gd.4xlarge,analytical,bench_32daf505,q12,2,2026-06-16T14:46:17.944516+00:00,2026-06-16T14:46:18.511290+00:00,,,0,,,,,
522040eb0c8943a381df018a557a53ed,duckdb,1.5.3,tpch,1,c8gd.4xlarge,analytical,bench_32daf505,q13,0,2026-06-16T14:46:18.782747+00:00,2026-06-16T14:46:19.094350+00:00,false,,0,,,,,
522040eb0c8943a381df018a557a53ed,duckdb,1.5.3,tpch,1,c8gd.4xlarge,analytical,bench_32daf505,q13,1,2026-06-16T14:46:19.094621+00:00,2026-06-16T14:46:19.357008+00:00,,,0,,,,,
522040eb0c8943a381df018a557a53ed,duckdb,1.5.3,tpch,1,c8gd.4xlarge,analytical,bench_32daf505,q13,2,2026-06-16T14:46:19.357078+00:00,2026-06-16T14:46:19.607703+00:00,,,0,,,,,
522040eb0c8943a381df018a557a53ed,duckdb,1.5.3,tpch,1,c8gd.4xlarge,analytical,bench_32daf505,q14,0,2026-06-16T14:46:20.141660+00:00,2026-06-16T14:46:20.616930+00:00,false,,0,,,,,
522040eb0c8943a381df018a557a53ed,duckdb,1.5.3,tpch,1,c8gd.4xlarge,analytical,bench_32daf505,q14,1,2026-06-16T14:46:20.617137+00:00,2026-06-16T14:46:21.094390+00:00,,,0,,,,,
522040eb0c8943a381df018a557a53ed,duckdb,1.5.3,tpch,1,c8gd.4xlarge,analytical,bench_32daf505,q14,2,2026-06-16T14:46:21.094462+00:00,2026-06-16T14:46:21.579331+00:00,,,0,,,,,
522040eb0c8943a381df018a557a53ed,duckdb,1.5.3,tpch,1,c8gd.4xlarge,analytical,bench_32daf505,q15,0,2026-06-16T14:46:21.947611+00:00,2026-06-16T14:46:22.308589+00:00,false,,0,,,,,
522040eb0c8943a381df018a557a53ed,duckdb,1.5.3,tpch,1,c8gd.4xlarge,analytical,bench_32daf505,q15,1,2026-06-16T14:46:22.308801+00:00,2026-06-16T14:46:22.658877+00:00,,,0,,,,,
522040eb0c8943a381df018a557a53ed,duckdb,1.5.3,tpch,1,c8gd.4xlarge,analytical,bench_32daf505,q15,2,2026-06-16T14:46:22.658942+00:00,2026-06-16T14:46:23.024781+00:00,,,0,,,,,
522040eb0c8943a381df018a557a53ed,duckdb,1.5.3,tpch,1,c8gd.4xlarge,analytical,bench_32daf505,q16,0,2026-06-16T14:46:23.354780+00:00,2026-06-16T14:46:23.671850+00:00,false,,0,,,,,
522040eb0c8943a381df018a557a53ed,duckdb,1.5.3,tpch,1,c8gd.4xlarge,analytical,bench_32daf505,q16,1,2026-06-16T14:46:23.725592+00:00,2026-06-16T14:46:24.034037+00:00,,,0,,,,,
522040eb0c8943a381df018a557a53ed,duckdb,1.5.3,tpch,1,c8gd.4xlarge,analytical,bench_32daf505,q16,2,2026-06-16T14:46:24.034107+00:00,2026-06-16T14:46:24.353806+00:00,,,0,,,,,
522040eb0c8943a381df018a557a53ed,duckdb,1.5.3,tpch,1,c8gd.4xlarge,analytical,bench_32daf505,q17,0,2026-06-16T14:46:25.072975+00:00,2026-06-16T14:46:25.828816+00:00,false,,0,,,,,
522040eb0c8943a381df018a557a53ed,duckdb,1.5.3,tpch,1,c8gd.4xlarge,analytical,bench_32daf505,q17,1,2026-06-16T14:46:25.829038+00:00,2026-06-16T14:46:26.582540+00:00,,,0,,,,,
522040eb0c8943a381df018a557a53ed,duckdb,1.5.3,tpch,1,c8gd.4xlarge,analytical,bench_32daf505,q17,2,2026-06-16T14:46:26.582608+00:00,2026-06-16T14:46:27.293353+00:00,,,0,,,,,
522040eb0c8943a381df018a557a53ed,duckdb,1.5.3,tpch,1,c8gd.4xlarge,analytical,bench_32daf505,q18,0,2026-06-16T14:46:28.071129+00:00,2026-06-16T14:46:28.808048+00:00,false,,0,,,,,
522040eb0c8943a381df018a557a53ed,duckdb,1.5.3,tpch,1,c8gd.4xlarge,analytical,bench_32daf505,q18,1,2026-06-16T14:46:28.808466+00:00,2026-06-16T14:46:29.558998+00:00,,,0,,,,,
522040eb0c8943a381df018a557a53ed,duckdb,1.5.3,tpch,1,c8gd.4xlarge,analytical,bench_32daf505,q18,2,2026-06-16T14:46:29.559065+00:00,2026-06-16T14:46:30.280590+00:00,,,0,,,,,
522040eb0c8943a381df018a557a53ed,duckdb,1.5.3,tpch,1,c8gd.4xlarge,analytical,bench_32daf505,q19,0,2026-06-16T14:46:30.985775+00:00,2026-06-16T14:46:31.690165+00:00,false,,0,,,,,
522040eb0c8943a381df018a557a53ed,duckdb,1.5.3,tpch,1,c8gd.4xlarge,analytical,bench_32daf505,q19,1,2026-06-16T14:46:31.690376+00:00,2026-06-16T14:46:32.412334+00:00,,,0,,,,,
522040eb0c8943a381df018a557a53ed,duckdb,1.5.3,tpch,1,c8gd.4xlarge,analytical,bench_32daf505,q19,2,2026-06-16T14:46:32.412395+00:00,2026-06-16T14:46:33.139112+00:00,,,0,,,,,
522040eb0c8943a381df018a557a53ed,duckdb,1.5.3,tpch,1,c8gd.4xlarge,analytical,bench_32daf505,q20,0,2026-06-16T14:46:33.869643+00:00,2026-06-16T14:46:34.600144+00:00,false,,0,,,,,
522040eb0c8943a381df018a557a53ed,duckdb,1.5.3,tpch,1,c8gd.4xlarge,analytical,bench_32daf505,q20,1,2026-06-16T14:46:34.600723+00:00,2026-06-16T14:46:35.312486+00:00,,,0,,,,,
522040eb0c8943a381df018a557a53ed,duckdb,1.5.3,tpch,1,c8gd.4xlarge,analytical,bench_32daf505,q20,2,2026-06-16T14:46:35.312553+00:00,2026-06-16T14:46:36.004426+00:00,,,0,,,,,
522040eb0c8943a381df018a557a53ed,duckdb,1.5.3,tpch,1,c8gd.4xlarge,analytical,bench_32daf505,q21,0,2026-06-16T14:46:37.352346+00:00,2026-06-16T14:46:38.823794+00:00,false,,0,,,,,
522040eb0c8943a381df018a557a53ed,duckdb,1.5.3,tpch,1,c8gd.4xlarge,analytical,bench_32daf505,q21,1,2026-06-16T14:46:38.824227+00:00,2026-06-16T14:46:40.149764+00:00,,,0,,,,,
522040eb0c8943a381df018a557a53ed,duckdb,1.5.3,tpch,1,c8gd.4xlarge,analytical,bench_32daf505,q21,2,2026-06-16T14:46:40.149833+00:00,2026-06-16T14:46:41.410117+00:00,,,0,,,,,
522040eb0c8943a381df018a557a53ed,duckdb,1.5.3,tpch,1,c8gd.4xlarge,analytical,bench_32daf505,q22,0,2026-06-16T14:46:41.750491+00:00,2026-06-16T14:46:42.116904+00:00,false,,0,,,,,
522040eb0c8943a381df018a557a53ed,duckdb,1.5.3,tpch,1,c8gd.4xlarge,analytical,bench_32daf505,q22,1,2026-06-16T14:46:42.117151+00:00,2026-06-16T14:46:42.446796+00:00,,,0,,,,,
522040eb0c8943a381df018a557a53ed,duckdb,1.5.3,tpch,1,c8gd.4xlarge,analytical,bench_32daf505,q22,2,2026-06-16T14:46:42.446876+00:00,2026-06-16T14:46:42.820658+00:00,,,0,,,,,
83c001d67a3e4620aa646033a2dc8165,duckdb,1.5.3,tpch,1,c8gd.4xlarge,analytical,bench_a1ff5cb8,q01,0,2026-06-16T15:35:57.737431+00:00,2026-06-16T15:35:58.108894+00:00,true,,4,,,,,
83c001d67a3e4620aa646033a2dc8165,duckdb,1.5.3,tpch,1,c8gd.4xlarge,analytical,bench_a1ff5cb8,q01,1,2026-06-16T15:35:58.109194+00:00,2026-06-16T15:35:58.488812+00:00,,,4,,,,,
83c001d67a3e4620aa646033a2dc8165,duckdb,1.5.3,tpch,1,c8gd.4xlarge,analytical,bench_a1ff5cb8,q01,2,2026-06-16T15:35:58.488897+00:00,2026-06-16T15:35:58.858063+00:00,,,4,,,,,
83c001d67a3e4620aa646033a2dc8165,duckdb,1.5.3,tpch,1,c8gd.4xlarge,analytical,bench_a1ff5cb8,q02,0,2026-06-16T15:35:59.799905+00:00,2026-06-16T15:36:00.426779+00:00,true,,100,,,,,
83c001d67a3e4620aa646033a2dc8165,duckdb,1.5.3,tpch,1,c8gd.4xlarge,analytical,bench_a1ff5cb8,q02,1,2026-06-16T15:36:00.428191+00:00,2026-06-16T15:36:00.973261+00:00,,,100,,,,,
83c001d67a3e4620aa646033a2dc8165,duckdb,1.5.3,tpch,1,c8gd.4xlarge,analytical,bench_a1ff5cb8,q02,2,2026-06-16T15:36:00.973341+00:00,2026-06-16T15:36:01.555757+00:00,,,100,,,,,
83c001d67a3e4620aa646033a2dc8165,duckdb,1.5.3,tpch,1,c8gd.4xlarge,analytical,bench_a1ff5cb8,q03,0,2026-06-16T15:36:02.486893+00:00,2026-06-16T15:36:03.157883+00:00,true,,10,,,,,
83c001d67a3e4620aa646033a2dc8165,duckdb,1.5.3,tpch,1,c8gd.4xlarge,analytical,bench_a1ff5cb8,q03,1,2026-06-16T15:36:03.158157+00:00,2026-06-16T15:36:03.877165+00:00,,,10,,,,,
83c001d67a3e4620aa646033a2dc8165,duckdb,1.5.3,tpch,1,c8gd.4xlarge,analytical,bench_a1ff5cb8,q03,2,2026-06-16T15:36:03.877232+00:00,2026-06-16T15:36:04.574074+00:00,,,10,,,,,
83c001d67a3e4620aa646033a2dc8165,duckdb,1.5.3,tpch,1,c8gd.4xlarge,analytical,bench_a1ff5cb8,q04,0,2026-06-16T15:36:04.992877+00:00,2026-06-16T15:36:05.426575+00:00,true,,5,,,,,
83c001d67a3e4620aa646033a2dc8165,duckdb,1.5.3,tpch,1,c8gd.4xlarge,analytical,bench_a1ff5cb8,q04,1,2026-06-16T15:36:05.426814+00:00,2026-06-16T15:36:05.856270+00:00,,,5,,,,,
83c001d67a3e4620aa646033a2dc8165,duckdb,1.5.3,tpch,1,c8gd.4xlarge,analytical,bench_a1ff5cb8,q04,2,2026-06-16T15:36:05.856342+00:00,2026-06-16T15:36:06.288212+00:00,,,5,,,,,
83c001d67a3e4620aa646033a2dc8165,duckdb,1.5.3,tpch,1,c8gd.4xlarge,analytical,bench_a1ff5cb8,q05,0,2026-06-16T15:36:07.065524+00:00,2026-06-16T15:36:07.841022+00:00,true,,5,,,,,
83c001d67a3e4620aa646033a2dc8165,duckdb,1.5.3,tpch,1,c8gd.4xlarge,analytical,bench_a1ff5cb8,q05,1,2026-06-16T15:36:07.841288+00:00,2026-06-16T15:36:08.630504+00:00,,,5,,,,,
83c001d67a3e4620aa646033a2dc8165,duckdb,1.5.3,tpch,1,c8gd.4xlarge,analytical,bench_a1ff5cb8,q05,2,2026-06-16T15:36:08.630570+00:00,2026-06-16T15:36:09.446261+00:00,,,5,,,,,
83c001d67a3e4620aa646033a2dc8165,duckdb,1.5.3,tpch,1,c8gd.4xlarge,analytical,bench_a1ff5cb8,q06,0,2026-06-16T15:36:09.889401+00:00,2026-06-16T15:36:10.348966+00:00,true,,1,,,,,
83c001d67a3e4620aa646033a2dc8165,duckdb,1.5.3,tpch,1,c8gd.4xlarge,analytical,bench_a1ff5cb8,q06,1,2026-06-16T15:36:10.349191+00:00,2026-06-16T15:36:10.807283+00:00,,,1,,,,,
83c001d67a3e4620aa646033a2dc8165,duckdb,1.5.3,tpch,1,c8gd.4xlarge,analytical,bench_a1ff5cb8,q06,2,2026-06-16T15:36:10.807350+00:00,2026-06-16T15:36:11.274549+00:00,,,1,,,,,
83c001d67a3e4620aa646033a2dc8165,duckdb,1.5.3,tpch,1,c8gd.4xlarge,analytical,bench_a1ff5cb8,q07,0,2026-06-16T15:36:12.103975+00:00,2026-06-16T15:36:12.907494+00:00,true,,4,,,,,
83c001d67a3e4620aa646033a2dc8165,duckdb,1.5.3,tpch,1,c8gd.4xlarge,analytical,bench_a1ff5cb8,q07,1,2026-06-16T15:36:12.907741+00:00,2026-06-16T15:36:13.675878+00:00,,,4,,,,,
83c001d67a3e4620aa646033a2dc8165,duckdb,1.5.3,tpch,1,c8gd.4xlarge,analytical,bench_a1ff5cb8,q07,2,2026-06-16T15:36:13.675943+00:00,2026-06-16T15:36:14.494541+00:00,,,4,,,,,
83c001d67a3e4620aa646033a2dc8165,duckdb,1.5.3,tpch,1,c8gd.4xlarge,analytical,bench_a1ff5cb8,q08,0,2026-06-16T15:36:15.440990+00:00,2026-06-16T15:36:16.356164+00:00,true,,2,,,,,
83c001d67a3e4620aa646033a2dc8165,duckdb,1.5.3,tpch,1,c8gd.4xlarge,analytical,bench_a1ff5cb8,q08,1,2026-06-16T15:36:16.356390+00:00,2026-06-16T15:36:17.275834+00:00,,,2,,,,,
83c001d67a3e4620aa646033a2dc8165,duckdb,1.5.3,tpch,1,c8gd.4xlarge,analytical,bench_a1ff5cb8,q08,2,2026-06-16T15:36:17.275917+00:00,2026-06-16T15:36:18.299848+00:00,,,2,,,,,
83c001d67a3e4620aa646033a2dc8165,duckdb,1.5.3,tpch,1,c8gd.4xlarge,analytical,bench_a1ff5cb8,q09,0,2026-06-16T15:36:19.230582+00:00,2026-06-16T15:36:20.125841+00:00,true,,175,,,,,
83c001d67a3e4620aa646033a2dc8165,duckdb,1.5.3,tpch,1,c8gd.4xlarge,analytical,bench_a1ff5cb8,q09,1,2026-06-16T15:36:20.126697+00:00,2026-06-16T15:36:21.032170+00:00,,,175,,,,,
83c001d67a3e4620aa646033a2dc8165,duckdb,1.5.3,tpch,1,c8gd.4xlarge,analytical,bench_a1ff5cb8,q09,2,2026-06-16T15:36:21.032249+00:00,2026-06-16T15:36:22.001052+00:00,,,175,,,,,
83c001d67a3e4620aa646033a2dc8165,duckdb,1.5.3,tpch,1,c8gd.4xlarge,analytical,bench_a1ff5cb8,q10,0,2026-06-16T15:36:22.834394+00:00,2026-06-16T15:36:23.698225+00:00,true,,20,,,,,
83c001d67a3e4620aa646033a2dc8165,duckdb,1.5.3,tpch,1,c8gd.4xlarge,analytical,bench_a1ff5cb8,q10,1,2026-06-16T15:36:23.698663+00:00,2026-06-16T15:36:24.544625+00:00,,,20,,,,,
83c001d67a3e4620aa646033a2dc8165,duckdb,1.5.3,tpch,1,c8gd.4xlarge,analytical,bench_a1ff5cb8,q10,2,2026-06-16T15:36:24.544700+00:00,2026-06-16T15:36:25.398540+00:00,,,20,,,,,
83c001d67a3e4620aa646033a2dc8165,duckdb,1.5.3,tpch,1,c8gd.4xlarge,analytical,bench_a1ff5cb8,q11,0,2026-06-16T15:36:25.756084+00:00,2026-06-16T15:36:26.114430+00:00,true,,1048,,,,,
83c001d67a3e4620aa646033a2dc8165,duckdb,1.5.3,tpch,1,c8gd.4xlarge,analytical,bench_a1ff5cb8,q11,1,2026-06-16T15:36:26.117158+00:00,2026-06-16T15:36:26.475535+00:00,,,1048,,,,,
83c001d67a3e4620aa646033a2dc8165,duckdb,1.5.3,tpch,1,c8gd.4xlarge,analytical,bench_a1ff5cb8,q11,2,2026-06-16T15:36:26.475663+00:00,2026-06-16T15:36:26.836570+00:00,,,1048,,,,,
83c001d67a3e4620aa646033a2dc8165,duckdb,1.5.3,tpch,1,c8gd.4xlarge,analytical,bench_a1ff5cb8,q12,0,2026-06-16T15:36:27.397396+00:00,2026-06-16T15:36:27.953558+00:00,true,,2,,,,,
83c001d67a3e4620aa646033a2dc8165,duckdb,1.5.3,tpch,1,c8gd.4xlarge,analytical,bench_a1ff5cb8,q12,1,2026-06-16T15:36:27.953785+00:00,2026-06-16T15:36:28.567074+00:00,,,2,,,,,
83c001d67a3e4620aa646033a2dc8165,duckdb,1.5.3,tpch,1,c8gd.4xlarge,analytical,bench_a1ff5cb8,q12,2,2026-06-16T15:36:28.567143+00:00,2026-06-16T15:36:29.145814+00:00,,,2,,,,,
83c001d67a3e4620aa646033a2dc8165,duckdb,1.5.3,tpch,1,c8gd.4xlarge,analytical,bench_a1ff5cb8,q13,0,2026-06-16T15:36:29.415116+00:00,2026-06-16T15:36:29.678431+00:00,true,,42,,,,,
83c001d67a3e4620aa646033a2dc8165,duckdb,1.5.3,tpch,1,c8gd.4xlarge,analytical,bench_a1ff5cb8,q13,1,2026-06-16T15:36:29.678743+00:00,2026-06-16T15:36:29.981498+00:00,,,42,,,,,
83c001d67a3e4620aa646033a2dc8165,duckdb,1.5.3,tpch,1,c8gd.4xlarge,analytical,bench_a1ff5cb8,q13,2,2026-06-16T15:36:29.981567+00:00,2026-06-16T15:36:30.272121+00:00,,,42,,,,,
83c001d67a3e4620aa646033a2dc8165,duckdb,1.5.3,tpch,1,c8gd.4xlarge,analytical,bench_a1ff5cb8,q14,0,2026-06-16T15:36:30.752007+00:00,2026-06-16T15:36:31.232417+00:00,true,,1,,,,,
83c001d67a3e4620aa646033a2dc8165,duckdb,1.5.3,tpch,1,c8gd.4xlarge,analytical,bench_a1ff5cb8,q14,1,2026-06-16T15:36:31.232636+00:00,2026-06-16T15:36:31.686831+00:00,,,1,,,,,
83c001d67a3e4620aa646033a2dc8165,duckdb,1.5.3,tpch,1,c8gd.4xlarge,analytical,bench_a1ff5cb8,q14,2,2026-06-16T15:36:31.686913+00:00,2026-06-16T15:36:32.142742+00:00,,,1,,,,,
83c001d67a3e4620aa646033a2dc8165,duckdb,1.5.3,tpch,1,c8gd.4xlarge,analytical,bench_a1ff5cb8,q15,0,2026-06-16T15:36:32.495579+00:00,2026-06-16T15:36:32.844557+00:00,true,,1,,,,,
83c001d67a3e4620aa646033a2dc8165,duckdb,1.5.3,tpch,1,c8gd.4xlarge,analytical,bench_a1ff5cb8,q15,1,2026-06-16T15:36:32.844787+00:00,2026-06-16T15:36:33.203380+00:00,,,1,,,,,
83c001d67a3e4620aa646033a2dc8165,duckdb,1.5.3,tpch,1,c8gd.4xlarge,analytical,bench_a1ff5cb8,q15,2,2026-06-16T15:36:33.203449+00:00,2026-06-16T15:36:33.558581+00:00,,,1,,,,,
83c001d67a3e4620aa646033a2dc8165,duckdb,1.5.3,tpch,1,c8gd.4xlarge,analytical,bench_a1ff5cb8,q16,0,2026-06-16T15:36:33.883017+00:00,2026-06-16T15:36:34.196470+00:00,true,,18314,,,,,
83c001d67a3e4620aa646033a2dc8165,duckdb,1.5.3,tpch,1,c8gd.4xlarge,analytical,bench_a1ff5cb8,q16,1,2026-06-16T15:36:34.290002+00:00,2026-06-16T15:36:34.588661+00:00,,,18314,,,,,
83c001d67a3e4620aa646033a2dc8165,duckdb,1.5.3,tpch,1,c8gd.4xlarge,analytical,bench_a1ff5cb8,q16,2,2026-06-16T15:36:34.589474+00:00,2026-06-16T15:36:34.913029+00:00,,,18314,,,,,
83c001d67a3e4620aa646033a2dc8165,duckdb,1.5.3,tpch,1,c8gd.4xlarge,analytical,bench_a1ff5cb8,q17,0,2026-06-16T15:36:35.691218+00:00,2026-06-16T15:36:36.420760+00:00,true,,1,,,,,
83c001d67a3e4620aa646033a2dc8165,duckdb,1.5.3,tpch,1,c8gd.4xlarge,analytical,bench_a1ff5cb8,q17,1,2026-06-16T15:36:36.421001+00:00,2026-06-16T15:36:37.168119+00:00,,,1,,,,,
83c001d67a3e4620aa646033a2dc8165,duckdb,1.5.3,tpch,1,c8gd.4xlarge,analytical,bench_a1ff5cb8,q17,2,2026-06-16T15:36:37.168186+00:00,2026-06-16T15:36:37.868267+00:00,,,1,,,,,
83c001d67a3e4620aa646033a2dc8165,duckdb,1.5.3,tpch,1,c8gd.4xlarge,analytical,bench_a1ff5cb8,q18,0,2026-06-16T15:36:38.595680+00:00,2026-06-16T15:36:39.387405+00:00,true,,57,,,,,
83c001d67a3e4620aa646033a2dc8165,duckdb,1.5.3,tpch,1,c8gd.4xlarge,analytical,bench_a1ff5cb8,q18,1,2026-06-16T15:36:39.388000+00:00,2026-06-16T15:36:40.258581+00:00,,,57,,,,,
83c001d67a3e4620aa646033a2dc8165,duckdb,1.5.3,tpch,1,c8gd.4xlarge,analytical,bench_a1ff5cb8,q18,2,2026-06-16T15:36:40.258653+00:00,2026-06-16T15:36:41.004906+00:00,,,57,,,,,
83c001d67a3e4620aa646033a2dc8165,duckdb,1.5.3,tpch,1,c8gd.4xlarge,analytical,bench_a1ff5cb8,q19,0,2026-06-16T15:36:41.698691+00:00,2026-06-16T15:36:42.392757+00:00,true,,1,,,,,
83c001d67a3e4620aa646033a2dc8165,duckdb,1.5.3,tpch,1,c8gd.4xlarge,analytical,bench_a1ff5cb8,q19,1,2026-06-16T15:36:42.392991+00:00,2026-06-16T15:36:43.132990+00:00,,,1,,,,,
83c001d67a3e4620aa646033a2dc8165,duckdb,1.5.3,tpch,1,c8gd.4xlarge,analytical,bench_a1ff5cb8,q19,2,2026-06-16T15:36:43.133056+00:00,2026-06-16T15:36:43.840345+00:00,,,1,,,,,
83c001d67a3e4620aa646033a2dc8165,duckdb,1.5.3,tpch,1,c8gd.4xlarge,analytical,bench_a1ff5cb8,q20,0,2026-06-16T15:36:44.587596+00:00,2026-06-16T15:36:45.324851+00:00,true,,186,,,,,
83c001d67a3e4620aa646033a2dc8165,duckdb,1.5.3,tpch,1,c8gd.4xlarge,analytical,bench_a1ff5cb8,q20,1,2026-06-16T15:36:45.325705+00:00,2026-06-16T15:36:46.057404+00:00,,,186,,,,,
83c001d67a3e4620aa646033a2dc8165,duckdb,1.5.3,tpch,1,c8gd.4xlarge,analytical,bench_a1ff5cb8,q20,2,2026-06-16T15:36:46.057479+00:00,2026-06-16T15:36:46.786402+00:00,,,186,,,,,
83c001d67a3e4620aa646033a2dc8165,duckdb,1.5.3,tpch,1,c8gd.4xlarge,analytical,bench_a1ff5cb8,q21,0,2026-06-16T15:36:48.114492+00:00,2026-06-16T15:36:49.395105+00:00,true,,100,,,,,
83c001d67a3e4620aa646033a2dc8165,duckdb,1.5.3,tpch,1,c8gd.4xlarge,analytical,bench_a1ff5cb8,q21,1,2026-06-16T15:36:49.395584+00:00,2026-06-16T15:36:50.695799+00:00,,,100,,,,,
83c001d67a3e4620aa646033a2dc8165,duckdb,1.5.3,tpch,1,c8gd.4xlarge,analytical,bench_a1ff5cb8,q21,2,2026-06-16T15:36:50.695887+00:00,2026-06-16T15:36:52.009479+00:00,,,100,,,,,
83c001d67a3e4620aa646033a2dc8165,duckdb,1.5.3,tpch,1,c8gd.4xlarge,analytical,bench_a1ff5cb8,q22,0,2026-06-16T15:36:52.365914+00:00,2026-06-16T15:36:52.761815+00:00,true,,7,,,,,
83c001d67a3e4620aa646033a2dc8165,duckdb,1.5.3,tpch,1,c8gd.4xlarge,analytical,bench_a1ff5cb8,q22,1,2026-06-16T15:36:52.762064+00:00,2026-06-16T15:36:53.118495+00:00,,,7,,,,,
83c001d67a3e4620aa646033a2dc8165,duckdb,1.5.3,tpch,1,c8gd.4xlarge,analytical,bench_a1ff5cb8,q22,2,2026-06-16T15:36:53.118564+00:00,2026-06-16T15:36:53.476640+00:00,,,7,,,,,
f4ccb1b25b9e48cb9c29db350d619a7f,duckdb,1.5.3,tpch,10,c8gd.4xlarge,analytical,bench_373196df,q01,0,2026-06-16T15:41:00.949086+00:00,2026-06-16T15:41:03.623272+00:00,true,,4,,,,,
f4ccb1b25b9e48cb9c29db350d619a7f,duckdb,1.5.3,tpch,10,c8gd.4xlarge,analytical,bench_373196df,q01,1,2026-06-16T15:41:03.623576+00:00,2026-06-16T15:41:06.278576+00:00,,,4,,,,,
f4ccb1b25b9e48cb9c29db350d619a7f,duckdb,1.5.3,tpch,10,c8gd.4xlarge,analytical,bench_373196df,q01,2,2026-06-16T15:41:06.278648+00:00,2026-06-16T15:41:08.987100+00:00,,,4,,,,,
f4ccb1b25b9e48cb9c29db350d619a7f,duckdb,1.5.3,tpch,10,c8gd.4xlarge,analytical,bench_373196df,q02,0,2026-06-16T15:41:11.195398+00:00,2026-06-16T15:41:12.579054+00:00,true,,100,,,,,
f4ccb1b25b9e48cb9c29db350d619a7f,duckdb,1.5.3,tpch,10,c8gd.4xlarge,analytical,bench_373196df,q02,1,2026-06-16T15:41:12.580446+00:00,2026-06-16T15:41:14.019647+00:00,,,100,,,,,
f4ccb1b25b9e48cb9c29db350d619a7f,duckdb,1.5.3,tpch,10,c8gd.4xlarge,analytical,bench_373196df,q02,2,2026-06-16T15:41:14.019726+00:00,2026-06-16T15:41:15.411730+00:00,,,100,,,,,
f4ccb1b25b9e48cb9c29db350d619a7f,duckdb,1.5.3,tpch,10,c8gd.4xlarge,analytical,bench_373196df,q03,0,2026-06-16T15:41:19.920223+00:00,2026-06-16T15:41:23.614591+00:00,true,,10,,,,,
f4ccb1b25b9e48cb9c29db350d619a7f,duckdb,1.5.3,tpch,10,c8gd.4xlarge,analytical,bench_373196df,q03,1,2026-06-16T15:41:23.614885+00:00,2026-06-16T15:41:27.283436+00:00,,,10,,,,,
f4ccb1b25b9e48cb9c29db350d619a7f,duckdb,1.5.3,tpch,10,c8gd.4xlarge,analytical,bench_373196df,q03,2,2026-06-16T15:41:27.283506+00:00,2026-06-16T15:41:30.949484+00:00,,,10,,,,,
f4ccb1b25b9e48cb9c29db350d619a7f,duckdb,1.5.3,tpch,10,c8gd.4xlarge,analytical,bench_373196df,q04,0,2026-06-16T15:41:33.385271+00:00,2026-06-16T15:41:35.867893+00:00,true,,5,,,,,
f4ccb1b25b9e48cb9c29db350d619a7f,duckdb,1.5.3,tpch,10,c8gd.4xlarge,analytical,bench_373196df,q04,1,2026-06-16T15:41:35.868142+00:00,2026-06-16T15:41:38.345933+00:00,,,5,,,,,
f4ccb1b25b9e48cb9c29db350d619a7f,duckdb,1.5.3,tpch,10,c8gd.4xlarge,analytical,bench_373196df,q04,2,2026-06-16T15:41:38.346002+00:00,2026-06-16T15:41:40.778689+00:00,,,5,,,,,
f4ccb1b25b9e48cb9c29db350d619a7f,duckdb,1.5.3,tpch,10,c8gd.4xlarge,analytical,bench_373196df,q05,0,2026-06-16T15:41:44.457175+00:00,2026-06-16T15:41:48.181617+00:00,true,,5,,,,,
f4ccb1b25b9e48cb9c29db350d619a7f,duckdb,1.5.3,tpch,10,c8gd.4xlarge,analytical,bench_373196df,q05,1,2026-06-16T15:41:48.181872+00:00,2026-06-16T15:41:51.893066+00:00,,,5,,,,,
f4ccb1b25b9e48cb9c29db350d619a7f,duckdb,1.5.3,tpch,10,c8gd.4xlarge,analytical,bench_373196df,q05,2,2026-06-16T15:41:51.893134+00:00,2026-06-16T15:41:55.683231+00:00,,,5,,,,,
f4ccb1b25b9e48cb9c29db350d619a7f,duckdb,1.5.3,tpch,10,c8gd.4xlarge,analytical,bench_373196df,q06,0,2026-06-16T15:41:58.984204+00:00,2026-06-16T15:42:02.257690+00:00,true,,1,,,,,
f4ccb1b25b9e48cb9c29db350d619a7f,duckdb,1.5.3,tpch,10,c8gd.4xlarge,analytical,bench_373196df,q06,1,2026-06-16T15:42:02.257927+00:00,2026-06-16T15:42:05.502987+00:00,,,1,,,,,
f4ccb1b25b9e48cb9c29db350d619a7f,duckdb,1.5.3,tpch,10,c8gd.4xlarge,analytical,bench_373196df,q06,2,2026-06-16T15:42:05.503056+00:00,2026-06-16T15:42:08.753149+00:00,,,1,,,,,
f4ccb1b25b9e48cb9c29db350d619a7f,duckdb,1.5.3,tpch,10,c8gd.4xlarge,analytical,bench_373196df,q07,0,2026-06-16T15:42:12.987457+00:00,2026-06-16T15:42:17.239226+00:00,true,,4,,,,,
f4ccb1b25b9e48cb9c29db350d619a7f,duckdb,1.5.3,tpch,10,c8gd.4xlarge,analytical,bench_373196df,q07,1,2026-06-16T15:42:17.239477+00:00,2026-06-16T15:42:21.404493+00:00,,,4,,,,,
f4ccb1b25b9e48cb9c29db350d619a7f,duckdb,1.5.3,tpch,10,c8gd.4xlarge,analytical,bench_373196df,q07,2,2026-06-16T15:42:21.404563+00:00,2026-06-16T15:42:25.595845+00:00,,,4,,,,,
f4ccb1b25b9e48cb9c29db350d619a7f,duckdb,1.5.3,tpch,10,c8gd.4xlarge,analytical,bench_373196df,q08,0,2026-06-16T15:42:30.243047+00:00,2026-06-16T15:42:34.912904+00:00,true,,2,,,,,
f4ccb1b25b9e48cb9c29db350d619a7f,duckdb,1.5.3,tpch,10,c8gd.4xlarge,analytical,bench_373196df,q08,1,2026-06-16T15:42:34.913137+00:00,2026-06-16T15:42:39.742334+00:00,,,2,,,,,
f4ccb1b25b9e48cb9c29db350d619a7f,duckdb,1.5.3,tpch,10,c8gd.4xlarge,analytical,bench_373196df,q08,2,2026-06-16T15:42:39.742400+00:00,2026-06-16T15:42:44.407973+00:00,,,2,,,,,
f4ccb1b25b9e48cb9c29db350d619a7f,duckdb,1.5.3,tpch,10,c8gd.4xlarge,analytical,bench_373196df,q09,0,2026-06-16T15:42:49.332031+00:00,2026-06-16T15:42:54.182432+00:00,true,,175,,,,,
f4ccb1b25b9e48cb9c29db350d619a7f,duckdb,1.5.3,tpch,10,c8gd.4xlarge,analytical,bench_373196df,q09,1,2026-06-16T15:42:54.183292+00:00,2026-06-16T15:42:59.083122+00:00,,,175,,,,,
f4ccb1b25b9e48cb9c29db350d619a7f,duckdb,1.5.3,tpch,10,c8gd.4xlarge,analytical,bench_373196df,q09,2,2026-06-16T15:42:59.083197+00:00,2026-06-16T15:43:04.043017+00:00,,,175,,,,,
f4ccb1b25b9e48cb9c29db350d619a7f,duckdb,1.5.3,tpch,10,c8gd.4xlarge,analytical,bench_373196df,q10,0,2026-06-16T15:43:08.235435+00:00,2026-06-16T15:43:12.409333+00:00,true,,20,,,,,
f4ccb1b25b9e48cb9c29db350d619a7f,duckdb,1.5.3,tpch,10,c8gd.4xlarge,analytical,bench_373196df,q10,1,2026-06-16T15:43:12.409792+00:00,2026-06-16T15:43:16.604415+00:00,,,20,,,,,
f4ccb1b25b9e48cb9c29db350d619a7f,duckdb,1.5.3,tpch,10,c8gd.4xlarge,analytical,bench_373196df,q10,2,2026-06-16T15:43:16.604489+00:00,2026-06-16T15:43:20.832833+00:00,,,20,,,,,
f4ccb1b25b9e48cb9c29db350d619a7f,duckdb,1.5.3,tpch,10,c8gd.4xlarge,analytical,bench_373196df,q11,0,2026-06-16T15:43:21.504535+00:00,2026-06-16T15:43:22.175342+00:00,true,,0,,,,,
f4ccb1b25b9e48cb9c29db350d619a7f,duckdb,1.5.3,tpch,10,c8gd.4xlarge,analytical,bench_373196df,q11,1,2026-06-16T15:43:22.175568+00:00,2026-06-16T15:43:22.863685+00:00,,,0,,,,,
f4ccb1b25b9e48cb9c29db350d619a7f,duckdb,1.5.3,tpch,10,c8gd.4xlarge,analytical,bench_373196df,q11,2,2026-06-16T15:43:22.863752+00:00,2026-06-16T15:43:23.533900+00:00,,,0,,,,,
f4ccb1b25b9e48cb9c29db350d619a7f,duckdb,1.5.3,tpch,10,c8gd.4xlarge,analytical,bench_373196df,q12,0,2026-06-16T15:43:27.304645+00:00,2026-06-16T15:43:31.072447+00:00,true,,2,,,,,
f4ccb1b25b9e48cb9c29db350d619a7f,duckdb,1.5.3,tpch,10,c8gd.4xlarge,analytical,bench_373196df,q12,1,2026-06-16T15:43:31.072681+00:00,2026-06-16T15:43:34.857041+00:00,,,2,,,,,
f4ccb1b25b9e48cb9c29db350d619a7f,duckdb,1.5.3,tpch,10,c8gd.4xlarge,analytical,bench_373196df,q12,2,2026-06-16T15:43:34.857107+00:00,2026-06-16T15:43:38.672877+00:00,,,2,,,,,
f4ccb1b25b9e48cb9c29db350d619a7f,duckdb,1.5.3,tpch,10,c8gd.4xlarge,analytical,bench_373196df,q13,0,2026-06-16T15:43:39.622444+00:00,2026-06-16T15:43:40.588825+00:00,true,,46,,,,,
f4ccb1b25b9e48cb9c29db350d619a7f,duckdb,1.5.3,tpch,10,c8gd.4xlarge,analytical,bench_373196df,q13,1,2026-06-16T15:43:40.589154+00:00,2026-06-16T15:43:41.538705+00:00,,,46,,,,,
f4ccb1b25b9e48cb9c29db350d619a7f,duckdb,1.5.3,tpch,10,c8gd.4xlarge,analytical,bench_373196df,q13,2,2026-06-16T15:43:41.538779+00:00,2026-06-16T15:43:42.452578+00:00,,,46,,,,,
f4ccb1b25b9e48cb9c29db350d619a7f,duckdb,1.5.3,tpch,10,c8gd.4xlarge,analytical,bench_373196df,q14,0,2026-06-16T15:43:45.237896+00:00,2026-06-16T15:43:48.012186+00:00,true,,1,,,,,
f4ccb1b25b9e48cb9c29db350d619a7f,duckdb,1.5.3,tpch,10,c8gd.4xlarge,analytical,bench_373196df,q14,1,2026-06-16T15:43:48.012407+00:00,2026-06-16T15:43:50.796162+00:00,,,1,,,,,
f4ccb1b25b9e48cb9c29db350d619a7f,duckdb,1.5.3,tpch,10,c8gd.4xlarge,analytical,bench_373196df,q14,2,2026-06-16T15:43:50.796230+00:00,2026-06-16T15:43:53.553949+00:00,,,1,,,,,
f4ccb1b25b9e48cb9c29db350d619a7f,duckdb,1.5.3,tpch,10,c8gd.4xlarge,analytical,bench_373196df,q15,0,2026-06-16T15:43:56.164619+00:00,2026-06-16T15:43:58.775648+00:00,true,,1,,,,,
f4ccb1b25b9e48cb9c29db350d619a7f,duckdb,1.5.3,tpch,10,c8gd.4xlarge,analytical,bench_373196df,q15,1,2026-06-16T15:43:58.775897+00:00,2026-06-16T15:44:01.442523+00:00,,,1,,,,,
f4ccb1b25b9e48cb9c29db350d619a7f,duckdb,1.5.3,tpch,10,c8gd.4xlarge,analytical,bench_373196df,q15,2,2026-06-16T15:44:01.442592+00:00,2026-06-16T15:44:04.107182+00:00,,,1,,,,,
f4ccb1b25b9e48cb9c29db350d619a7f,duckdb,1.5.3,tpch,10,c8gd.4xlarge,analytical,bench_373196df,q16,0,2026-06-16T15:44:04.793025+00:00,2026-06-16T15:44:05.455098+00:00,true,,27840,,,,,
f4ccb1b25b9e48cb9c29db350d619a7f,duckdb,1.5.3,tpch,10,c8gd.4xlarge,analytical,bench_373196df,q16,1,2026-06-16T15:44:05.602486+00:00,2026-06-16T15:44:06.260870+00:00,,,27840,,,,,
f4ccb1b25b9e48cb9c29db350d619a7f,duckdb,1.5.3,tpch,10,c8gd.4xlarge,analytical,bench_373196df,q16,2,2026-06-16T15:44:06.262116+00:00,2026-06-16T15:44:06.926722+00:00,,,27840,,,,,
f4ccb1b25b9e48cb9c29db350d619a7f,duckdb,1.5.3,tpch,10,c8gd.4xlarge,analytical,bench_373196df,q17,0,2026-06-16T15:44:10.810652+00:00,2026-06-16T15:44:14.686063+00:00,true,,1,,,,,
f4ccb1b25b9e48cb9c29db350d619a7f,duckdb,1.5.3,tpch,10,c8gd.4xlarge,analytical,bench_373196df,q17,1,2026-06-16T15:44:14.686287+00:00,2026-06-16T15:44:18.572110+00:00,,,1,,,,,
f4ccb1b25b9e48cb9c29db350d619a7f,duckdb,1.5.3,tpch,10,c8gd.4xlarge,analytical,bench_373196df,q17,2,2026-06-16T15:44:18.572177+00:00,2026-06-16T15:44:22.513417+00:00,,,1,,,,,
f4ccb1b25b9e48cb9c29db350d619a7f,duckdb,1.5.3,tpch,10,c8gd.4xlarge,analytical,bench_373196df,q18,0,2026-06-16T15:44:26.600903+00:00,2026-06-16T15:44:30.644754+00:00,true,,100,,,,,
f4ccb1b25b9e48cb9c29db350d619a7f,duckdb,1.5.3,tpch,10,c8gd.4xlarge,analytical,bench_373196df,q18,1,2026-06-16T15:44:30.645627+00:00,2026-06-16T15:44:34.771647+00:00,,,100,,,,,
f4ccb1b25b9e48cb9c29db350d619a7f,duckdb,1.5.3,tpch,10,c8gd.4xlarge,analytical,bench_373196df,q18,2,2026-06-16T15:44:34.771721+00:00,2026-06-16T15:44:38.807870+00:00,,,100,,,,,
f4ccb1b25b9e48cb9c29db350d619a7f,duckdb,1.5.3,tpch,10,c8gd.4xlarge,analytical,bench_373196df,q19,0,2026-06-16T15:44:43.094568+00:00,2026-06-16T15:44:47.417569+00:00,true,,1,,,,,
f4ccb1b25b9e48cb9c29db350d619a7f,duckdb,1.5.3,tpch,10,c8gd.4xlarge,analytical,bench_373196df,q19,1,2026-06-16T15:44:47.417798+00:00,2026-06-16T15:44:51.837324+00:00,,,1,,,,,
f4ccb1b25b9e48cb9c29db350d619a7f,duckdb,1.5.3,tpch,10,c8gd.4xlarge,analytical,bench_373196df,q19,2,2026-06-16T15:44:51.837391+00:00,2026-06-16T15:44:56.237006+00:00,,,1,,,,,
f4ccb1b25b9e48cb9c29db350d619a7f,duckdb,1.5.3,tpch,10,c8gd.4xlarge,analytical,bench_373196df,q20,0,2026-06-16T15:45:00.180466+00:00,2026-06-16T15:45:04.132325+00:00,true,,1804,,,,,
f4ccb1b25b9e48cb9c29db350d619a7f,duckdb,1.5.3,tpch,10,c8gd.4xlarge,analytical,bench_373196df,q20,1,2026-06-16T15:45:04.138201+00:00,2026-06-16T15:45:08.051395+00:00,,,1804,,,,,
f4ccb1b25b9e48cb9c29db350d619a7f,duckdb,1.5.3,tpch,10,c8gd.4xlarge,analytical,bench_373196df,q20,2,2026-06-16T15:45:08.051537+00:00,2026-06-16T15:45:11.885499+00:00,,,1804,,,,,
f4ccb1b25b9e48cb9c29db350d619a7f,duckdb,1.5.3,tpch,10,c8gd.4xlarge,analytical,bench_373196df,q21,0,2026-06-16T15:45:20.328508+00:00,2026-06-16T15:45:28.246016+00:00,true,,100,,,,,
f4ccb1b25b9e48cb9c29db350d619a7f,duckdb,1.5.3,tpch,10,c8gd.4xlarge,analytical,bench_373196df,q21,1,2026-06-16T15:45:28.246498+00:00,2026-06-16T15:45:36.321880+00:00,,,100,,,,,
f4ccb1b25b9e48cb9c29db350d619a7f,duckdb,1.5.3,tpch,10,c8gd.4xlarge,analytical,bench_373196df,q21,2,2026-06-16T15:45:36.321946+00:00,2026-06-16T15:45:44.269063+00:00,,,100,,,,,
f4ccb1b25b9e48cb9c29db350d619a7f,duckdb,1.5.3,tpch,10,c8gd.4xlarge,analytical,bench_373196df,q22,0,2026-06-16T15:45:45.020816+00:00,2026-06-16T15:45:45.781744+00:00,true,,7,,,,,
f4ccb1b25b9e48cb9c29db350d619a7f,duckdb,1.5.3,tpch,10,c8gd.4xlarge,analytical,bench_373196df,q22,1,2026-06-16T15:45:45.781996+00:00,2026-06-16T15:45:46.481523+00:00,,,7,,,,,
f4ccb1b25b9e48cb9c29db350d619a7f,duckdb,1.5.3,tpch,10,c8gd.4xlarge,analytical,bench_373196df,q22,2,2026-06-16T15:45:46.481592+00:00,2026-06-16T15:45:47.159054+00:00,,,7,,,,,
dc5a20bd4a3948f8b29fb18e7b177129,duckdb,1.5.3,tpch,10,c8gd.4xlarge,analytical,bench_aa63193a,q01,0,2026-06-16T16:36:40.226984+00:00,2026-06-16T16:36:42.880569+00:00,true,,4,,,,,
dc5a20bd4a3948f8b29fb18e7b177129,duckdb,1.5.3,tpch,10,c8gd.4xlarge,analytical,bench_aa63193a,q01,1,2026-06-16T16:36:42.880879+00:00,2026-06-16T16:36:45.517634+00:00,,,4,,,,,
dc5a20bd4a3948f8b29fb18e7b177129,duckdb,1.5.3,tpch,10,c8gd.4xlarge,analytical,bench_aa63193a,q01,2,2026-06-16T16:36:45.517704+00:00,2026-06-16T16:36:48.158297+00:00,,,4,,,,,
dc5a20bd4a3948f8b29fb18e7b177129,duckdb,1.5.3,tpch,10,c8gd.4xlarge,analytical,bench_aa63193a,q02,0,2026-06-16T16:36:50.160086+00:00,2026-06-16T16:36:51.514096+00:00,true,,100,,,,,
dc5a20bd4a3948f8b29fb18e7b177129,duckdb,1.5.3,tpch,10,c8gd.4xlarge,analytical,bench_aa63193a,q02,1,2026-06-16T16:36:51.515480+00:00,2026-06-16T16:36:52.853450+00:00,,,100,,,,,
dc5a20bd4a3948f8b29fb18e7b177129,duckdb,1.5.3,tpch,10,c8gd.4xlarge,analytical,bench_aa63193a,q02,2,2026-06-16T16:36:52.853528+00:00,2026-06-16T16:36:54.168889+00:00,,,100,,,,,
dc5a20bd4a3948f8b29fb18e7b177129,duckdb,1.5.3,tpch,10,c8gd.4xlarge,analytical,bench_aa63193a,q03,0,2026-06-16T16:36:58.714520+00:00,2026-06-16T16:37:02.445078+00:00,true,,10,,,,,
dc5a20bd4a3948f8b29fb18e7b177129,duckdb,1.5.3,tpch,10,c8gd.4xlarge,analytical,bench_aa63193a,q03,1,2026-06-16T16:37:02.445347+00:00,2026-06-16T16:37:06.095527+00:00,,,10,,,,,
dc5a20bd4a3948f8b29fb18e7b177129,duckdb,1.5.3,tpch,10,c8gd.4xlarge,analytical,bench_aa63193a,q03,2,2026-06-16T16:37:06.095596+00:00,2026-06-16T16:37:09.798693+00:00,,,10,,,,,
dc5a20bd4a3948f8b29fb18e7b177129,duckdb,1.5.3,tpch,10,c8gd.4xlarge,analytical,bench_aa63193a,q04,0,2026-06-16T16:37:12.287016+00:00,2026-06-16T16:37:14.767304+00:00,true,,5,,,,,
dc5a20bd4a3948f8b29fb18e7b177129,duckdb,1.5.3,tpch,10,c8gd.4xlarge,analytical,bench_aa63193a,q04,1,2026-06-16T16:37:14.767533+00:00,2026-06-16T16:37:17.225889+00:00,,,5,,,,,
dc5a20bd4a3948f8b29fb18e7b177129,duckdb,1.5.3,tpch,10,c8gd.4xlarge,analytical,bench_aa63193a,q04,2,2026-06-16T16:37:17.225959+00:00,2026-06-16T16:37:19.677591+00:00,,,5,,,,,
dc5a20bd4a3948f8b29fb18e7b177129,duckdb,1.5.3,tpch,10,c8gd.4xlarge,analytical,bench_aa63193a,q05,0,2026-06-16T16:37:23.444115+00:00,2026-06-16T16:37:27.109495+00:00,true,,5,,,,,
dc5a20bd4a3948f8b29fb18e7b177129,duckdb,1.5.3,tpch,10,c8gd.4xlarge,analytical,bench_aa63193a,q05,1,2026-06-16T16:37:27.109720+00:00,2026-06-16T16:37:30.792062+00:00,,,5,,,,,
dc5a20bd4a3948f8b29fb18e7b177129,duckdb,1.5.3,tpch,10,c8gd.4xlarge,analytical,bench_aa63193a,q05,2,2026-06-16T16:37:30.792126+00:00,2026-06-16T16:37:34.514879+00:00,,,5,,,,,
dc5a20bd4a3948f8b29fb18e7b177129,duckdb,1.5.3,tpch,10,c8gd.4xlarge,analytical,bench_aa63193a,q06,0,2026-06-16T16:37:37.813271+00:00,2026-06-16T16:37:41.092797+00:00,true,,1,,,,,
dc5a20bd4a3948f8b29fb18e7b177129,duckdb,1.5.3,tpch,10,c8gd.4xlarge,analytical,bench_aa63193a,q06,1,2026-06-16T16:37:41.093012+00:00,2026-06-16T16:37:44.372567+00:00,,,1,,,,,
dc5a20bd4a3948f8b29fb18e7b177129,duckdb,1.5.3,tpch,10,c8gd.4xlarge,analytical,bench_aa63193a,q06,2,2026-06-16T16:37:44.372633+00:00,2026-06-16T16:37:47.682104+00:00,,,1,,,,,
dc5a20bd4a3948f8b29fb18e7b177129,duckdb,1.5.3,tpch,10,c8gd.4xlarge,analytical,bench_aa63193a,q07,0,2026-06-16T16:37:51.832574+00:00,2026-06-16T16:37:56.067116+00:00,true,,4,,,,,
dc5a20bd4a3948f8b29fb18e7b177129,duckdb,1.5.3,tpch,10,c8gd.4xlarge,analytical,bench_aa63193a,q07,1,2026-06-16T16:37:56.067353+00:00,2026-06-16T16:38:00.176956+00:00,,,4,,,,,
dc5a20bd4a3948f8b29fb18e7b177129,duckdb,1.5.3,tpch,10,c8gd.4xlarge,analytical,bench_aa63193a,q07,2,2026-06-16T16:38:00.177022+00:00,2026-06-16T16:38:04.347056+00:00,,,4,,,,,
dc5a20bd4a3948f8b29fb18e7b177129,duckdb,1.5.3,tpch,10,c8gd.4xlarge,analytical,bench_aa63193a,q08,0,2026-06-16T16:38:08.989782+00:00,2026-06-16T16:38:13.677695+00:00,true,,2,,,,,
dc5a20bd4a3948f8b29fb18e7b177129,duckdb,1.5.3,tpch,10,c8gd.4xlarge,analytical,bench_aa63193a,q08,1,2026-06-16T16:38:13.677933+00:00,2026-06-16T16:38:18.373545+00:00,,,2,,,,,
dc5a20bd4a3948f8b29fb18e7b177129,duckdb,1.5.3,tpch,10,c8gd.4xlarge,analytical,bench_aa63193a,q08,2,2026-06-16T16:38:18.373620+00:00,2026-06-16T16:38:22.989707+00:00,,,2,,,,,
dc5a20bd4a3948f8b29fb18e7b177129,duckdb,1.5.3,tpch,10,c8gd.4xlarge,analytical,bench_aa63193a,q09,0,2026-06-16T16:38:27.873748+00:00,2026-06-16T16:38:32.717232+00:00,true,,175,,,,,
dc5a20bd4a3948f8b29fb18e7b177129,duckdb,1.5.3,tpch,10,c8gd.4xlarge,analytical,bench_aa63193a,q09,1,2026-06-16T16:38:32.718082+00:00,2026-06-16T16:38:37.577405+00:00,,,175,,,,,
dc5a20bd4a3948f8b29fb18e7b177129,duckdb,1.5.3,tpch,10,c8gd.4xlarge,analytical,bench_aa63193a,q09,2,2026-06-16T16:38:37.577483+00:00,2026-06-16T16:38:42.449184+00:00,,,175,,,,,
dc5a20bd4a3948f8b29fb18e7b177129,duckdb,1.5.3,tpch,10,c8gd.4xlarge,analytical,bench_aa63193a,q10,0,2026-06-16T16:38:46.748117+00:00,2026-06-16T16:38:50.991595+00:00,true,,20,,,,,
dc5a20bd4a3948f8b29fb18e7b177129,duckdb,1.5.3,tpch,10,c8gd.4xlarge,analytical,bench_aa63193a,q10,1,2026-06-16T16:38:50.992040+00:00,2026-06-16T16:38:55.638146+00:00,,,20,,,,,
dc5a20bd4a3948f8b29fb18e7b177129,duckdb,1.5.3,tpch,10,c8gd.4xlarge,analytical,bench_aa63193a,q10,2,2026-06-16T16:38:55.638219+00:00,2026-06-16T16:38:59.821852+00:00,,,20,,,,,
dc5a20bd4a3948f8b29fb18e7b177129,duckdb,1.5.3,tpch,10,c8gd.4xlarge,analytical,bench_aa63193a,q11,0,2026-06-16T16:39:00.487159+00:00,2026-06-16T16:39:01.131492+00:00,true,,0,,,,,
dc5a20bd4a3948f8b29fb18e7b177129,duckdb,1.5.3,tpch,10,c8gd.4xlarge,analytical,bench_aa63193a,q11,1,2026-06-16T16:39:01.131696+00:00,2026-06-16T16:39:01.785406+00:00,,,0,,,,,
dc5a20bd4a3948f8b29fb18e7b177129,duckdb,1.5.3,tpch,10,c8gd.4xlarge,analytical,bench_aa63193a,q11,2,2026-06-16T16:39:01.785473+00:00,2026-06-16T16:39:02.430925+00:00,,,0,,,,,
dc5a20bd4a3948f8b29fb18e7b177129,duckdb,1.5.3,tpch,10,c8gd.4xlarge,analytical,bench_aa63193a,q12,0,2026-06-16T16:39:06.177535+00:00,2026-06-16T16:39:09.942722+00:00,true,,2,,,,,
dc5a20bd4a3948f8b29fb18e7b177129,duckdb,1.5.3,tpch,10,c8gd.4xlarge,analytical,bench_aa63193a,q12,1,2026-06-16T16:39:09.942957+00:00,2026-06-16T16:39:13.741303+00:00,,,2,,,,,
dc5a20bd4a3948f8b29fb18e7b177129,duckdb,1.5.3,tpch,10,c8gd.4xlarge,analytical,bench_aa63193a,q12,2,2026-06-16T16:39:13.741371+00:00,2026-06-16T16:39:17.547007+00:00,,,2,,,,,
dc5a20bd4a3948f8b29fb18e7b177129,duckdb,1.5.3,tpch,10,c8gd.4xlarge,analytical,bench_aa63193a,q13,0,2026-06-16T16:39:18.475447+00:00,2026-06-16T16:39:19.454543+00:00,true,,46,,,,,
dc5a20bd4a3948f8b29fb18e7b177129,duckdb,1.5.3,tpch,10,c8gd.4xlarge,analytical,bench_aa63193a,q13,1,2026-06-16T16:39:19.454842+00:00,2026-06-16T16:39:20.392883+00:00,,,46,,,,,
dc5a20bd4a3948f8b29fb18e7b177129,duckdb,1.5.3,tpch,10,c8gd.4xlarge,analytical,bench_aa63193a,q13,2,2026-06-16T16:39:20.392954+00:00,2026-06-16T16:39:21.316987+00:00,,,46,,,,,
dc5a20bd4a3948f8b29fb18e7b177129,duckdb,1.5.3,tpch,10,c8gd.4xlarge,analytical,bench_aa63193a,q14,0,2026-06-16T16:39:24.124956+00:00,2026-06-16T16:39:26.930192+00:00,true,,1,,,,,
dc5a20bd4a3948f8b29fb18e7b177129,duckdb,1.5.3,tpch,10,c8gd.4xlarge,analytical,bench_aa63193a,q14,1,2026-06-16T16:39:26.930388+00:00,2026-06-16T16:39:29.643419+00:00,,,1,,,,,
dc5a20bd4a3948f8b29fb18e7b177129,duckdb,1.5.3,tpch,10,c8gd.4xlarge,analytical,bench_aa63193a,q14,2,2026-06-16T16:39:29.643484+00:00,2026-06-16T16:39:32.381492+00:00,,,1,,,,,
dc5a20bd4a3948f8b29fb18e7b177129,duckdb,1.5.3,tpch,10,c8gd.4xlarge,analytical,bench_aa63193a,q15,0,2026-06-16T16:39:34.982137+00:00,2026-06-16T16:39:37.648041+00:00,true,,1,,,,,
dc5a20bd4a3948f8b29fb18e7b177129,duckdb,1.5.3,tpch,10,c8gd.4xlarge,analytical,bench_aa63193a,q15,1,2026-06-16T16:39:37.648262+00:00,2026-06-16T16:39:40.319744+00:00,,,1,,,,,
dc5a20bd4a3948f8b29fb18e7b177129,duckdb,1.5.3,tpch,10,c8gd.4xlarge,analytical,bench_aa63193a,q15,2,2026-06-16T16:39:40.319808+00:00,2026-06-16T16:39:42.973801+00:00,,,1,,,,,
dc5a20bd4a3948f8b29fb18e7b177129,duckdb,1.5.3,tpch,10,c8gd.4xlarge,analytical,bench_aa63193a,q16,0,2026-06-16T16:39:43.632963+00:00,2026-06-16T16:39:44.296436+00:00,true,,27840,,,,,
dc5a20bd4a3948f8b29fb18e7b177129,duckdb,1.5.3,tpch,10,c8gd.4xlarge,analytical,bench_aa63193a,q16,1,2026-06-16T16:39:44.442152+00:00,2026-06-16T16:39:45.111149+00:00,,,27840,,,,,
dc5a20bd4a3948f8b29fb18e7b177129,duckdb,1.5.3,tpch,10,c8gd.4xlarge,analytical,bench_aa63193a,q16,2,2026-06-16T16:39:45.112433+00:00,2026-06-16T16:39:45.760224+00:00,,,27840,,,,,
dc5a20bd4a3948f8b29fb18e7b177129,duckdb,1.5.3,tpch,10,c8gd.4xlarge,analytical,bench_aa63193a,q17,0,2026-06-16T16:39:49.691185+00:00,2026-06-16T16:39:53.605965+00:00,true,,1,,,,,
dc5a20bd4a3948f8b29fb18e7b177129,duckdb,1.5.3,tpch,10,c8gd.4xlarge,analytical,bench_aa63193a,q17,1,2026-06-16T16:39:53.606181+00:00,2026-06-16T16:39:57.575695+00:00,,,1,,,,,
dc5a20bd4a3948f8b29fb18e7b177129,duckdb,1.5.3,tpch,10,c8gd.4xlarge,analytical,bench_aa63193a,q17,2,2026-06-16T16:39:57.575765+00:00,2026-06-16T16:40:01.466255+00:00,,,1,,,,,
dc5a20bd4a3948f8b29fb18e7b177129,duckdb,1.5.3,tpch,10,c8gd.4xlarge,analytical,bench_aa63193a,q18,0,2026-06-16T16:40:05.572164+00:00,2026-06-16T16:40:09.660521+00:00,true,,100,,,,,
dc5a20bd4a3948f8b29fb18e7b177129,duckdb,1.5.3,tpch,10,c8gd.4xlarge,analytical,bench_aa63193a,q18,1,2026-06-16T16:40:09.661375+00:00,2026-06-16T16:40:13.698636+00:00,,,100,,,,,
dc5a20bd4a3948f8b29fb18e7b177129,duckdb,1.5.3,tpch,10,c8gd.4xlarge,analytical,bench_aa63193a,q18,2,2026-06-16T16:40:13.698714+00:00,2026-06-16T16:40:17.777127+00:00,,,100,,,,,
dc5a20bd4a3948f8b29fb18e7b177129,duckdb,1.5.3,tpch,10,c8gd.4xlarge,analytical,bench_aa63193a,q19,0,2026-06-16T16:40:22.166310+00:00,2026-06-16T16:40:26.564909+00:00,true,,1,,,,,
dc5a20bd4a3948f8b29fb18e7b177129,duckdb,1.5.3,tpch,10,c8gd.4xlarge,analytical,bench_aa63193a,q19,1,2026-06-16T16:40:26.565119+00:00,2026-06-16T16:40:30.942897+00:00,,,1,,,,,
dc5a20bd4a3948f8b29fb18e7b177129,duckdb,1.5.3,tpch,10,c8gd.4xlarge,analytical,bench_aa63193a,q19,2,2026-06-16T16:40:30.942966+00:00,2026-06-16T16:40:35.274185+00:00,,,1,,,,,
dc5a20bd4a3948f8b29fb18e7b177129,duckdb,1.5.3,tpch,10,c8gd.4xlarge,analytical,bench_aa63193a,q20,0,2026-06-16T16:40:39.157026+00:00,2026-06-16T16:40:43.103336+00:00,true,,1804,,,,,
dc5a20bd4a3948f8b29fb18e7b177129,duckdb,1.5.3,tpch,10,c8gd.4xlarge,analytical,bench_aa63193a,q20,1,2026-06-16T16:40:43.109307+00:00,2026-06-16T16:40:46.959717+00:00,,,1804,,,,,
dc5a20bd4a3948f8b29fb18e7b177129,duckdb,1.5.3,tpch,10,c8gd.4xlarge,analytical,bench_aa63193a,q20,2,2026-06-16T16:40:46.959848+00:00,2026-06-16T16:40:50.880178+00:00,,,1804,,,,,
dc5a20bd4a3948f8b29fb18e7b177129,duckdb,1.5.3,tpch,10,c8gd.4xlarge,analytical,bench_aa63193a,q21,0,2026-06-16T16:40:58.944651+00:00,2026-06-16T16:41:06.927184+00:00,true,,100,,,,,
dc5a20bd4a3948f8b29fb18e7b177129,duckdb,1.5.3,tpch,10,c8gd.4xlarge,analytical,bench_aa63193a,q21,1,2026-06-16T16:41:06.927658+00:00,2026-06-16T16:41:15.106607+00:00,,,100,,,,,
dc5a20bd4a3948f8b29fb18e7b177129,duckdb,1.5.3,tpch,10,c8gd.4xlarge,analytical,bench_aa63193a,q21,2,2026-06-16T16:41:15.106676+00:00,2026-06-16T16:41:22.966263+00:00,,,100,,,,,
dc5a20bd4a3948f8b29fb18e7b177129,duckdb,1.5.3,tpch,10,c8gd.4xlarge,analytical,bench_aa63193a,q22,0,2026-06-16T16:41:23.652385+00:00,2026-06-16T16:41:24.337665+00:00,true,,7,,,,,
dc5a20bd4a3948f8b29fb18e7b177129,duckdb,1.5.3,tpch,10,c8gd.4xlarge,analytical,bench_aa63193a,q22,1,2026-06-16T16:41:24.337918+00:00,2026-06-16T16:41:25.028481+00:00,,,7,,,,,
dc5a20bd4a3948f8b29fb18e7b177129,duckdb,1.5.3,tpch,10,c8gd.4xlarge,analytical,bench_aa63193a,q22,2,2026-06-16T16:41:25.028553+00:00,2026-06-16T16:41:25.746901+00:00,,,7,,,,,
0b8233b8ade04626a960d0c983707456,duckdb,1.5.3,tpch,10,c8gd.4xlarge,analytical,bench_8ffb0860,q01,0,2026-06-16T16:44:39.392705+00:00,2026-06-16T16:44:43.768216+00:00,true,,4,,,,,
0b8233b8ade04626a960d0c983707456,duckdb,1.5.3,tpch,10,c8gd.4xlarge,analytical,bench_8ffb0860,q01,1,2026-06-16T16:44:43.768576+00:00,2026-06-16T16:44:47.879707+00:00,,,4,,,,,
0b8233b8ade04626a960d0c983707456,duckdb,1.5.3,tpch,10,c8gd.4xlarge,analytical,bench_8ffb0860,q01,2,2026-06-16T16:44:47.879793+00:00,2026-06-16T16:44:52.065709+00:00,,,4,,,,,
0b8233b8ade04626a960d0c983707456,duckdb,1.5.3,tpch,10,c8gd.4xlarge,analytical,bench_8ffb0860,q02,0,2026-06-16T16:44:55.146930+00:00,2026-06-16T16:44:57.328738+00:00,true,,100,,,,,
0b8233b8ade04626a960d0c983707456,duckdb,1.5.3,tpch,10,c8gd.4xlarge,analytical,bench_8ffb0860,q02,1,2026-06-16T16:44:57.330196+00:00,2026-06-16T16:44:59.544700+00:00,,,100,,,,,
0b8233b8ade04626a960d0c983707456,duckdb,1.5.3,tpch,10,c8gd.4xlarge,analytical,bench_8ffb0860,q02,2,2026-06-16T16:44:59.544798+00:00,2026-06-16T16:45:01.651895+00:00,,,100,,,,,
0b8233b8ade04626a960d0c983707456,duckdb,1.5.3,tpch,10,c8gd.4xlarge,analytical,bench_8ffb0860,q03,0,2026-06-16T16:45:08.205346+00:00,2026-06-16T16:45:14.080470+00:00,true,,10,,,,,
0b8233b8ade04626a960d0c983707456,duckdb,1.5.3,tpch,10,c8gd.4xlarge,analytical,bench_8ffb0860,q03,1,2026-06-16T16:45:14.080935+00:00,2026-06-16T16:45:19.981500+00:00,,,10,,,,,
0b8233b8ade04626a960d0c983707456,duckdb,1.5.3,tpch,10,c8gd.4xlarge,analytical,bench_8ffb0860,q03,2,2026-06-16T16:45:19.981588+00:00,2026-06-16T16:45:25.994476+00:00,,,10,,,,,
0b8233b8ade04626a960d0c983707456,duckdb,1.5.3,tpch,10,c8gd.4xlarge,analytical,bench_8ffb0860,q04,0,2026-06-16T16:45:30.437823+00:00,2026-06-16T16:45:34.907896+00:00,true,,5,,,,,
0b8233b8ade04626a960d0c983707456,duckdb,1.5.3,tpch,10,c8gd.4xlarge,analytical,bench_8ffb0860,q04,1,2026-06-16T16:45:34.908354+00:00,2026-06-16T16:45:39.240987+00:00,,,5,,,,,
0b8233b8ade04626a960d0c983707456,duckdb,1.5.3,tpch,10,c8gd.4xlarge,analytical,bench_8ffb0860,q04,2,2026-06-16T16:45:39.241070+00:00,2026-06-16T16:45:43.664626+00:00,,,5,,,,,
0b8233b8ade04626a960d0c983707456,duckdb,1.5.3,tpch,10,c8gd.4xlarge,analytical,bench_8ffb0860,q05,0,2026-06-16T16:45:49.822496+00:00,2026-06-16T16:45:56.141204+00:00,true,,5,,,,,
0b8233b8ade04626a960d0c983707456,duckdb,1.5.3,tpch,10,c8gd.4xlarge,analytical,bench_8ffb0860,q05,1,2026-06-16T16:45:56.141899+00:00,2026-06-16T16:46:02.381154+00:00,,,5,,,,,
0b8233b8ade04626a960d0c983707456,duckdb,1.5.3,tpch,10,c8gd.4xlarge,analytical,bench_8ffb0860,q05,2,2026-06-16T16:46:02.381232+00:00,2026-06-16T16:46:08.620324+00:00,,,5,,,,,
0b8233b8ade04626a960d0c983707456,duckdb,1.5.3,tpch,10,c8gd.4xlarge,analytical,bench_8ffb0860,q06,0,2026-06-16T16:46:13.632810+00:00,2026-06-16T16:46:18.526816+00:00,true,,1,,,,,
0b8233b8ade04626a960d0c983707456,duckdb,1.5.3,tpch,10,c8gd.4xlarge,analytical,bench_8ffb0860,q06,1,2026-06-16T16:46:18.527343+00:00,2026-06-16T16:46:23.364280+00:00,,,1,,,,,
0b8233b8ade04626a960d0c983707456,duckdb,1.5.3,tpch,10,c8gd.4xlarge,analytical,bench_8ffb0860,q06,2,2026-06-16T16:46:23.364358+00:00,2026-06-16T16:46:28.204436+00:00,,,1,,,,,
0b8233b8ade04626a960d0c983707456,duckdb,1.5.3,tpch,10,c8gd.4xlarge,analytical,bench_8ffb0860,q07,0,2026-06-16T16:46:34.627841+00:00,2026-06-16T16:46:41.208305+00:00,true,,4,,,,,
0b8233b8ade04626a960d0c983707456,duckdb,1.5.3,tpch,10,c8gd.4xlarge,analytical,bench_8ffb0860,q07,1,2026-06-16T16:46:41.209111+00:00,2026-06-16T16:46:47.616646+00:00,,,4,,,,,
0b8233b8ade04626a960d0c983707456,duckdb,1.5.3,tpch,10,c8gd.4xlarge,analytical,bench_8ffb0860,q07,2,2026-06-16T16:46:47.616726+00:00,2026-06-16T16:46:54.065493+00:00,,,4,,,,,
0b8233b8ade04626a960d0c983707456,duckdb,1.5.3,tpch,10,c8gd.4xlarge,analytical,bench_8ffb0860,q08,0,2026-06-16T16:47:01.383079+00:00,2026-06-16T16:47:08.580354+00:00,true,,2,,,,,
0b8233b8ade04626a960d0c983707456,duckdb,1.5.3,tpch,10,c8gd.4xlarge,analytical,bench_8ffb0860,q08,1,2026-06-16T16:47:08.580951+00:00,2026-06-16T16:47:15.954014+00:00,,,2,,,,,
0b8233b8ade04626a960d0c983707456,duckdb,1.5.3,tpch,10,c8gd.4xlarge,analytical,bench_8ffb0860,q08,2,2026-06-16T16:47:15.954092+00:00,2026-06-16T16:47:23.221759+00:00,,,2,,,,,
0b8233b8ade04626a960d0c983707456,duckdb,1.5.3,tpch,10,c8gd.4xlarge,analytical,bench_8ffb0860,q09,0,2026-06-16T16:47:30.693216+00:00,2026-06-16T16:47:38.050048+00:00,true,,175,,,,,
0b8233b8ade04626a960d0c983707456,duckdb,1.5.3,tpch,10,c8gd.4xlarge,analytical,bench_8ffb0860,q09,1,2026-06-16T16:47:38.051322+00:00,2026-06-16T16:47:45.304254+00:00,,,175,,,,,
0b8233b8ade04626a960d0c983707456,duckdb,1.5.3,tpch,10,c8gd.4xlarge,analytical,bench_8ffb0860,q09,2,2026-06-16T16:47:45.304355+00:00,2026-06-16T16:47:48.810277+00:00,,,175,,,,,
0b8233b8ade04626a960d0c983707456,duckdb,1.5.3,tpch,10,c8gd.4xlarge,analytical,bench_8ffb0860,q10,0,2026-06-16T16:47:50.819638+00:00,2026-06-16T16:47:52.661529+00:00,true,,20,,,,,
0b8233b8ade04626a960d0c983707456,duckdb,1.5.3,tpch,10,c8gd.4xlarge,analytical,bench_8ffb0860,q10,1,2026-06-16T16:47:52.662116+00:00,2026-06-16T16:47:54.448233+00:00,,,20,,,,,
0b8233b8ade04626a960d0c983707456,duckdb,1.5.3,tpch,10,c8gd.4xlarge,analytical,bench_8ffb0860,q10,2,2026-06-16T16:47:54.448321+00:00,2026-06-16T16:47:56.246491+00:00,,,20,,,,,
0b8233b8ade04626a960d0c983707456,duckdb,1.5.3,tpch,10,c8gd.4xlarge,analytical,bench_8ffb0860,q11,0,2026-06-16T16:47:57.642176+00:00,2026-06-16T16:47:58.954476+00:00,true,,0,,,,,
0b8233b8ade04626a960d0c983707456,duckdb,1.5.3,tpch,10,c8gd.4xlarge,analytical,bench_8ffb0860,q11,1,2026-06-16T16:47:58.954846+00:00,2026-06-16T16:48:00.254375+00:00,,,0,,,,,
0b8233b8ade04626a960d0c983707456,duckdb,1.5.3,tpch,10,c8gd.4xlarge,analytical,bench_8ffb0860,q11,2,2026-06-16T16:48:00.254452+00:00,2026-06-16T16:48:01.684222+00:00,,,0,,,,,
0b8233b8ade04626a960d0c983707456,duckdb,1.5.3,tpch,10,c8gd.4xlarge,analytical,bench_8ffb0860,q12,0,2026-06-16T16:48:03.047690+00:00,2026-06-16T16:48:04.239351+00:00,true,,2,,,,,
0b8233b8ade04626a960d0c983707456,duckdb,1.5.3,tpch,10,c8gd.4xlarge,analytical,bench_8ffb0860,q12,1,2026-06-16T16:48:04.239726+00:00,2026-06-16T16:48:05.263598+00:00,,,2,,,,,
0b8233b8ade04626a960d0c983707456,duckdb,1.5.3,tpch,10,c8gd.4xlarge,analytical,bench_8ffb0860,q12,2,2026-06-16T16:48:05.263677+00:00,2026-06-16T16:48:06.261833+00:00,,,2,,,,,
0b8233b8ade04626a960d0c983707456,duckdb,1.5.3,tpch,10,c8gd.4xlarge,analytical,bench_8ffb0860,q13,0,2026-06-16T16:48:09.152881+00:00,2026-06-16T16:48:12.026729+00:00,true,,46,,,,,
0b8233b8ade04626a960d0c983707456,duckdb,1.5.3,tpch,10,c8gd.4xlarge,analytical,bench_8ffb0860,q13,1,2026-06-16T16:48:12.027163+00:00,2026-06-16T16:48:14.888810+00:00,,,46,,,,,
0b8233b8ade04626a960d0c983707456,duckdb,1.5.3,tpch,10,c8gd.4xlarge,analytical,bench_8ffb0860,q13,2,2026-06-16T16:48:14.888911+00:00,2026-06-16T16:48:17.755749+00:00,,,46,,,,,
0b8233b8ade04626a960d0c983707456,duckdb,1.5.3,tpch,10,c8gd.4xlarge,analytical,bench_8ffb0860,q14,0,2026-06-16T16:48:19.027222+00:00,2026-06-16T16:48:20.153138+00:00,true,,1,,,,,
0b8233b8ade04626a960d0c983707456,duckdb,1.5.3,tpch,10,c8gd.4xlarge,analytical,bench_8ffb0860,q14,1,2026-06-16T16:48:20.153577+00:00,2026-06-16T16:48:21.252165+00:00,,,1,,,,,
0b8233b8ade04626a960d0c983707456,duckdb,1.5.3,tpch,10,c8gd.4xlarge,analytical,bench_8ffb0860,q14,2,2026-06-16T16:48:21.252240+00:00,2026-06-16T16:48:22.400287+00:00,,,1,,,,,
0b8233b8ade04626a960d0c983707456,duckdb,1.5.3,tpch,10,c8gd.4xlarge,analytical,bench_8ffb0860,q15,0,2026-06-16T16:48:23.339911+00:00,2026-06-16T16:48:24.283870+00:00,true,,1,,,,,
0b8233b8ade04626a960d0c983707456,duckdb,1.5.3,tpch,10,c8gd.4xlarge,analytical,bench_8ffb0860,q15,1,2026-06-16T16:48:24.284206+00:00,2026-06-16T16:48:25.232962+00:00,,,1,,,,,
0b8233b8ade04626a960d0c983707456,duckdb,1.5.3,tpch,10,c8gd.4xlarge,analytical,bench_8ffb0860,q15,2,2026-06-16T16:48:25.233042+00:00,2026-06-16T16:48:26.140183+00:00,,,1,,,,,
0b8233b8ade04626a960d0c983707456,duckdb,1.5.3,tpch,10,c8gd.4xlarge,analytical,bench_8ffb0860,q16,0,2026-06-16T16:48:27.130249+00:00,2026-06-16T16:48:28.088479+00:00,true,,27840,,,,,
0b8233b8ade04626a960d0c983707456,duckdb,1.5.3,tpch,10,c8gd.4xlarge,analytical,bench_8ffb0860,q16,1,2026-06-16T16:48:28.252957+00:00,2026-06-16T16:48:29.217312+00:00,,,27840,,,,,
0b8233b8ade04626a960d0c983707456,duckdb,1.5.3,tpch,10,c8gd.4xlarge,analytical,bench_8ffb0860,q16,2,2026-06-16T16:48:29.218925+00:00,2026-06-16T16:48:30.119659+00:00,,,27840,,,,,
0b8233b8ade04626a960d0c983707456,duckdb,1.5.3,tpch,10,c8gd.4xlarge,analytical,bench_8ffb0860,q17,0,2026-06-16T16:48:31.684703+00:00,2026-06-16T16:48:33.202033+00:00,true,,1,,,,,
0b8233b8ade04626a960d0c983707456,duckdb,1.5.3,tpch,10,c8gd.4xlarge,analytical,bench_8ffb0860,q17,1,2026-06-16T16:48:33.202389+00:00,2026-06-16T16:48:34.794448+00:00,,,1,,,,,
0b8233b8ade04626a960d0c983707456,duckdb,1.5.3,tpch,10,c8gd.4xlarge,analytical,bench_8ffb0860,q17,2,2026-06-16T16:48:34.794528+00:00,2026-06-16T16:48:36.372404+00:00,,,1,,,,,
0b8233b8ade04626a960d0c983707456,duckdb,1.5.3,tpch,10,c8gd.4xlarge,analytical,bench_8ffb0860,q18,0,2026-06-16T16:48:38.110749+00:00,2026-06-16T16:48:39.869274+00:00,true,,100,,,,,
0b8233b8ade04626a960d0c983707456,duckdb,1.5.3,tpch,10,c8gd.4xlarge,analytical,bench_8ffb0860,q18,1,2026-06-16T16:48:39.870314+00:00,2026-06-16T16:48:41.720133+00:00,,,100,,,,,
0b8233b8ade04626a960d0c983707456,duckdb,1.5.3,tpch,10,c8gd.4xlarge,analytical,bench_8ffb0860,q18,2,2026-06-16T16:48:41.720283+00:00,2026-06-16T16:48:43.451031+00:00,,,100,,,,,
0b8233b8ade04626a960d0c983707456,duckdb,1.5.3,tpch,10,c8gd.4xlarge,analytical,bench_8ffb0860,q19,0,2026-06-16T16:48:44.857301+00:00,2026-06-16T16:48:46.135513+00:00,true,,1,,,,,
0b8233b8ade04626a960d0c983707456,duckdb,1.5.3,tpch,10,c8gd.4xlarge,analytical,bench_8ffb0860,q19,1,2026-06-16T16:48:46.135888+00:00,2026-06-16T16:48:47.408706+00:00,,,1,,,,,
0b8233b8ade04626a960d0c983707456,duckdb,1.5.3,tpch,10,c8gd.4xlarge,analytical,bench_8ffb0860,q19,2,2026-06-16T16:48:47.408780+00:00,2026-06-16T16:48:48.651490+00:00,,,1,,,,,
0b8233b8ade04626a960d0c983707456,duckdb,1.5.3,tpch,10,c8gd.4xlarge,analytical,bench_8ffb0860,q20,0,2026-06-16T16:48:50.530025+00:00,2026-06-16T16:48:52.301252+00:00,true,,1804,,,,,
0b8233b8ade04626a960d0c983707456,duckdb,1.5.3,tpch,10,c8gd.4xlarge,analytical,bench_8ffb0860,q20,1,2026-06-16T16:48:52.307692+00:00,2026-06-16T16:48:54.169903+00:00,,,1804,,,,,
0b8233b8ade04626a960d0c983707456,duckdb,1.5.3,tpch,10,c8gd.4xlarge,analytical,bench_8ffb0860,q20,2,2026-06-16T16:48:54.170063+00:00,2026-06-16T16:48:55.908350+00:00,,,1804,,,,,
0b8233b8ade04626a960d0c983707456,duckdb,1.5.3,tpch,10,c8gd.4xlarge,analytical,bench_8ffb0860,q21,0,2026-06-16T16:48:58.475279+00:00,2026-06-16T16:49:00.991467+00:00,true,,100,,,,,
0b8233b8ade04626a960d0c983707456,duckdb,1.5.3,tpch,10,c8gd.4xlarge,analytical,bench_8ffb0860,q21,1,2026-06-16T16:49:00.992178+00:00,2026-06-16T16:49:03.535252+00:00,,,100,,,,,
0b8233b8ade04626a960d0c983707456,duckdb,1.5.3,tpch,10,c8gd.4xlarge,analytical,bench_8ffb0860,q21,2,2026-06-16T16:49:03.535337+00:00,2026-06-16T16:49:06.217944+00:00,,,100,,,,,
0b8233b8ade04626a960d0c983707456,duckdb,1.5.3,tpch,10,c8gd.4xlarge,analytical,bench_8ffb0860,q22,0,2026-06-16T16:49:07.338259+00:00,2026-06-16T16:49:08.433624+00:00,true,,7,,,,,
0b8233b8ade04626a960d0c983707456,duckdb,1.5.3,tpch,10,c8gd.4xlarge,analytical,bench_8ffb0860,q22,1,2026-06-16T16:49:08.434050+00:00,2026-06-16T16:49:09.547542+00:00,,,7,,,,,
0b8233b8ade04626a960d0c983707456,duckdb,1.5.3,tpch,10,c8gd.4xlarge,analytical,bench_8ffb0860,q22,2,2026-06-16T16:49:09.547619+00:00,2026-06-16T16:49:10.627090+00:00,,,7,,,,,
dfcb6f72f5c849e19898bc93b60a8b9a,spark,4.1.2,tpch,10,c8gd.4xlarge,analytical,bench_f3cdf7ee,q01,0,2026-06-16T16:56:21.027139+00:00,2026-06-16T16:56:30.817167+00:00,true,,4,,,,,
dfcb6f72f5c849e19898bc93b60a8b9a,spark,4.1.2,tpch,10,c8gd.4xlarge,analytical,bench_f3cdf7ee,q01,1,2026-06-16T16:56:30.817437+00:00,2026-06-16T16:56:40.499801+00:00,,,4,,,,,
dfcb6f72f5c849e19898bc93b60a8b9a,spark,4.1.2,tpch,10,c8gd.4xlarge,analytical,bench_f3cdf7ee,q01,2,2026-06-16T16:56:40.499863+00:00,2026-06-16T16:56:50.147338+00:00,,,4,,,,,
dfcb6f72f5c849e19898bc93b60a8b9a,spark,4.1.2,tpch,10,c8gd.4xlarge,analytical,bench_f3cdf7ee,q02,0,2026-06-16T16:56:53.672284+00:00,2026-06-16T16:56:55.894690+00:00,true,,100,,,,,
dfcb6f72f5c849e19898bc93b60a8b9a,spark,4.1.2,tpch,10,c8gd.4xlarge,analytical,bench_f3cdf7ee,q02,1,2026-06-16T16:56:55.895908+00:00,2026-06-16T16:56:57.969614+00:00,,,100,,,,,
dfcb6f72f5c849e19898bc93b60a8b9a,spark,4.1.2,tpch,10,c8gd.4xlarge,analytical,bench_f3cdf7ee,q02,2,2026-06-16T16:56:57.969675+00:00,2026-06-16T16:56:59.994371+00:00,,,100,,,,,
dfcb6f72f5c849e19898bc93b60a8b9a,spark,4.1.2,tpch,10,c8gd.4xlarge,analytical,bench_f3cdf7ee,q03,0,2026-06-16T16:57:09.087353+00:00,2026-06-16T16:57:16.571270+00:00,true,,10,,,,,
dfcb6f72f5c849e19898bc93b60a8b9a,spark,4.1.2,tpch,10,c8gd.4xlarge,analytical,bench_f3cdf7ee,q03,1,2026-06-16T16:57:16.571472+00:00,2026-06-16T16:57:23.997188+00:00,,,10,,,,,
dfcb6f72f5c849e19898bc93b60a8b9a,spark,4.1.2,tpch,10,c8gd.4xlarge,analytical,bench_f3cdf7ee,q03,2,2026-06-16T16:57:23.997230+00:00,2026-06-16T16:57:31.512560+00:00,,,10,,,,,
dfcb6f72f5c849e19898bc93b60a8b9a,spark,4.1.2,tpch,10,c8gd.4xlarge,analytical,bench_f3cdf7ee,q04,0,2026-06-16T16:57:38.627680+00:00,2026-06-16T16:57:45.537887+00:00,true,,5,,,,,
dfcb6f72f5c849e19898bc93b60a8b9a,spark,4.1.2,tpch,10,c8gd.4xlarge,analytical,bench_f3cdf7ee,q04,1,2026-06-16T16:57:45.538057+00:00,2026-06-16T16:57:52.328842+00:00,,,5,,,,,
dfcb6f72f5c849e19898bc93b60a8b9a,spark,4.1.2,tpch,10,c8gd.4xlarge,analytical,bench_f3cdf7ee,q04,2,2026-06-16T16:57:52.328911+00:00,2026-06-16T16:57:59.181725+00:00,,,5,,,,,
dfcb6f72f5c849e19898bc93b60a8b9a,spark,4.1.2,tpch,10,c8gd.4xlarge,analytical,bench_f3cdf7ee,q05,0,2026-06-16T16:58:08.426072+00:00,2026-06-16T16:58:16.944907+00:00,true,,5,,,,,
dfcb6f72f5c849e19898bc93b60a8b9a,spark,4.1.2,tpch,10,c8gd.4xlarge,analytical,bench_f3cdf7ee,q05,1,2026-06-16T16:58:16.945207+00:00,2026-06-16T16:58:25.344756+00:00,,,5,,,,,
dfcb6f72f5c849e19898bc93b60a8b9a,spark,4.1.2,tpch,10,c8gd.4xlarge,analytical,bench_f3cdf7ee,q05,2,2026-06-16T16:58:25.344805+00:00,2026-06-16T16:58:33.687575+00:00,,,5,,,,,
dfcb6f72f5c849e19898bc93b60a8b9a,spark,4.1.2,tpch,10,c8gd.4xlarge,analytical,bench_f3cdf7ee,q06,0,2026-06-16T16:58:40.337407+00:00,2026-06-16T16:58:46.952116+00:00,true,,1,,,,,
dfcb6f72f5c849e19898bc93b60a8b9a,spark,4.1.2,tpch,10,c8gd.4xlarge,analytical,bench_f3cdf7ee,q06,1,2026-06-16T16:58:46.952403+00:00,2026-06-16T16:58:53.537374+00:00,,,1,,,,,
dfcb6f72f5c849e19898bc93b60a8b9a,spark,4.1.2,tpch,10,c8gd.4xlarge,analytical,bench_f3cdf7ee,q06,2,2026-06-16T16:58:53.537421+00:00,2026-06-16T16:59:00.190848+00:00,,,1,,,,,
dfcb6f72f5c849e19898bc93b60a8b9a,spark,4.1.2,tpch,10,c8gd.4xlarge,analytical,bench_f3cdf7ee,q07,0,2026-06-16T16:59:09.953192+00:00,2026-06-16T16:59:18.416976+00:00,true,,4,,,,,
dfcb6f72f5c849e19898bc93b60a8b9a,spark,4.1.2,tpch,10,c8gd.4xlarge,analytical,bench_f3cdf7ee,q07,1,2026-06-16T16:59:18.417275+00:00,2026-06-16T16:59:26.657843+00:00,,,4,,,,,
dfcb6f72f5c849e19898bc93b60a8b9a,spark,4.1.2,tpch,10,c8gd.4xlarge,analytical,bench_f3cdf7ee,q07,2,2026-06-16T16:59:26.657899+00:00,2026-06-16T16:59:34.981611+00:00,,,4,,,,,
dfcb6f72f5c849e19898bc93b60a8b9a,spark,4.1.2,tpch,10,c8gd.4xlarge,analytical,bench_f3cdf7ee,q08,0,2026-06-16T16:59:42.940577+00:00,2026-06-16T16:59:50.431800+00:00,true,,2,,,,,
dfcb6f72f5c849e19898bc93b60a8b9a,spark,4.1.2,tpch,10,c8gd.4xlarge,analytical,bench_f3cdf7ee,q08,1,2026-06-16T16:59:50.432101+00:00,2026-06-16T16:59:57.556976+00:00,,,2,,,,,
dfcb6f72f5c849e19898bc93b60a8b9a,spark,4.1.2,tpch,10,c8gd.4xlarge,analytical,bench_f3cdf7ee,q08,2,2026-06-16T16:59:57.557026+00:00,2026-06-16T17:00:04.792917+00:00,,,2,,,,,
dfcb6f72f5c849e19898bc93b60a8b9a,spark,4.1.2,tpch,10,c8gd.4xlarge,analytical,bench_f3cdf7ee,q09,0,2026-06-16T17:00:15.463022+00:00,2026-06-16T17:00:24.781403+00:00,true,,175,,,,,
dfcb6f72f5c849e19898bc93b60a8b9a,spark,4.1.2,tpch,10,c8gd.4xlarge,analytical,bench_f3cdf7ee,q09,1,2026-06-16T17:00:24.782304+00:00,2026-06-16T17:00:34.000972+00:00,,,175,,,,,
dfcb6f72f5c849e19898bc93b60a8b9a,spark,4.1.2,tpch,10,c8gd.4xlarge,analytical,bench_f3cdf7ee,q09,2,2026-06-16T17:00:34.001024+00:00,2026-06-16T17:00:43.230541+00:00,,,175,,,,,
dfcb6f72f5c849e19898bc93b60a8b9a,spark,4.1.2,tpch,10,c8gd.4xlarge,analytical,bench_f3cdf7ee,q10,0,2026-06-16T17:00:51.188633+00:00,2026-06-16T17:00:58.899035+00:00,true,,20,,,,,
dfcb6f72f5c849e19898bc93b60a8b9a,spark,4.1.2,tpch,10,c8gd.4xlarge,analytical,bench_f3cdf7ee,q10,1,2026-06-16T17:00:58.899556+00:00,2026-06-16T17:01:06.416134+00:00,,,20,,,,,
dfcb6f72f5c849e19898bc93b60a8b9a,spark,4.1.2,tpch,10,c8gd.4xlarge,analytical,bench_f3cdf7ee,q10,2,2026-06-16T17:01:06.416181+00:00,2026-06-16T17:01:13.902589+00:00,,,20,,,,,
dfcb6f72f5c849e19898bc93b60a8b9a,spark,4.1.2,tpch,10,c8gd.4xlarge,analytical,bench_f3cdf7ee,q11,0,2026-06-16T17:01:16.293287+00:00,2026-06-16T17:01:18.304657+00:00,true,,0,,,,,
dfcb6f72f5c849e19898bc93b60a8b9a,spark,4.1.2,tpch,10,c8gd.4xlarge,analytical,bench_f3cdf7ee,q11,1,2026-06-16T17:01:18.304948+00:00,2026-06-16T17:01:20.161913+00:00,,,0,,,,,
dfcb6f72f5c849e19898bc93b60a8b9a,spark,4.1.2,tpch,10,c8gd.4xlarge,analytical,bench_f3cdf7ee,q11,2,2026-06-16T17:01:20.161960+00:00,2026-06-16T17:01:22.033293+00:00,,,0,,,,,
dfcb6f72f5c849e19898bc93b60a8b9a,spark,4.1.2,tpch,10,c8gd.4xlarge,analytical,bench_f3cdf7ee,q12,0,2026-06-16T17:01:30.353332+00:00,2026-06-16T17:01:38.374502+00:00,true,,2,,,,,
dfcb6f72f5c849e19898bc93b60a8b9a,spark,4.1.2,tpch,10,c8gd.4xlarge,analytical,bench_f3cdf7ee,q12,1,2026-06-16T17:01:38.374790+00:00,2026-06-16T17:01:46.410759+00:00,,,2,,,,,
dfcb6f72f5c849e19898bc93b60a8b9a,spark,4.1.2,tpch,10,c8gd.4xlarge,analytical,bench_f3cdf7ee,q12,2,2026-06-16T17:01:46.410806+00:00,2026-06-16T17:01:54.298548+00:00,,,2,,,,,
dfcb6f72f5c849e19898bc93b60a8b9a,spark,4.1.2,tpch,10,c8gd.4xlarge,analytical,bench_f3cdf7ee,q13,0,2026-06-16T17:02:02.181276+00:00,2026-06-16T17:02:09.609574+00:00,true,,46,,,,,
dfcb6f72f5c849e19898bc93b60a8b9a,spark,4.1.2,tpch,10,c8gd.4xlarge,analytical,bench_f3cdf7ee,q13,1,2026-06-16T17:02:09.609941+00:00,2026-06-16T17:02:16.948253+00:00,,,46,,,,,
dfcb6f72f5c849e19898bc93b60a8b9a,spark,4.1.2,tpch,10,c8gd.4xlarge,analytical,bench_f3cdf7ee,q13,2,2026-06-16T17:02:16.948303+00:00,2026-06-16T17:02:24.275095+00:00,,,46,,,,,
dfcb6f72f5c849e19898bc93b60a8b9a,spark,4.1.2,tpch,10,c8gd.4xlarge,analytical,bench_f3cdf7ee,q14,0,2026-06-16T17:02:26.482429+00:00,2026-06-16T17:02:27.820944+00:00,true,,1,,,,,
dfcb6f72f5c849e19898bc93b60a8b9a,spark,4.1.2,tpch,10,c8gd.4xlarge,analytical,bench_f3cdf7ee,q14,1,2026-06-16T17:02:27.821200+00:00,2026-06-16T17:02:29.128461+00:00,,,1,,,,,
dfcb6f72f5c849e19898bc93b60a8b9a,spark,4.1.2,tpch,10,c8gd.4xlarge,analytical,bench_f3cdf7ee,q14,2,2026-06-16T17:02:29.128502+00:00,2026-06-16T17:02:30.333843+00:00,,,1,,,,,
dfcb6f72f5c849e19898bc93b60a8b9a,spark,4.1.2,tpch,10,c8gd.4xlarge,analytical,bench_f3cdf7ee,q15,0,2026-06-16T17:02:33.121025+00:00,2026-06-16T17:02:35.608204+00:00,true,,1,,,,,
dfcb6f72f5c849e19898bc93b60a8b9a,spark,4.1.2,tpch,10,c8gd.4xlarge,analytical,bench_f3cdf7ee,q15,1,2026-06-16T17:02:35.608486+00:00,2026-06-16T17:02:37.997150+00:00,,,1,,,,,
dfcb6f72f5c849e19898bc93b60a8b9a,spark,4.1.2,tpch,10,c8gd.4xlarge,analytical,bench_f3cdf7ee,q15,2,2026-06-16T17:02:37.997195+00:00,2026-06-16T17:02:40.376270+00:00,,,1,,,,,
dfcb6f72f5c849e19898bc93b60a8b9a,spark,4.1.2,tpch,10,c8gd.4xlarge,analytical,bench_f3cdf7ee,q16,0,2026-06-16T17:02:43.587829+00:00,2026-06-16T17:02:46.061517+00:00,true,,27840,,,,,
dfcb6f72f5c849e19898bc93b60a8b9a,spark,4.1.2,tpch,10,c8gd.4xlarge,analytical,bench_f3cdf7ee,q16,1,2026-06-16T17:02:46.229233+00:00,2026-06-16T17:02:48.490758+00:00,,,27840,,,,,
dfcb6f72f5c849e19898bc93b60a8b9a,spark,4.1.2,tpch,10,c8gd.4xlarge,analytical,bench_f3cdf7ee,q16,2,2026-06-16T17:02:48.492470+00:00,2026-06-16T17:02:50.796668+00:00,,,27840,,,,,
dfcb6f72f5c849e19898bc93b60a8b9a,spark,4.1.2,tpch,10,c8gd.4xlarge,analytical,bench_f3cdf7ee,q17,0,2026-06-16T17:02:59.379553+00:00,2026-06-16T17:03:07.587502+00:00,true,,1,,,,,
dfcb6f72f5c849e19898bc93b60a8b9a,spark,4.1.2,tpch,10,c8gd.4xlarge,analytical,bench_f3cdf7ee,q17,1,2026-06-16T17:03:07.587779+00:00,2026-06-16T17:03:15.705728+00:00,,,1,,,,,
dfcb6f72f5c849e19898bc93b60a8b9a,spark,4.1.2,tpch,10,c8gd.4xlarge,analytical,bench_f3cdf7ee,q17,2,2026-06-16T17:03:15.705772+00:00,2026-06-16T17:03:23.854199+00:00,,,1,,,,,
dfcb6f72f5c849e19898bc93b60a8b9a,spark,4.1.2,tpch,10,c8gd.4xlarge,analytical,bench_f3cdf7ee,q18,0,2026-06-16T17:03:32.521195+00:00,2026-06-16T17:03:40.035762+00:00,true,,100,,,,,
dfcb6f72f5c849e19898bc93b60a8b9a,spark,4.1.2,tpch,10,c8gd.4xlarge,analytical,bench_f3cdf7ee,q18,1,2026-06-16T17:03:40.036726+00:00,2026-06-16T17:03:48.002289+00:00,,,100,,,,,
dfcb6f72f5c849e19898bc93b60a8b9a,spark,4.1.2,tpch,10,c8gd.4xlarge,analytical,bench_f3cdf7ee,q18,2,2026-06-16T17:03:48.002338+00:00,2026-06-16T17:03:55.775301+00:00,,,100,,,,,
dfcb6f72f5c849e19898bc93b60a8b9a,spark,4.1.2,tpch,10,c8gd.4xlarge,analytical,bench_f3cdf7ee,q19,0,2026-06-16T17:03:57.732957+00:00,2026-06-16T17:03:59.229692+00:00,true,,1,,,,,
dfcb6f72f5c849e19898bc93b60a8b9a,spark,4.1.2,tpch,10,c8gd.4xlarge,analytical,bench_f3cdf7ee,q19,1,2026-06-16T17:03:59.229972+00:00,2026-06-16T17:04:00.671002+00:00,,,1,,,,,
dfcb6f72f5c849e19898bc93b60a8b9a,spark,4.1.2,tpch,10,c8gd.4xlarge,analytical,bench_f3cdf7ee,q19,2,2026-06-16T17:04:00.671047+00:00,2026-06-16T17:04:02.118618+00:00,,,1,,,,,
dfcb6f72f5c849e19898bc93b60a8b9a,spark,4.1.2,tpch,10,c8gd.4xlarge,analytical,bench_f3cdf7ee,q20,0,2026-06-16T17:04:04.925478+00:00,2026-06-16T17:04:07.081806+00:00,true,,1804,,,,,
dfcb6f72f5c849e19898bc93b60a8b9a,spark,4.1.2,tpch,10,c8gd.4xlarge,analytical,bench_f3cdf7ee,q20,1,2026-06-16T17:04:07.088281+00:00,2026-06-16T17:04:09.171107+00:00,,,1804,,,,,
dfcb6f72f5c849e19898bc93b60a8b9a,spark,4.1.2,tpch,10,c8gd.4xlarge,analytical,bench_f3cdf7ee,q20,2,2026-06-16T17:04:09.171213+00:00,2026-06-16T17:04:11.312974+00:00,,,1804,,,,,
dfcb6f72f5c849e19898bc93b60a8b9a,spark,4.1.2,tpch,10,c8gd.4xlarge,analytical,bench_f3cdf7ee,q21,0,2026-06-16T17:04:20.233060+00:00,2026-06-16T17:04:28.589549+00:00,true,,100,,,,,
dfcb6f72f5c849e19898bc93b60a8b9a,spark,4.1.2,tpch,10,c8gd.4xlarge,analytical,bench_f3cdf7ee,q21,1,2026-06-16T17:04:28.590077+00:00,2026-06-16T17:04:36.838728+00:00,,,100,,,,,
dfcb6f72f5c849e19898bc93b60a8b9a,spark,4.1.2,tpch,10,c8gd.4xlarge,analytical,bench_f3cdf7ee,q21,2,2026-06-16T17:04:36.838774+00:00,2026-06-16T17:04:45.185186+00:00,,,100,,,,,
dfcb6f72f5c849e19898bc93b60a8b9a,spark,4.1.2,tpch,10,c8gd.4xlarge,analytical,bench_f3cdf7ee,q22,0,2026-06-16T17:04:47.651371+00:00,2026-06-16T17:04:49.735142+00:00,true,,7,,,,,
dfcb6f72f5c849e19898bc93b60a8b9a,spark,4.1.2,tpch,10,c8gd.4xlarge,analytical,bench_f3cdf7ee,q22,1,2026-06-16T17:04:49.735441+00:00,2026-06-16T17:04:51.774214+00:00,,,7,,,,,
dfcb6f72f5c849e19898bc93b60a8b9a,spark,4.1.2,tpch,10,c8gd.4xlarge,analytical,bench_f3cdf7ee,q22,2,2026-06-16T17:04:51.774258+00:00,2026-06-16T17:04:53.779939+00:00,,,7,,,,,
fe693d0230094b12b0469e4948c1b600,duckdb,1.5.3,tpch,10,c8gd.4xlarge,analytical,bench_iceberg_sf10,q01,0,2026-06-16T17:11:48.645247+00:00,2026-06-16T17:11:52.926621+00:00,true,,4,,,,,
fe693d0230094b12b0469e4948c1b600,duckdb,1.5.3,tpch,10,c8gd.4xlarge,analytical,bench_iceberg_sf10,q01,1,2026-06-16T17:11:52.927160+00:00,2026-06-16T17:11:57.235882+00:00,,,4,,,,,
fe693d0230094b12b0469e4948c1b600,duckdb,1.5.3,tpch,10,c8gd.4xlarge,analytical,bench_iceberg_sf10,q01,2,2026-06-16T17:11:57.235964+00:00,2026-06-16T17:12:01.487338+00:00,,,4,,,,,
fe693d0230094b12b0469e4948c1b600,duckdb,1.5.3,tpch,10,c8gd.4xlarge,analytical,bench_iceberg_sf10,q02,0,2026-06-16T17:12:04.459544+00:00,2026-06-16T17:12:06.733902+00:00,true,,100,,,,,
fe693d0230094b12b0469e4948c1b600,duckdb,1.5.3,tpch,10,c8gd.4xlarge,analytical,bench_iceberg_sf10,q02,1,2026-06-16T17:12:06.735627+00:00,2026-06-16T17:12:08.988334+00:00,,,100,,,,,
fe693d0230094b12b0469e4948c1b600,duckdb,1.5.3,tpch,10,c8gd.4xlarge,analytical,bench_iceberg_sf10,q02,2,2026-06-16T17:12:08.988432+00:00,2026-06-16T17:12:11.059384+00:00,,,100,,,,,
fe693d0230094b12b0469e4948c1b600,duckdb,1.5.3,tpch,10,c8gd.4xlarge,analytical,bench_iceberg_sf10,q03,0,2026-06-16T17:12:17.504556+00:00,2026-06-16T17:12:23.370394+00:00,true,,10,,,,,
fe693d0230094b12b0469e4948c1b600,duckdb,1.5.3,tpch,10,c8gd.4xlarge,analytical,bench_iceberg_sf10,q03,1,2026-06-16T17:12:23.370986+00:00,2026-06-16T17:12:29.174130+00:00,,,10,,,,,
fe693d0230094b12b0469e4948c1b600,duckdb,1.5.3,tpch,10,c8gd.4xlarge,analytical,bench_iceberg_sf10,q03,2,2026-06-16T17:12:29.174213+00:00,2026-06-16T17:12:34.995604+00:00,,,10,,,,,
fe693d0230094b12b0469e4948c1b600,duckdb,1.5.3,tpch,10,c8gd.4xlarge,analytical,bench_iceberg_sf10,q04,0,2026-06-16T17:12:39.301945+00:00,2026-06-16T17:12:43.806484+00:00,true,,5,,,,,
fe693d0230094b12b0469e4948c1b600,duckdb,1.5.3,tpch,10,c8gd.4xlarge,analytical,bench_iceberg_sf10,q04,1,2026-06-16T17:12:43.807130+00:00,2026-06-16T17:12:48.222487+00:00,,,5,,,,,
fe693d0230094b12b0469e4948c1b600,duckdb,1.5.3,tpch,10,c8gd.4xlarge,analytical,bench_iceberg_sf10,q04,2,2026-06-16T17:12:48.222570+00:00,2026-06-16T17:12:52.643414+00:00,,,5,,,,,
fe693d0230094b12b0469e4948c1b600,duckdb,1.5.3,tpch,10,c8gd.4xlarge,analytical,bench_iceberg_sf10,q05,0,2026-06-16T17:12:58.855639+00:00,2026-06-16T17:13:04.922937+00:00,true,,5,,,,,
fe693d0230094b12b0469e4948c1b600,duckdb,1.5.3,tpch,10,c8gd.4xlarge,analytical,bench_iceberg_sf10,q05,1,2026-06-16T17:13:04.923665+00:00,2026-06-16T17:13:11.140039+00:00,,,5,,,,,
fe693d0230094b12b0469e4948c1b600,duckdb,1.5.3,tpch,10,c8gd.4xlarge,analytical,bench_iceberg_sf10,q05,2,2026-06-16T17:13:11.140119+00:00,2026-06-16T17:13:17.282580+00:00,,,5,,,,,
fe693d0230094b12b0469e4948c1b600,duckdb,1.5.3,tpch,10,c8gd.4xlarge,analytical,bench_iceberg_sf10,q06,0,2026-06-16T17:13:22.467584+00:00,2026-06-16T17:13:27.449160+00:00,true,,1,,,,,
fe693d0230094b12b0469e4948c1b600,duckdb,1.5.3,tpch,10,c8gd.4xlarge,analytical,bench_iceberg_sf10,q06,1,2026-06-16T17:13:27.449817+00:00,2026-06-16T17:13:32.279240+00:00,,,1,,,,,
fe693d0230094b12b0469e4948c1b600,duckdb,1.5.3,tpch,10,c8gd.4xlarge,analytical,bench_iceberg_sf10,q06,2,2026-06-16T17:13:32.279315+00:00,2026-06-16T17:13:37.184619+00:00,,,1,,,,,
fe693d0230094b12b0469e4948c1b600,duckdb,1.5.3,tpch,10,c8gd.4xlarge,analytical,bench_iceberg_sf10,q07,0,2026-06-16T17:13:43.803613+00:00,2026-06-16T17:13:50.233526+00:00,true,,4,,,,,
fe693d0230094b12b0469e4948c1b600,duckdb,1.5.3,tpch,10,c8gd.4xlarge,analytical,bench_iceberg_sf10,q07,1,2026-06-16T17:13:50.234378+00:00,2026-06-16T17:13:56.815569+00:00,,,4,,,,,
fe693d0230094b12b0469e4948c1b600,duckdb,1.5.3,tpch,10,c8gd.4xlarge,analytical,bench_iceberg_sf10,q07,2,2026-06-16T17:13:56.815647+00:00,2026-06-16T17:14:03.249144+00:00,,,4,,,,,
fe693d0230094b12b0469e4948c1b600,duckdb,1.5.3,tpch,10,c8gd.4xlarge,analytical,bench_iceberg_sf10,q08,0,2026-06-16T17:14:10.484468+00:00,2026-06-16T17:14:17.791000+00:00,true,,2,,,,,
fe693d0230094b12b0469e4948c1b600,duckdb,1.5.3,tpch,10,c8gd.4xlarge,analytical,bench_iceberg_sf10,q08,1,2026-06-16T17:14:17.791834+00:00,2026-06-16T17:14:24.959266+00:00,,,2,,,,,
fe693d0230094b12b0469e4948c1b600,duckdb,1.5.3,tpch,10,c8gd.4xlarge,analytical,bench_iceberg_sf10,q08,2,2026-06-16T17:14:24.959344+00:00,2026-06-16T17:14:32.241411+00:00,,,2,,,,,
fe693d0230094b12b0469e4948c1b600,duckdb,1.5.3,tpch,10,c8gd.4xlarge,analytical,bench_iceberg_sf10,q09,0,2026-06-16T17:14:39.635906+00:00,2026-06-16T17:14:47.193905+00:00,true,,175,,,,,
fe693d0230094b12b0469e4948c1b600,duckdb,1.5.3,tpch,10,c8gd.4xlarge,analytical,bench_iceberg_sf10,q09,1,2026-06-16T17:14:47.195243+00:00,2026-06-16T17:14:54.601616+00:00,,,175,,,,,
fe693d0230094b12b0469e4948c1b600,duckdb,1.5.3,tpch,10,c8gd.4xlarge,analytical,bench_iceberg_sf10,q09,2,2026-06-16T17:14:54.601714+00:00,2026-06-16T17:15:02.013078+00:00,,,175,,,,,
fe693d0230094b12b0469e4948c1b600,duckdb,1.5.3,tpch,10,c8gd.4xlarge,analytical,bench_iceberg_sf10,q10,0,2026-06-16T17:15:08.500833+00:00,2026-06-16T17:15:14.980972+00:00,true,,20,,,,,
fe693d0230094b12b0469e4948c1b600,duckdb,1.5.3,tpch,10,c8gd.4xlarge,analytical,bench_iceberg_sf10,q10,1,2026-06-16T17:15:14.982093+00:00,2026-06-16T17:15:21.432558+00:00,,,20,,,,,
fe693d0230094b12b0469e4948c1b600,duckdb,1.5.3,tpch,10,c8gd.4xlarge,analytical,bench_iceberg_sf10,q10,2,2026-06-16T17:15:21.432653+00:00,2026-06-16T17:15:27.891833+00:00,,,20,,,,,
fe693d0230094b12b0469e4948c1b600,duckdb,1.5.3,tpch,10,c8gd.4xlarge,analytical,bench_iceberg_sf10,q11,0,2026-06-16T17:15:29.541637+00:00,2026-06-16T17:15:31.195998+00:00,true,,0,,,,,
fe693d0230094b12b0469e4948c1b600,duckdb,1.5.3,tpch,10,c8gd.4xlarge,analytical,bench_iceberg_sf10,q11,1,2026-06-16T17:15:31.196471+00:00,2026-06-16T17:15:32.890370+00:00,,,0,,,,,
fe693d0230094b12b0469e4948c1b600,duckdb,1.5.3,tpch,10,c8gd.4xlarge,analytical,bench_iceberg_sf10,q11,2,2026-06-16T17:15:32.890445+00:00,2026-06-16T17:15:34.573329+00:00,,,0,,,,,
fe693d0230094b12b0469e4948c1b600,duckdb,1.5.3,tpch,10,c8gd.4xlarge,analytical,bench_iceberg_sf10,q12,0,2026-06-16T17:15:40.427833+00:00,2026-06-16T17:15:46.330283+00:00,true,,2,,,,,
fe693d0230094b12b0469e4948c1b600,duckdb,1.5.3,tpch,10,c8gd.4xlarge,analytical,bench_iceberg_sf10,q12,1,2026-06-16T17:15:46.331145+00:00,2026-06-16T17:15:52.158697+00:00,,,2,,,,,
fe693d0230094b12b0469e4948c1b600,duckdb,1.5.3,tpch,10,c8gd.4xlarge,analytical,bench_iceberg_sf10,q12,2,2026-06-16T17:15:52.158780+00:00,2026-06-16T17:15:57.975312+00:00,,,2,,,,,
fe693d0230094b12b0469e4948c1b600,duckdb,1.5.3,tpch,10,c8gd.4xlarge,analytical,bench_iceberg_sf10,q13,0,2026-06-16T17:15:59.744912+00:00,2026-06-16T17:16:01.461024+00:00,true,,46,,,,,
fe693d0230094b12b0469e4948c1b600,duckdb,1.5.3,tpch,10,c8gd.4xlarge,analytical,bench_iceberg_sf10,q13,1,2026-06-16T17:16:01.461578+00:00,2026-06-16T17:16:03.150150+00:00,,,46,,,,,
fe693d0230094b12b0469e4948c1b600,duckdb,1.5.3,tpch,10,c8gd.4xlarge,analytical,bench_iceberg_sf10,q13,2,2026-06-16T17:16:03.150235+00:00,2026-06-16T17:16:04.848088+00:00,,,46,,,,,
fe693d0230094b12b0469e4948c1b600,duckdb,1.5.3,tpch,10,c8gd.4xlarge,analytical,bench_iceberg_sf10,q14,0,2026-06-16T17:16:09.464043+00:00,2026-06-16T17:16:13.975064+00:00,true,,1,,,,,
fe693d0230094b12b0469e4948c1b600,duckdb,1.5.3,tpch,10,c8gd.4xlarge,analytical,bench_iceberg_sf10,q14,1,2026-06-16T17:16:13.975834+00:00,2026-06-16T17:16:18.613125+00:00,,,1,,,,,
fe693d0230094b12b0469e4948c1b600,duckdb,1.5.3,tpch,10,c8gd.4xlarge,analytical,bench_iceberg_sf10,q14,2,2026-06-16T17:16:18.613207+00:00,2026-06-16T17:16:23.306195+00:00,,,1,,,,,
fe693d0230094b12b0469e4948c1b600,duckdb,1.5.3,tpch,10,c8gd.4xlarge,analytical,bench_iceberg_sf10,q15,0,2026-06-16T17:16:27.638065+00:00,2026-06-16T17:16:32.071454+00:00,true,,1,,,,,
fe693d0230094b12b0469e4948c1b600,duckdb,1.5.3,tpch,10,c8gd.4xlarge,analytical,bench_iceberg_sf10,q15,1,2026-06-16T17:16:32.072336+00:00,2026-06-16T17:16:36.396798+00:00,,,1,,,,,
fe693d0230094b12b0469e4948c1b600,duckdb,1.5.3,tpch,10,c8gd.4xlarge,analytical,bench_iceberg_sf10,q15,2,2026-06-16T17:16:36.396902+00:00,2026-06-16T17:16:40.716242+00:00,,,1,,,,,
fe693d0230094b12b0469e4948c1b600,duckdb,1.5.3,tpch,10,c8gd.4xlarge,analytical,bench_iceberg_sf10,q16,0,2026-06-16T17:16:41.919982+00:00,2026-06-16T17:16:43.176265+00:00,true,,27840,,,,,
fe693d0230094b12b0469e4948c1b600,duckdb,1.5.3,tpch,10,c8gd.4xlarge,analytical,bench_iceberg_sf10,q16,1,2026-06-16T17:16:43.342652+00:00,2026-06-16T17:16:44.525983+00:00,,,27840,,,,,
fe693d0230094b12b0469e4948c1b600,duckdb,1.5.3,tpch,10,c8gd.4xlarge,analytical,bench_iceberg_sf10,q16,2,2026-06-16T17:16:44.527619+00:00,2026-06-16T17:16:45.682331+00:00,,,27840,,,,,
fe693d0230094b12b0469e4948c1b600,duckdb,1.5.3,tpch,10,c8gd.4xlarge,analytical,bench_iceberg_sf10,q17,0,2026-06-16T17:16:52.908641+00:00,2026-06-16T17:16:59.860846+00:00,true,,1,,,,,
fe693d0230094b12b0469e4948c1b600,duckdb,1.5.3,tpch,10,c8gd.4xlarge,analytical,bench_iceberg_sf10,q17,1,2026-06-16T17:16:59.862093+00:00,2026-06-16T17:17:07.003353+00:00,,,1,,,,,
fe693d0230094b12b0469e4948c1b600,duckdb,1.5.3,tpch,10,c8gd.4xlarge,analytical,bench_iceberg_sf10,q17,2,2026-06-16T17:17:07.003434+00:00,2026-06-16T17:17:14.109649+00:00,,,1,,,,,
fe693d0230094b12b0469e4948c1b600,duckdb,1.5.3,tpch,10,c8gd.4xlarge,analytical,bench_iceberg_sf10,q18,0,2026-06-16T17:17:21.846892+00:00,2026-06-16T17:17:29.656753+00:00,true,,100,,,,,
fe693d0230094b12b0469e4948c1b600,duckdb,1.5.3,tpch,10,c8gd.4xlarge,analytical,bench_iceberg_sf10,q18,1,2026-06-16T17:17:29.658554+00:00,2026-06-16T17:17:37.142942+00:00,,,100,,,,,
fe693d0230094b12b0469e4948c1b600,duckdb,1.5.3,tpch,10,c8gd.4xlarge,analytical,bench_iceberg_sf10,q18,2,2026-06-16T17:17:37.143032+00:00,2026-06-16T17:17:44.938034+00:00,,,100,,,,,
fe693d0230094b12b0469e4948c1b600,duckdb,1.5.3,tpch,10,c8gd.4xlarge,analytical,bench_iceberg_sf10,q19,0,2026-06-16T17:17:51.289164+00:00,2026-06-16T17:17:53.051821+00:00,true,,1,,,,,
fe693d0230094b12b0469e4948c1b600,duckdb,1.5.3,tpch,10,c8gd.4xlarge,analytical,bench_iceberg_sf10,q19,1,2026-06-16T17:17:53.052584+00:00,2026-06-16T17:17:54.283678+00:00,,,1,,,,,
fe693d0230094b12b0469e4948c1b600,duckdb,1.5.3,tpch,10,c8gd.4xlarge,analytical,bench_iceberg_sf10,q19,2,2026-06-16T17:17:54.283753+00:00,2026-06-16T17:17:55.530251+00:00,,,1,,,,,
fe693d0230094b12b0469e4948c1b600,duckdb,1.5.3,tpch,10,c8gd.4xlarge,analytical,bench_iceberg_sf10,q20,0,2026-06-16T17:17:57.671314+00:00,2026-06-16T17:17:59.468458+00:00,true,,1804,,,,,
fe693d0230094b12b0469e4948c1b600,duckdb,1.5.3,tpch,10,c8gd.4xlarge,analytical,bench_iceberg_sf10,q20,1,2026-06-16T17:17:59.476134+00:00,2026-06-16T17:18:01.168808+00:00,,,1804,,,,,
fe693d0230094b12b0469e4948c1b600,duckdb,1.5.3,tpch,10,c8gd.4xlarge,analytical,bench_iceberg_sf10,q20,2,2026-06-16T17:18:01.168994+00:00,2026-06-16T17:18:02.833661+00:00,,,1804,,,,,
fe693d0230094b12b0469e4948c1b600,duckdb,1.5.3,tpch,10,c8gd.4xlarge,analytical,bench_iceberg_sf10,q21,0,2026-06-16T17:18:05.672218+00:00,2026-06-16T17:18:08.248342+00:00,true,,100,,,,,
fe693d0230094b12b0469e4948c1b600,duckdb,1.5.3,tpch,10,c8gd.4xlarge,analytical,bench_iceberg_sf10,q21,1,2026-06-16T17:18:08.249089+00:00,2026-06-16T17:18:10.731187+00:00,,,100,,,,,
fe693d0230094b12b0469e4948c1b600,duckdb,1.5.3,tpch,10,c8gd.4xlarge,analytical,bench_iceberg_sf10,q21,2,2026-06-16T17:18:10.731267+00:00,2026-06-16T17:18:13.466349+00:00,,,100,,,,,
fe693d0230094b12b0469e4948c1b600,duckdb,1.5.3,tpch,10,c8gd.4xlarge,analytical,bench_iceberg_sf10,q22,0,2026-06-16T17:18:14.595582+00:00,2026-06-16T17:18:15.709822+00:00,true,,7,,,,,
fe693d0230094b12b0469e4948c1b600,duckdb,1.5.3,tpch,10,c8gd.4xlarge,analytical,bench_iceberg_sf10,q22,1,2026-06-16T17:18:15.710384+00:00,2026-06-16T17:18:16.803572+00:00,,,7,,,,,
fe693d0230094b12b0469e4948c1b600,duckdb,1.5.3,tpch,10,c8gd.4xlarge,analytical,bench_iceberg_sf10,q22,2,2026-06-16T17:18:16.803650+00:00,2026-06-16T17:18:17.903103+00:00,,,7,,,,,
4be6906bba0b45ff992b675a8fe57b9d,duckdb,1.5.3,tpch,10,c8gd.4xlarge,analytical,bench_iceberg_sf10,q01,0,2026-06-16T17:18:19.456003+00:00,2026-06-16T17:18:20.330408+00:00,true,,4,,,,,
4be6906bba0b45ff992b675a8fe57b9d,duckdb,1.5.3,tpch,10,c8gd.4xlarge,analytical,bench_iceberg_sf10,q01,1,2026-06-16T17:18:20.330732+00:00,2026-06-16T17:18:21.206011+00:00,,,4,,,,,
4be6906bba0b45ff992b675a8fe57b9d,duckdb,1.5.3,tpch,10,c8gd.4xlarge,analytical,bench_iceberg_sf10,q01,2,2026-06-16T17:18:21.206087+00:00,2026-06-16T17:18:22.085144+00:00,,,4,,,,,
4be6906bba0b45ff992b675a8fe57b9d,duckdb,1.5.3,tpch,10,c8gd.4xlarge,analytical,bench_iceberg_sf10,q02,0,2026-06-16T17:18:23.957219+00:00,2026-06-16T17:18:25.708750+00:00,true,,100,,,,,
4be6906bba0b45ff992b675a8fe57b9d,duckdb,1.5.3,tpch,10,c8gd.4xlarge,analytical,bench_iceberg_sf10,q02,1,2026-06-16T17:18:25.710197+00:00,2026-06-16T17:18:27.339427+00:00,,,100,,,,,
4be6906bba0b45ff992b675a8fe57b9d,duckdb,1.5.3,tpch,10,c8gd.4xlarge,analytical,bench_iceberg_sf10,q02,2,2026-06-16T17:18:27.339525+00:00,2026-06-16T17:18:29.100144+00:00,,,100,,,,,
4be6906bba0b45ff992b675a8fe57b9d,duckdb,1.5.3,tpch,10,c8gd.4xlarge,analytical,bench_iceberg_sf10,q03,0,2026-06-16T17:18:31.001643+00:00,2026-06-16T17:18:32.679646+00:00,true,,10,,,,,
4be6906bba0b45ff992b675a8fe57b9d,duckdb,1.5.3,tpch,10,c8gd.4xlarge,analytical,bench_iceberg_sf10,q03,1,2026-06-16T17:18:32.680035+00:00,2026-06-16T17:18:34.340711+00:00,,,10,,,,,
4be6906bba0b45ff992b675a8fe57b9d,duckdb,1.5.3,tpch,10,c8gd.4xlarge,analytical,bench_iceberg_sf10,q03,2,2026-06-16T17:18:34.340794+00:00,2026-06-16T17:18:36.049280+00:00,,,10,,,,,
4be6906bba0b45ff992b675a8fe57b9d,duckdb,1.5.3,tpch,10,c8gd.4xlarge,analytical,bench_iceberg_sf10,q04,0,2026-06-16T17:18:36.972745+00:00,2026-06-16T17:18:37.878114+00:00,true,,5,,,,,
4be6906bba0b45ff992b675a8fe57b9d,duckdb,1.5.3,tpch,10,c8gd.4xlarge,analytical,bench_iceberg_sf10,q04,1,2026-06-16T17:18:37.878436+00:00,2026-06-16T17:18:38.803056+00:00,,,5,,,,,
4be6906bba0b45ff992b675a8fe57b9d,duckdb,1.5.3,tpch,10,c8gd.4xlarge,analytical,bench_iceberg_sf10,q04,2,2026-06-16T17:18:38.803133+00:00,2026-06-16T17:18:39.698067+00:00,,,5,,,,,
4be6906bba0b45ff992b675a8fe57b9d,duckdb,1.5.3,tpch,10,c8gd.4xlarge,analytical,bench_iceberg_sf10,q05,0,2026-06-16T17:18:41.954103+00:00,2026-06-16T17:18:44.125021+00:00,true,,5,,,,,
4be6906bba0b45ff992b675a8fe57b9d,duckdb,1.5.3,tpch,10,c8gd.4xlarge,analytical,bench_iceberg_sf10,q05,1,2026-06-16T17:18:44.125357+00:00,2026-06-16T17:18:46.209913+00:00,,,5,,,,,
4be6906bba0b45ff992b675a8fe57b9d,duckdb,1.5.3,tpch,10,c8gd.4xlarge,analytical,bench_iceberg_sf10,q05,2,2026-06-16T17:18:46.209991+00:00,2026-06-16T17:18:48.315051+00:00,,,5,,,,,
4be6906bba0b45ff992b675a8fe57b9d,duckdb,1.5.3,tpch,10,c8gd.4xlarge,analytical,bench_iceberg_sf10,q06,0,2026-06-16T17:18:48.967410+00:00,2026-06-16T17:18:49.665567+00:00,true,,1,,,,,
4be6906bba0b45ff992b675a8fe57b9d,duckdb,1.5.3,tpch,10,c8gd.4xlarge,analytical,bench_iceberg_sf10,q06,1,2026-06-16T17:18:49.665846+00:00,2026-06-16T17:18:50.359183+00:00,,,1,,,,,
4be6906bba0b45ff992b675a8fe57b9d,duckdb,1.5.3,tpch,10,c8gd.4xlarge,analytical,bench_iceberg_sf10,q06,2,2026-06-16T17:18:50.359262+00:00,2026-06-16T17:18:50.993152+00:00,,,1,,,,,
4be6906bba0b45ff992b675a8fe57b9d,duckdb,1.5.3,tpch,10,c8gd.4xlarge,analytical,bench_iceberg_sf10,q07,0,2026-06-16T17:18:52.874602+00:00,2026-06-16T17:18:54.745476+00:00,true,,4,,,,,
4be6906bba0b45ff992b675a8fe57b9d,duckdb,1.5.3,tpch,10,c8gd.4xlarge,analytical,bench_iceberg_sf10,q07,1,2026-06-16T17:18:54.745884+00:00,2026-06-16T17:18:56.636976+00:00,,,4,,,,,
4be6906bba0b45ff992b675a8fe57b9d,duckdb,1.5.3,tpch,10,c8gd.4xlarge,analytical,bench_iceberg_sf10,q07,2,2026-06-16T17:18:56.637057+00:00,2026-06-16T17:18:58.526399+00:00,,,4,,,,,
4be6906bba0b45ff992b675a8fe57b9d,duckdb,1.5.3,tpch,10,c8gd.4xlarge,analytical,bench_iceberg_sf10,q08,0,2026-06-16T17:19:01.113689+00:00,2026-06-16T17:19:03.901975+00:00,true,,2,,,,,
4be6906bba0b45ff992b675a8fe57b9d,duckdb,1.5.3,tpch,10,c8gd.4xlarge,analytical,bench_iceberg_sf10,q08,1,2026-06-16T17:19:03.902346+00:00,2026-06-16T17:19:06.541314+00:00,,,2,,,,,
4be6906bba0b45ff992b675a8fe57b9d,duckdb,1.5.3,tpch,10,c8gd.4xlarge,analytical,bench_iceberg_sf10,q08,2,2026-06-16T17:19:06.541392+00:00,2026-06-16T17:19:09.174017+00:00,,,2,,,,,
4be6906bba0b45ff992b675a8fe57b9d,duckdb,1.5.3,tpch,10,c8gd.4xlarge,analytical,bench_iceberg_sf10,q09,0,2026-06-16T17:19:12.132812+00:00,2026-06-16T17:19:15.054487+00:00,true,,175,,,,,
4be6906bba0b45ff992b675a8fe57b9d,duckdb,1.5.3,tpch,10,c8gd.4xlarge,analytical,bench_iceberg_sf10,q09,1,2026-06-16T17:19:15.055440+00:00,2026-06-16T17:19:17.924590+00:00,,,175,,,,,
4be6906bba0b45ff992b675a8fe57b9d,duckdb,1.5.3,tpch,10,c8gd.4xlarge,analytical,bench_iceberg_sf10,q09,2,2026-06-16T17:19:17.924684+00:00,2026-06-16T17:19:20.833619+00:00,,,175,,,,,
4be6906bba0b45ff992b675a8fe57b9d,duckdb,1.5.3,tpch,10,c8gd.4xlarge,analytical,bench_iceberg_sf10,q10,0,2026-06-16T17:19:22.770316+00:00,2026-06-16T17:19:24.573666+00:00,true,,20,,,,,
4be6906bba0b45ff992b675a8fe57b9d,duckdb,1.5.3,tpch,10,c8gd.4xlarge,analytical,bench_iceberg_sf10,q10,1,2026-06-16T17:19:24.574287+00:00,2026-06-16T17:19:26.367679+00:00,,,20,,,,,
4be6906bba0b45ff992b675a8fe57b9d,duckdb,1.5.3,tpch,10,c8gd.4xlarge,analytical,bench_iceberg_sf10,q10,2,2026-06-16T17:19:26.367765+00:00,2026-06-16T17:19:28.193748+00:00,,,20,,,,,
4be6906bba0b45ff992b675a8fe57b9d,duckdb,1.5.3,tpch,10,c8gd.4xlarge,analytical,bench_iceberg_sf10,q11,0,2026-06-16T17:19:29.554055+00:00,2026-06-16T17:19:30.908402+00:00,true,,0,,,,,
4be6906bba0b45ff992b675a8fe57b9d,duckdb,1.5.3,tpch,10,c8gd.4xlarge,analytical,bench_iceberg_sf10,q11,1,2026-06-16T17:19:30.908700+00:00,2026-06-16T17:19:32.348003+00:00,,,0,,,,,
4be6906bba0b45ff992b675a8fe57b9d,duckdb,1.5.3,tpch,10,c8gd.4xlarge,analytical,bench_iceberg_sf10,q11,2,2026-06-16T17:19:32.348083+00:00,2026-06-16T17:19:33.714592+00:00,,,0,,,,,
4be6906bba0b45ff992b675a8fe57b9d,duckdb,1.5.3,tpch,10,c8gd.4xlarge,analytical,bench_iceberg_sf10,q12,0,2026-06-16T17:19:34.883836+00:00,2026-06-16T17:19:35.963633+00:00,true,,2,,,,,
4be6906bba0b45ff992b675a8fe57b9d,duckdb,1.5.3,tpch,10,c8gd.4xlarge,analytical,bench_iceberg_sf10,q12,1,2026-06-16T17:19:35.963950+00:00,2026-06-16T17:19:36.962784+00:00,,,2,,,,,
4be6906bba0b45ff992b675a8fe57b9d,duckdb,1.5.3,tpch,10,c8gd.4xlarge,analytical,bench_iceberg_sf10,q12,2,2026-06-16T17:19:36.962873+00:00,2026-06-16T17:19:37.943268+00:00,,,2,,,,,
4be6906bba0b45ff992b675a8fe57b9d,duckdb,1.5.3,tpch,10,c8gd.4xlarge,analytical,bench_iceberg_sf10,q13,0,2026-06-16T17:19:40.771540+00:00,2026-06-16T17:19:43.585076+00:00,true,,46,,,,,
4be6906bba0b45ff992b675a8fe57b9d,duckdb,1.5.3,tpch,10,c8gd.4xlarge,analytical,bench_iceberg_sf10,q13,1,2026-06-16T17:19:43.585502+00:00,2026-06-16T17:19:46.432056+00:00,,,46,,,,,
4be6906bba0b45ff992b675a8fe57b9d,duckdb,1.5.3,tpch,10,c8gd.4xlarge,analytical,bench_iceberg_sf10,q13,2,2026-06-16T17:19:46.432142+00:00,2026-06-16T17:19:49.283990+00:00,,,46,,,,,
4be6906bba0b45ff992b675a8fe57b9d,duckdb,1.5.3,tpch,10,c8gd.4xlarge,analytical,bench_iceberg_sf10,q14,0,2026-06-16T17:19:50.449116+00:00,2026-06-16T17:19:51.584764+00:00,true,,1,,,,,
4be6906bba0b45ff992b675a8fe57b9d,duckdb,1.5.3,tpch,10,c8gd.4xlarge,analytical,bench_iceberg_sf10,q14,1,2026-06-16T17:19:51.585215+00:00,2026-06-16T17:19:52.679223+00:00,,,1,,,,,
4be6906bba0b45ff992b675a8fe57b9d,duckdb,1.5.3,tpch,10,c8gd.4xlarge,analytical,bench_iceberg_sf10,q14,2,2026-06-16T17:19:52.679304+00:00,2026-06-16T17:19:53.786832+00:00,,,1,,,,,
4be6906bba0b45ff992b675a8fe57b9d,duckdb,1.5.3,tpch,10,c8gd.4xlarge,analytical,bench_iceberg_sf10,q15,0,2026-06-16T17:19:54.741709+00:00,2026-06-16T17:19:55.719787+00:00,true,,1,,,,,
4be6906bba0b45ff992b675a8fe57b9d,duckdb,1.5.3,tpch,10,c8gd.4xlarge,analytical,bench_iceberg_sf10,q15,1,2026-06-16T17:19:55.720128+00:00,2026-06-16T17:19:56.664716+00:00,,,1,,,,,
4be6906bba0b45ff992b675a8fe57b9d,duckdb,1.5.3,tpch,10,c8gd.4xlarge,analytical,bench_iceberg_sf10,q15,2,2026-06-16T17:19:56.664793+00:00,2026-06-16T17:19:57.584089+00:00,,,1,,,,,
4be6906bba0b45ff992b675a8fe57b9d,duckdb,1.5.3,tpch,10,c8gd.4xlarge,analytical,bench_iceberg_sf10,q16,0,2026-06-16T17:19:58.583726+00:00,2026-06-16T17:19:59.546793+00:00,true,,27840,,,,,
4be6906bba0b45ff992b675a8fe57b9d,duckdb,1.5.3,tpch,10,c8gd.4xlarge,analytical,bench_iceberg_sf10,q16,1,2026-06-16T17:19:59.712541+00:00,2026-06-16T17:20:00.840660+00:00,,,27840,,,,,
4be6906bba0b45ff992b675a8fe57b9d,duckdb,1.5.3,tpch,10,c8gd.4xlarge,analytical,bench_iceberg_sf10,q16,2,2026-06-16T17:20:00.842184+00:00,2026-06-16T17:20:02.020928+00:00,,,27840,,,,,
4be6906bba0b45ff992b675a8fe57b9d,duckdb,1.5.3,tpch,10,c8gd.4xlarge,analytical,bench_iceberg_sf10,q17,0,2026-06-16T17:20:03.605750+00:00,2026-06-16T17:20:05.176992+00:00,true,,1,,,,,
4be6906bba0b45ff992b675a8fe57b9d,duckdb,1.5.3,tpch,10,c8gd.4xlarge,analytical,bench_iceberg_sf10,q17,1,2026-06-16T17:20:05.177341+00:00,2026-06-16T17:20:06.752144+00:00,,,1,,,,,
4be6906bba0b45ff992b675a8fe57b9d,duckdb,1.5.3,tpch,10,c8gd.4xlarge,analytical,bench_iceberg_sf10,q17,2,2026-06-16T17:20:06.752226+00:00,2026-06-16T17:20:08.357869+00:00,,,1,,,,,
4be6906bba0b45ff992b675a8fe57b9d,duckdb,1.5.3,tpch,10,c8gd.4xlarge,analytical,bench_iceberg_sf10,q18,0,2026-06-16T17:20:10.142357+00:00,2026-06-16T17:20:11.868574+00:00,true,,100,,,,,
4be6906bba0b45ff992b675a8fe57b9d,duckdb,1.5.3,tpch,10,c8gd.4xlarge,analytical,bench_iceberg_sf10,q18,1,2026-06-16T17:20:11.869575+00:00,2026-06-16T17:20:13.599242+00:00,,,100,,,,,
4be6906bba0b45ff992b675a8fe57b9d,duckdb,1.5.3,tpch,10,c8gd.4xlarge,analytical,bench_iceberg_sf10,q18,2,2026-06-16T17:20:13.599329+00:00,2026-06-16T17:20:15.365269+00:00,,,100,,,,,
4be6906bba0b45ff992b675a8fe57b9d,duckdb,1.5.3,tpch,10,c8gd.4xlarge,analytical,bench_iceberg_sf10,q19,0,2026-06-16T17:20:16.822469+00:00,2026-06-16T17:20:18.066641+00:00,true,,1,,,,,
4be6906bba0b45ff992b675a8fe57b9d,duckdb,1.5.3,tpch,10,c8gd.4xlarge,analytical,bench_iceberg_sf10,q19,1,2026-06-16T17:20:18.067038+00:00,2026-06-16T17:20:19.351609+00:00,,,1,,,,,
4be6906bba0b45ff992b675a8fe57b9d,duckdb,1.5.3,tpch,10,c8gd.4xlarge,analytical,bench_iceberg_sf10,q19,2,2026-06-16T17:20:19.351685+00:00,2026-06-16T17:20:20.667118+00:00,,,1,,,,,
4be6906bba0b45ff992b675a8fe57b9d,duckdb,1.5.3,tpch,10,c8gd.4xlarge,analytical,bench_iceberg_sf10,q20,0,2026-06-16T17:20:22.397499+00:00,2026-06-16T17:20:24.144229+00:00,true,,1804,,,,,
4be6906bba0b45ff992b675a8fe57b9d,duckdb,1.5.3,tpch,10,c8gd.4xlarge,analytical,bench_iceberg_sf10,q20,1,2026-06-16T17:20:24.150554+00:00,2026-06-16T17:20:25.850029+00:00,,,1804,,,,,
4be6906bba0b45ff992b675a8fe57b9d,duckdb,1.5.3,tpch,10,c8gd.4xlarge,analytical,bench_iceberg_sf10,q20,2,2026-06-16T17:20:25.850191+00:00,2026-06-16T17:20:27.507534+00:00,,,1804,,,,,
4be6906bba0b45ff992b675a8fe57b9d,duckdb,1.5.3,tpch,10,c8gd.4xlarge,analytical,bench_iceberg_sf10,q21,0,2026-06-16T17:20:30.138517+00:00,2026-06-16T17:20:32.653363+00:00,true,,100,,,,,
4be6906bba0b45ff992b675a8fe57b9d,duckdb,1.5.3,tpch,10,c8gd.4xlarge,analytical,bench_iceberg_sf10,q21,1,2026-06-16T17:20:32.654098+00:00,2026-06-16T17:20:35.238643+00:00,,,100,,,,,
4be6906bba0b45ff992b675a8fe57b9d,duckdb,1.5.3,tpch,10,c8gd.4xlarge,analytical,bench_iceberg_sf10,q21,2,2026-06-16T17:20:35.238721+00:00,2026-06-16T17:20:37.766750+00:00,,,100,,,,,
4be6906bba0b45ff992b675a8fe57b9d,duckdb,1.5.3,tpch,10,c8gd.4xlarge,analytical,bench_iceberg_sf10,q22,0,2026-06-16T17:20:38.918997+00:00,2026-06-16T17:20:40.023119+00:00,true,,7,,,,,
4be6906bba0b45ff992b675a8fe57b9d,duckdb,1.5.3,tpch,10,c8gd.4xlarge,analytical,bench_iceberg_sf10,q22,1,2026-06-16T17:20:40.023595+00:00,2026-06-16T17:20:41.132955+00:00,,,7,,,,,
4be6906bba0b45ff992b675a8fe57b9d,duckdb,1.5.3,tpch,10,c8gd.4xlarge,analytical,bench_iceberg_sf10,q22,2,2026-06-16T17:20:41.133028+00:00,2026-06-16T17:20:42.248469+00:00,,,7,,,,,
cbdfb6a58b554611b79ba53124a44ed0,duckdb,1.5.3,tpch,10,c8gd.4xlarge,analytical,bench_iceberg_sf10,q01,0,2026-06-16T17:28:47.478531+00:00,2026-06-16T17:28:50.104342+00:00,true,,4,,,,,
cbdfb6a58b554611b79ba53124a44ed0,duckdb,1.5.3,tpch,10,c8gd.4xlarge,analytical,bench_iceberg_sf10,q01,1,2026-06-16T17:28:50.104645+00:00,2026-06-16T17:28:52.720972+00:00,,,4,,,,,
cbdfb6a58b554611b79ba53124a44ed0,duckdb,1.5.3,tpch,10,c8gd.4xlarge,analytical,bench_iceberg_sf10,q01,2,2026-06-16T17:28:52.721051+00:00,2026-06-16T17:28:55.372912+00:00,,,4,,,,,
cbdfb6a58b554611b79ba53124a44ed0,duckdb,1.5.3,tpch,10,c8gd.4xlarge,analytical,bench_iceberg_sf10,q02,0,2026-06-16T17:28:57.418909+00:00,2026-06-16T17:28:58.794956+00:00,true,,100,,,,,
cbdfb6a58b554611b79ba53124a44ed0,duckdb,1.5.3,tpch,10,c8gd.4xlarge,analytical,bench_iceberg_sf10,q02,1,2026-06-16T17:28:58.796375+00:00,2026-06-16T17:29:00.157536+00:00,,,100,,,,,
cbdfb6a58b554611b79ba53124a44ed0,duckdb,1.5.3,tpch,10,c8gd.4xlarge,analytical,bench_iceberg_sf10,q02,2,2026-06-16T17:29:00.157623+00:00,2026-06-16T17:29:01.485571+00:00,,,100,,,,,
cbdfb6a58b554611b79ba53124a44ed0,duckdb,1.5.3,tpch,10,c8gd.4xlarge,analytical,bench_iceberg_sf10,q03,0,2026-06-16T17:29:06.039174+00:00,2026-06-16T17:29:09.763679+00:00,true,,10,,,,,
cbdfb6a58b554611b79ba53124a44ed0,duckdb,1.5.3,tpch,10,c8gd.4xlarge,analytical,bench_iceberg_sf10,q03,1,2026-06-16T17:29:09.763973+00:00,2026-06-16T17:29:13.493759+00:00,,,10,,,,,
cbdfb6a58b554611b79ba53124a44ed0,duckdb,1.5.3,tpch,10,c8gd.4xlarge,analytical,bench_iceberg_sf10,q03,2,2026-06-16T17:29:13.493835+00:00,2026-06-16T17:29:17.187864+00:00,,,10,,,,,
cbdfb6a58b554611b79ba53124a44ed0,duckdb,1.5.3,tpch,10,c8gd.4xlarge,analytical,bench_iceberg_sf10,q04,0,2026-06-16T17:29:19.669095+00:00,2026-06-16T17:29:22.148580+00:00,true,,5,,,,,
cbdfb6a58b554611b79ba53124a44ed0,duckdb,1.5.3,tpch,10,c8gd.4xlarge,analytical,bench_iceberg_sf10,q04,1,2026-06-16T17:29:22.148826+00:00,2026-06-16T17:29:24.641717+00:00,,,5,,,,,
cbdfb6a58b554611b79ba53124a44ed0,duckdb,1.5.3,tpch,10,c8gd.4xlarge,analytical,bench_iceberg_sf10,q04,2,2026-06-16T17:29:24.641788+00:00,2026-06-16T17:29:27.080638+00:00,,,5,,,,,
cbdfb6a58b554611b79ba53124a44ed0,duckdb,1.5.3,tpch,10,c8gd.4xlarge,analytical,bench_iceberg_sf10,q05,0,2026-06-16T17:29:30.766023+00:00,2026-06-16T17:29:34.492948+00:00,true,,5,,,,,
cbdfb6a58b554611b79ba53124a44ed0,duckdb,1.5.3,tpch,10,c8gd.4xlarge,analytical,bench_iceberg_sf10,q05,1,2026-06-16T17:29:34.493210+00:00,2026-06-16T17:29:38.208600+00:00,,,5,,,,,
cbdfb6a58b554611b79ba53124a44ed0,duckdb,1.5.3,tpch,10,c8gd.4xlarge,analytical,bench_iceberg_sf10,q05,2,2026-06-16T17:29:38.208675+00:00,2026-06-16T17:29:41.884768+00:00,,,5,,,,,
cbdfb6a58b554611b79ba53124a44ed0,duckdb,1.5.3,tpch,10,c8gd.4xlarge,analytical,bench_iceberg_sf10,q06,0,2026-06-16T17:29:45.160561+00:00,2026-06-16T17:29:48.425752+00:00,true,,1,,,,,
cbdfb6a58b554611b79ba53124a44ed0,duckdb,1.5.3,tpch,10,c8gd.4xlarge,analytical,bench_iceberg_sf10,q06,1,2026-06-16T17:29:48.425978+00:00,2026-06-16T17:29:51.716158+00:00,,,1,,,,,
cbdfb6a58b554611b79ba53124a44ed0,duckdb,1.5.3,tpch,10,c8gd.4xlarge,analytical,bench_iceberg_sf10,q06,2,2026-06-16T17:29:51.716230+00:00,2026-06-16T17:29:55.138908+00:00,,,1,,,,,
cbdfb6a58b554611b79ba53124a44ed0,duckdb,1.5.3,tpch,10,c8gd.4xlarge,analytical,bench_iceberg_sf10,q07,0,2026-06-16T17:29:59.382852+00:00,2026-06-16T17:30:03.524112+00:00,true,,4,,,,,
cbdfb6a58b554611b79ba53124a44ed0,duckdb,1.5.3,tpch,10,c8gd.4xlarge,analytical,bench_iceberg_sf10,q07,1,2026-06-16T17:30:03.524364+00:00,2026-06-16T17:30:07.625364+00:00,,,4,,,,,
cbdfb6a58b554611b79ba53124a44ed0,duckdb,1.5.3,tpch,10,c8gd.4xlarge,analytical,bench_iceberg_sf10,q07,2,2026-06-16T17:30:07.625437+00:00,2026-06-16T17:30:11.789422+00:00,,,4,,,,,
cbdfb6a58b554611b79ba53124a44ed0,duckdb,1.5.3,tpch,10,c8gd.4xlarge,analytical,bench_iceberg_sf10,q08,0,2026-06-16T17:30:16.523085+00:00,2026-06-16T17:30:21.224482+00:00,true,,2,,,,,
cbdfb6a58b554611b79ba53124a44ed0,duckdb,1.5.3,tpch,10,c8gd.4xlarge,analytical,bench_iceberg_sf10,q08,1,2026-06-16T17:30:21.224706+00:00,2026-06-16T17:30:25.887083+00:00,,,2,,,,,
cbdfb6a58b554611b79ba53124a44ed0,duckdb,1.5.3,tpch,10,c8gd.4xlarge,analytical,bench_iceberg_sf10,q08,2,2026-06-16T17:30:25.887160+00:00,2026-06-16T17:30:30.701209+00:00,,,2,,,,,
cbdfb6a58b554611b79ba53124a44ed0,duckdb,1.5.3,tpch,10,c8gd.4xlarge,analytical,bench_iceberg_sf10,q09,0,2026-06-16T17:30:35.611591+00:00,2026-06-16T17:30:40.528211+00:00,true,,175,,,,,
cbdfb6a58b554611b79ba53124a44ed0,duckdb,1.5.3,tpch,10,c8gd.4xlarge,analytical,bench_iceberg_sf10,q09,1,2026-06-16T17:30:40.529120+00:00,2026-06-16T17:30:45.375470+00:00,,,175,,,,,
cbdfb6a58b554611b79ba53124a44ed0,duckdb,1.5.3,tpch,10,c8gd.4xlarge,analytical,bench_iceberg_sf10,q09,2,2026-06-16T17:30:45.375560+00:00,2026-06-16T17:30:50.392189+00:00,,,175,,,,,
cbdfb6a58b554611b79ba53124a44ed0,duckdb,1.5.3,tpch,10,c8gd.4xlarge,analytical,bench_iceberg_sf10,q10,0,2026-06-16T17:30:54.846988+00:00,2026-06-16T17:30:59.027594+00:00,true,,20,,,,,
cbdfb6a58b554611b79ba53124a44ed0,duckdb,1.5.3,tpch,10,c8gd.4xlarge,analytical,bench_iceberg_sf10,q10,1,2026-06-16T17:30:59.028058+00:00,2026-06-16T17:31:03.400176+00:00,,,20,,,,,
cbdfb6a58b554611b79ba53124a44ed0,duckdb,1.5.3,tpch,10,c8gd.4xlarge,analytical,bench_iceberg_sf10,q10,2,2026-06-16T17:31:03.400262+00:00,2026-06-16T17:31:07.693244+00:00,,,20,,,,,
cbdfb6a58b554611b79ba53124a44ed0,duckdb,1.5.3,tpch,10,c8gd.4xlarge,analytical,bench_iceberg_sf10,q11,0,2026-06-16T17:31:08.433870+00:00,2026-06-16T17:31:09.097538+00:00,true,,0,,,,,
cbdfb6a58b554611b79ba53124a44ed0,duckdb,1.5.3,tpch,10,c8gd.4xlarge,analytical,bench_iceberg_sf10,q11,1,2026-06-16T17:31:09.097764+00:00,2026-06-16T17:31:09.794448+00:00,,,0,,,,,
cbdfb6a58b554611b79ba53124a44ed0,duckdb,1.5.3,tpch,10,c8gd.4xlarge,analytical,bench_iceberg_sf10,q11,2,2026-06-16T17:31:09.794522+00:00,2026-06-16T17:31:10.474765+00:00,,,0,,,,,
cbdfb6a58b554611b79ba53124a44ed0,duckdb,1.5.3,tpch,10,c8gd.4xlarge,analytical,bench_iceberg_sf10,q12,0,2026-06-16T17:31:14.336124+00:00,2026-06-16T17:31:18.152582+00:00,true,,2,,,,,
cbdfb6a58b554611b79ba53124a44ed0,duckdb,1.5.3,tpch,10,c8gd.4xlarge,analytical,bench_iceberg_sf10,q12,1,2026-06-16T17:31:18.152826+00:00,2026-06-16T17:31:21.934787+00:00,,,2,,,,,
cbdfb6a58b554611b79ba53124a44ed0,duckdb,1.5.3,tpch,10,c8gd.4xlarge,analytical,bench_iceberg_sf10,q12,2,2026-06-16T17:31:21.934875+00:00,2026-06-16T17:31:25.767503+00:00,,,2,,,,,
cbdfb6a58b554611b79ba53124a44ed0,duckdb,1.5.3,tpch,10,c8gd.4xlarge,analytical,bench_iceberg_sf10,q13,0,2026-06-16T17:31:26.713699+00:00,2026-06-16T17:31:27.676223+00:00,true,,46,,,,,
cbdfb6a58b554611b79ba53124a44ed0,duckdb,1.5.3,tpch,10,c8gd.4xlarge,analytical,bench_iceberg_sf10,q13,1,2026-06-16T17:31:27.676536+00:00,2026-06-16T17:31:28.634017+00:00,,,46,,,,,
cbdfb6a58b554611b79ba53124a44ed0,duckdb,1.5.3,tpch,10,c8gd.4xlarge,analytical,bench_iceberg_sf10,q13,2,2026-06-16T17:31:28.634094+00:00,2026-06-16T17:31:29.577541+00:00,,,46,,,,,
cbdfb6a58b554611b79ba53124a44ed0,duckdb,1.5.3,tpch,10,c8gd.4xlarge,analytical,bench_iceberg_sf10,q14,0,2026-06-16T17:31:32.388990+00:00,2026-06-16T17:31:35.182318+00:00,true,,1,,,,,
cbdfb6a58b554611b79ba53124a44ed0,duckdb,1.5.3,tpch,10,c8gd.4xlarge,analytical,bench_iceberg_sf10,q14,1,2026-06-16T17:31:35.182544+00:00,2026-06-16T17:31:38.057095+00:00,,,1,,,,,
cbdfb6a58b554611b79ba53124a44ed0,duckdb,1.5.3,tpch,10,c8gd.4xlarge,analytical,bench_iceberg_sf10,q14,2,2026-06-16T17:31:38.057170+00:00,2026-06-16T17:31:40.835119+00:00,,,1,,,,,
cbdfb6a58b554611b79ba53124a44ed0,duckdb,1.5.3,tpch,10,c8gd.4xlarge,analytical,bench_iceberg_sf10,q15,0,2026-06-16T17:31:43.526749+00:00,2026-06-16T17:31:46.195820+00:00,true,,1,,,,,
cbdfb6a58b554611b79ba53124a44ed0,duckdb,1.5.3,tpch,10,c8gd.4xlarge,analytical,bench_iceberg_sf10,q15,1,2026-06-16T17:31:46.196059+00:00,2026-06-16T17:31:48.878041+00:00,,,1,,,,,
cbdfb6a58b554611b79ba53124a44ed0,duckdb,1.5.3,tpch,10,c8gd.4xlarge,analytical,bench_iceberg_sf10,q15,2,2026-06-16T17:31:48.878113+00:00,2026-06-16T17:31:51.568352+00:00,,,1,,,,,
cbdfb6a58b554611b79ba53124a44ed0,duckdb,1.5.3,tpch,10,c8gd.4xlarge,analytical,bench_iceberg_sf10,q16,0,2026-06-16T17:31:52.278334+00:00,2026-06-16T17:31:52.955965+00:00,true,,27840,,,,,
cbdfb6a58b554611b79ba53124a44ed0,duckdb,1.5.3,tpch,10,c8gd.4xlarge,analytical,bench_iceberg_sf10,q16,1,2026-06-16T17:31:53.110721+00:00,2026-06-16T17:31:53.777976+00:00,,,27840,,,,,
cbdfb6a58b554611b79ba53124a44ed0,duckdb,1.5.3,tpch,10,c8gd.4xlarge,analytical,bench_iceberg_sf10,q16,2,2026-06-16T17:31:53.779282+00:00,2026-06-16T17:31:54.437533+00:00,,,27840,,,,,
cbdfb6a58b554611b79ba53124a44ed0,duckdb,1.5.3,tpch,10,c8gd.4xlarge,analytical,bench_iceberg_sf10,q17,0,2026-06-16T17:31:58.396012+00:00,2026-06-16T17:32:02.311184+00:00,true,,1,,,,,
cbdfb6a58b554611b79ba53124a44ed0,duckdb,1.5.3,tpch,10,c8gd.4xlarge,analytical,bench_iceberg_sf10,q17,1,2026-06-16T17:32:02.311422+00:00,2026-06-16T17:32:06.277631+00:00,,,1,,,,,
cbdfb6a58b554611b79ba53124a44ed0,duckdb,1.5.3,tpch,10,c8gd.4xlarge,analytical,bench_iceberg_sf10,q17,2,2026-06-16T17:32:06.277704+00:00,2026-06-16T17:32:10.243175+00:00,,,1,,,,,
cbdfb6a58b554611b79ba53124a44ed0,duckdb,1.5.3,tpch,10,c8gd.4xlarge,analytical,bench_iceberg_sf10,q18,0,2026-06-16T17:32:14.395412+00:00,2026-06-16T17:32:18.464386+00:00,true,,100,,,,,
cbdfb6a58b554611b79ba53124a44ed0,duckdb,1.5.3,tpch,10,c8gd.4xlarge,analytical,bench_iceberg_sf10,q18,1,2026-06-16T17:32:18.465286+00:00,2026-06-16T17:32:22.524263+00:00,,,100,,,,,
cbdfb6a58b554611b79ba53124a44ed0,duckdb,1.5.3,tpch,10,c8gd.4xlarge,analytical,bench_iceberg_sf10,q18,2,2026-06-16T17:32:22.524346+00:00,2026-06-16T17:32:26.574331+00:00,,,100,,,,,
cbdfb6a58b554611b79ba53124a44ed0,duckdb,1.5.3,tpch,10,c8gd.4xlarge,analytical,bench_iceberg_sf10,q19,0,2026-06-16T17:32:30.979568+00:00,2026-06-16T17:32:35.400140+00:00,true,,1,,,,,
cbdfb6a58b554611b79ba53124a44ed0,duckdb,1.5.3,tpch,10,c8gd.4xlarge,analytical,bench_iceberg_sf10,q19,1,2026-06-16T17:32:35.400383+00:00,2026-06-16T17:32:39.884845+00:00,,,1,,,,,
cbdfb6a58b554611b79ba53124a44ed0,duckdb,1.5.3,tpch,10,c8gd.4xlarge,analytical,bench_iceberg_sf10,q19,2,2026-06-16T17:32:39.884942+00:00,2026-06-16T17:32:44.272928+00:00,,,1,,,,,
cbdfb6a58b554611b79ba53124a44ed0,duckdb,1.5.3,tpch,10,c8gd.4xlarge,analytical,bench_iceberg_sf10,q20,0,2026-06-16T17:32:48.178505+00:00,2026-06-16T17:32:52.119357+00:00,true,,1804,,,,,
cbdfb6a58b554611b79ba53124a44ed0,duckdb,1.5.3,tpch,10,c8gd.4xlarge,analytical,bench_iceberg_sf10,q20,1,2026-06-16T17:32:52.125447+00:00,2026-06-16T17:32:56.070627+00:00,,,1804,,,,,
cbdfb6a58b554611b79ba53124a44ed0,duckdb,1.5.3,tpch,10,c8gd.4xlarge,analytical,bench_iceberg_sf10,q20,2,2026-06-16T17:32:56.070771+00:00,2026-06-16T17:33:00.017641+00:00,,,1804,,,,,
cbdfb6a58b554611b79ba53124a44ed0,duckdb,1.5.3,tpch,10,c8gd.4xlarge,analytical,bench_iceberg_sf10,q21,0,2026-06-16T17:33:07.971017+00:00,2026-06-16T17:33:16.039158+00:00,true,,100,,,,,
cbdfb6a58b554611b79ba53124a44ed0,duckdb,1.5.3,tpch,10,c8gd.4xlarge,analytical,bench_iceberg_sf10,q21,1,2026-06-16T17:33:16.039675+00:00,2026-06-16T17:33:24.091126+00:00,,,100,,,,,
cbdfb6a58b554611b79ba53124a44ed0,duckdb,1.5.3,tpch,10,c8gd.4xlarge,analytical,bench_iceberg_sf10,q21,2,2026-06-16T17:33:24.091209+00:00,2026-06-16T17:33:32.267616+00:00,,,100,,,,,
cbdfb6a58b554611b79ba53124a44ed0,duckdb,1.5.3,tpch,10,c8gd.4xlarge,analytical,bench_iceberg_sf10,q22,0,2026-06-16T17:33:32.938051+00:00,2026-06-16T17:33:33.630784+00:00,true,,7,,,,,
cbdfb6a58b554611b79ba53124a44ed0,duckdb,1.5.3,tpch,10,c8gd.4xlarge,analytical,bench_iceberg_sf10,q22,1,2026-06-16T17:33:33.631043+00:00,2026-06-16T17:33:34.288077+00:00,,,7,,,,,
cbdfb6a58b554611b79ba53124a44ed0,duckdb,1.5.3,tpch,10,c8gd.4xlarge,analytical,bench_iceberg_sf10,q22,2,2026-06-16T17:33:34.288152+00:00,2026-06-16T17:33:34.970313+00:00,,,7,,,,,
6a8cf81ab38c4797adc01c8f01c5a05f,duckdb,1.5.3,tpch,10,c8gd.4xlarge,analytical,bench_iceberg_sf10,q01,0,2026-06-16T17:33:38.126676+00:00,2026-06-16T17:33:40.724508+00:00,true,,4,,,,,
6a8cf81ab38c4797adc01c8f01c5a05f,duckdb,1.5.3,tpch,10,c8gd.4xlarge,analytical,bench_iceberg_sf10,q01,1,2026-06-16T17:33:40.724813+00:00,2026-06-16T17:33:43.310868+00:00,,,4,,,,,
6a8cf81ab38c4797adc01c8f01c5a05f,duckdb,1.5.3,tpch,10,c8gd.4xlarge,analytical,bench_iceberg_sf10,q01,2,2026-06-16T17:33:43.310941+00:00,2026-06-16T17:33:45.925897+00:00,,,4,,,,,
6a8cf81ab38c4797adc01c8f01c5a05f,duckdb,1.5.3,tpch,10,c8gd.4xlarge,analytical,bench_iceberg_sf10,q02,0,2026-06-16T17:33:47.292457+00:00,2026-06-16T17:33:48.609250+00:00,true,,100,,,,,
6a8cf81ab38c4797adc01c8f01c5a05f,duckdb,1.5.3,tpch,10,c8gd.4xlarge,analytical,bench_iceberg_sf10,q02,1,2026-06-16T17:33:48.610654+00:00,2026-06-16T17:33:49.947405+00:00,,,100,,,,,
6a8cf81ab38c4797adc01c8f01c5a05f,duckdb,1.5.3,tpch,10,c8gd.4xlarge,analytical,bench_iceberg_sf10,q02,2,2026-06-16T17:33:49.947494+00:00,2026-06-16T17:33:51.294585+00:00,,,100,,,,,
6a8cf81ab38c4797adc01c8f01c5a05f,duckdb,1.5.3,tpch,10,c8gd.4xlarge,analytical,bench_iceberg_sf10,q03,0,2026-06-16T17:33:55.039362+00:00,2026-06-16T17:33:58.802350+00:00,true,,10,,,,,
6a8cf81ab38c4797adc01c8f01c5a05f,duckdb,1.5.3,tpch,10,c8gd.4xlarge,analytical,bench_iceberg_sf10,q03,1,2026-06-16T17:33:58.802642+00:00,2026-06-16T17:34:02.418364+00:00,,,10,,,,,
6a8cf81ab38c4797adc01c8f01c5a05f,duckdb,1.5.3,tpch,10,c8gd.4xlarge,analytical,bench_iceberg_sf10,q03,2,2026-06-16T17:34:02.418440+00:00,2026-06-16T17:34:06.079622+00:00,,,10,,,,,
6a8cf81ab38c4797adc01c8f01c5a05f,duckdb,1.5.3,tpch,10,c8gd.4xlarge,analytical,bench_iceberg_sf10,q04,0,2026-06-16T17:34:08.538171+00:00,2026-06-16T17:34:10.993660+00:00,true,,5,,,,,
6a8cf81ab38c4797adc01c8f01c5a05f,duckdb,1.5.3,tpch,10,c8gd.4xlarge,analytical,bench_iceberg_sf10,q04,1,2026-06-16T17:34:10.993922+00:00,2026-06-16T17:34:13.426826+00:00,,,5,,,,,
6a8cf81ab38c4797adc01c8f01c5a05f,duckdb,1.5.3,tpch,10,c8gd.4xlarge,analytical,bench_iceberg_sf10,q04,2,2026-06-16T17:34:13.426909+00:00,2026-06-16T17:34:15.845982+00:00,,,5,,,,,
6a8cf81ab38c4797adc01c8f01c5a05f,duckdb,1.5.3,tpch,10,c8gd.4xlarge,analytical,bench_iceberg_sf10,q05,0,2026-06-16T17:34:19.517843+00:00,2026-06-16T17:34:23.222519+00:00,true,,5,,,,,
6a8cf81ab38c4797adc01c8f01c5a05f,duckdb,1.5.3,tpch,10,c8gd.4xlarge,analytical,bench_iceberg_sf10,q05,1,2026-06-16T17:34:23.222756+00:00,2026-06-16T17:34:26.953464+00:00,,,5,,,,,
6a8cf81ab38c4797adc01c8f01c5a05f,duckdb,1.5.3,tpch,10,c8gd.4xlarge,analytical,bench_iceberg_sf10,q05,2,2026-06-16T17:34:26.953533+00:00,2026-06-16T17:34:30.652103+00:00,,,5,,,,,
6a8cf81ab38c4797adc01c8f01c5a05f,duckdb,1.5.3,tpch,10,c8gd.4xlarge,analytical,bench_iceberg_sf10,q06,0,2026-06-16T17:34:33.943181+00:00,2026-06-16T17:34:37.269927+00:00,true,,1,,,,,
6a8cf81ab38c4797adc01c8f01c5a05f,duckdb,1.5.3,tpch,10,c8gd.4xlarge,analytical,bench_iceberg_sf10,q06,1,2026-06-16T17:34:37.270142+00:00,2026-06-16T17:34:40.502743+00:00,,,1,,,,,
6a8cf81ab38c4797adc01c8f01c5a05f,duckdb,1.5.3,tpch,10,c8gd.4xlarge,analytical,bench_iceberg_sf10,q06,2,2026-06-16T17:34:40.502816+00:00,2026-06-16T17:34:43.769012+00:00,,,1,,,,,
6a8cf81ab38c4797adc01c8f01c5a05f,duckdb,1.5.3,tpch,10,c8gd.4xlarge,analytical,bench_iceberg_sf10,q07,0,2026-06-16T17:34:47.980411+00:00,2026-06-16T17:34:52.182029+00:00,true,,4,,,,,
6a8cf81ab38c4797adc01c8f01c5a05f,duckdb,1.5.3,tpch,10,c8gd.4xlarge,analytical,bench_iceberg_sf10,q07,1,2026-06-16T17:34:52.182285+00:00,2026-06-16T17:34:56.379532+00:00,,,4,,,,,
6a8cf81ab38c4797adc01c8f01c5a05f,duckdb,1.5.3,tpch,10,c8gd.4xlarge,analytical,bench_iceberg_sf10,q07,2,2026-06-16T17:34:56.379603+00:00,2026-06-16T17:35:00.513209+00:00,,,4,,,,,
6a8cf81ab38c4797adc01c8f01c5a05f,duckdb,1.5.3,tpch,10,c8gd.4xlarge,analytical,bench_iceberg_sf10,q08,0,2026-06-16T17:35:05.247603+00:00,2026-06-16T17:35:09.903591+00:00,true,,2,,,,,
6a8cf81ab38c4797adc01c8f01c5a05f,duckdb,1.5.3,tpch,10,c8gd.4xlarge,analytical,bench_iceberg_sf10,q08,1,2026-06-16T17:35:09.903810+00:00,2026-06-16T17:35:14.557488+00:00,,,2,,,,,
6a8cf81ab38c4797adc01c8f01c5a05f,duckdb,1.5.3,tpch,10,c8gd.4xlarge,analytical,bench_iceberg_sf10,q08,2,2026-06-16T17:35:14.557557+00:00,2026-06-16T17:35:19.330467+00:00,,,2,,,,,
6a8cf81ab38c4797adc01c8f01c5a05f,duckdb,1.5.3,tpch,10,c8gd.4xlarge,analytical,bench_iceberg_sf10,q09,0,2026-06-16T17:35:24.289920+00:00,2026-06-16T17:35:29.248454+00:00,true,,175,,,,,
6a8cf81ab38c4797adc01c8f01c5a05f,duckdb,1.5.3,tpch,10,c8gd.4xlarge,analytical,bench_iceberg_sf10,q09,1,2026-06-16T17:35:29.249367+00:00,2026-06-16T17:35:34.115753+00:00,,,175,,,,,
6a8cf81ab38c4797adc01c8f01c5a05f,duckdb,1.5.3,tpch,10,c8gd.4xlarge,analytical,bench_iceberg_sf10,q09,2,2026-06-16T17:35:34.115838+00:00,2026-06-16T17:35:39.080576+00:00,,,175,,,,,
6a8cf81ab38c4797adc01c8f01c5a05f,duckdb,1.5.3,tpch,10,c8gd.4xlarge,analytical,bench_iceberg_sf10,q10,0,2026-06-16T17:35:43.286158+00:00,2026-06-16T17:35:47.502401+00:00,true,,20,,,,,
6a8cf81ab38c4797adc01c8f01c5a05f,duckdb,1.5.3,tpch,10,c8gd.4xlarge,analytical,bench_iceberg_sf10,q10,1,2026-06-16T17:35:47.502879+00:00,2026-06-16T17:35:51.694833+00:00,,,20,,,,,
6a8cf81ab38c4797adc01c8f01c5a05f,duckdb,1.5.3,tpch,10,c8gd.4xlarge,analytical,bench_iceberg_sf10,q10,2,2026-06-16T17:35:51.694931+00:00,2026-06-16T17:35:55.916297+00:00,,,20,,,,,
6a8cf81ab38c4797adc01c8f01c5a05f,duckdb,1.5.3,tpch,10,c8gd.4xlarge,analytical,bench_iceberg_sf10,q11,0,2026-06-16T17:35:56.610416+00:00,2026-06-16T17:35:57.291590+00:00,true,,0,,,,,
6a8cf81ab38c4797adc01c8f01c5a05f,duckdb,1.5.3,tpch,10,c8gd.4xlarge,analytical,bench_iceberg_sf10,q11,1,2026-06-16T17:35:57.291809+00:00,2026-06-16T17:35:57.948036+00:00,,,0,,,,,
6a8cf81ab38c4797adc01c8f01c5a05f,duckdb,1.5.3,tpch,10,c8gd.4xlarge,analytical,bench_iceberg_sf10,q11,2,2026-06-16T17:35:57.948109+00:00,2026-06-16T17:35:58.626129+00:00,,,0,,,,,
6a8cf81ab38c4797adc01c8f01c5a05f,duckdb,1.5.3,tpch,10,c8gd.4xlarge,analytical,bench_iceberg_sf10,q12,0,2026-06-16T17:36:02.486655+00:00,2026-06-16T17:36:06.273276+00:00,true,,2,,,,,
6a8cf81ab38c4797adc01c8f01c5a05f,duckdb,1.5.3,tpch,10,c8gd.4xlarge,analytical,bench_iceberg_sf10,q12,1,2026-06-16T17:36:06.273517+00:00,2026-06-16T17:36:10.064679+00:00,,,2,,,,,
6a8cf81ab38c4797adc01c8f01c5a05f,duckdb,1.5.3,tpch,10,c8gd.4xlarge,analytical,bench_iceberg_sf10,q12,2,2026-06-16T17:36:10.064752+00:00,2026-06-16T17:36:13.937968+00:00,,,2,,,,,
6a8cf81ab38c4797adc01c8f01c5a05f,duckdb,1.5.3,tpch,10,c8gd.4xlarge,analytical,bench_iceberg_sf10,q13,0,2026-06-16T17:36:14.911044+00:00,2026-06-16T17:36:15.896566+00:00,true,,46,,,,,
6a8cf81ab38c4797adc01c8f01c5a05f,duckdb,1.5.3,tpch,10,c8gd.4xlarge,analytical,bench_iceberg_sf10,q13,1,2026-06-16T17:36:15.896924+00:00,2026-06-16T17:36:16.864024+00:00,,,46,,,,,
6a8cf81ab38c4797adc01c8f01c5a05f,duckdb,1.5.3,tpch,10,c8gd.4xlarge,analytical,bench_iceberg_sf10,q13,2,2026-06-16T17:36:16.864100+00:00,2026-06-16T17:36:17.827707+00:00,,,46,,,,,
6a8cf81ab38c4797adc01c8f01c5a05f,duckdb,1.5.3,tpch,10,c8gd.4xlarge,analytical,bench_iceberg_sf10,q14,0,2026-06-16T17:36:20.628590+00:00,2026-06-16T17:36:23.408782+00:00,true,,1,,,,,
6a8cf81ab38c4797adc01c8f01c5a05f,duckdb,1.5.3,tpch,10,c8gd.4xlarge,analytical,bench_iceberg_sf10,q14,1,2026-06-16T17:36:23.409008+00:00,2026-06-16T17:36:26.175502+00:00,,,1,,,,,
6a8cf81ab38c4797adc01c8f01c5a05f,duckdb,1.5.3,tpch,10,c8gd.4xlarge,analytical,bench_iceberg_sf10,q14,2,2026-06-16T17:36:26.175570+00:00,2026-06-16T17:36:28.977072+00:00,,,1,,,,,
6a8cf81ab38c4797adc01c8f01c5a05f,duckdb,1.5.3,tpch,10,c8gd.4xlarge,analytical,bench_iceberg_sf10,q15,0,2026-06-16T17:36:31.682065+00:00,2026-06-16T17:36:34.363949+00:00,true,,1,,,,,
6a8cf81ab38c4797adc01c8f01c5a05f,duckdb,1.5.3,tpch,10,c8gd.4xlarge,analytical,bench_iceberg_sf10,q15,1,2026-06-16T17:36:34.364187+00:00,2026-06-16T17:36:37.012645+00:00,,,1,,,,,
6a8cf81ab38c4797adc01c8f01c5a05f,duckdb,1.5.3,tpch,10,c8gd.4xlarge,analytical,bench_iceberg_sf10,q15,2,2026-06-16T17:36:37.012717+00:00,2026-06-16T17:36:39.606749+00:00,,,1,,,,,
6a8cf81ab38c4797adc01c8f01c5a05f,duckdb,1.5.3,tpch,10,c8gd.4xlarge,analytical,bench_iceberg_sf10,q16,0,2026-06-16T17:36:40.276502+00:00,2026-06-16T17:36:40.942242+00:00,true,,27840,,,,,
6a8cf81ab38c4797adc01c8f01c5a05f,duckdb,1.5.3,tpch,10,c8gd.4xlarge,analytical,bench_iceberg_sf10,q16,1,2026-06-16T17:36:41.096076+00:00,2026-06-16T17:36:41.768767+00:00,,,27840,,,,,
6a8cf81ab38c4797adc01c8f01c5a05f,duckdb,1.5.3,tpch,10,c8gd.4xlarge,analytical,bench_iceberg_sf10,q16,2,2026-06-16T17:36:41.770136+00:00,2026-06-16T17:36:42.442617+00:00,,,27840,,,,,
6a8cf81ab38c4797adc01c8f01c5a05f,duckdb,1.5.3,tpch,10,c8gd.4xlarge,analytical,bench_iceberg_sf10,q17,0,2026-06-16T17:36:46.329293+00:00,2026-06-16T17:36:50.250659+00:00,true,,1,,,,,
6a8cf81ab38c4797adc01c8f01c5a05f,duckdb,1.5.3,tpch,10,c8gd.4xlarge,analytical,bench_iceberg_sf10,q17,1,2026-06-16T17:36:50.250897+00:00,2026-06-16T17:36:54.167543+00:00,,,1,,,,,
6a8cf81ab38c4797adc01c8f01c5a05f,duckdb,1.5.3,tpch,10,c8gd.4xlarge,analytical,bench_iceberg_sf10,q17,2,2026-06-16T17:36:54.167617+00:00,2026-06-16T17:36:58.062068+00:00,,,1,,,,,
6a8cf81ab38c4797adc01c8f01c5a05f,duckdb,1.5.3,tpch,10,c8gd.4xlarge,analytical,bench_iceberg_sf10,q18,0,2026-06-16T17:37:02.148774+00:00,2026-06-16T17:37:06.204876+00:00,true,,100,,,,,
6a8cf81ab38c4797adc01c8f01c5a05f,duckdb,1.5.3,tpch,10,c8gd.4xlarge,analytical,bench_iceberg_sf10,q18,1,2026-06-16T17:37:06.205773+00:00,2026-06-16T17:37:10.234289+00:00,,,100,,,,,
6a8cf81ab38c4797adc01c8f01c5a05f,duckdb,1.5.3,tpch,10,c8gd.4xlarge,analytical,bench_iceberg_sf10,q18,2,2026-06-16T17:37:10.234377+00:00,2026-06-16T17:37:14.253209+00:00,,,100,,,,,
6a8cf81ab38c4797adc01c8f01c5a05f,duckdb,1.5.3,tpch,10,c8gd.4xlarge,analytical,bench_iceberg_sf10,q19,0,2026-06-16T17:37:18.601359+00:00,2026-06-16T17:37:22.932444+00:00,true,,1,,,,,
6a8cf81ab38c4797adc01c8f01c5a05f,duckdb,1.5.3,tpch,10,c8gd.4xlarge,analytical,bench_iceberg_sf10,q19,1,2026-06-16T17:37:22.932685+00:00,2026-06-16T17:37:27.249145+00:00,,,1,,,,,
6a8cf81ab38c4797adc01c8f01c5a05f,duckdb,1.5.3,tpch,10,c8gd.4xlarge,analytical,bench_iceberg_sf10,q19,2,2026-06-16T17:37:27.249222+00:00,2026-06-16T17:37:31.636222+00:00,,,1,,,,,
6a8cf81ab38c4797adc01c8f01c5a05f,duckdb,1.5.3,tpch,10,c8gd.4xlarge,analytical,bench_iceberg_sf10,q20,0,2026-06-16T17:37:35.546964+00:00,2026-06-16T17:37:39.393367+00:00,true,,1804,,,,,
6a8cf81ab38c4797adc01c8f01c5a05f,duckdb,1.5.3,tpch,10,c8gd.4xlarge,analytical,bench_iceberg_sf10,q20,1,2026-06-16T17:37:39.399452+00:00,2026-06-16T17:37:43.203749+00:00,,,1804,,,,,
6a8cf81ab38c4797adc01c8f01c5a05f,duckdb,1.5.3,tpch,10,c8gd.4xlarge,analytical,bench_iceberg_sf10,q20,2,2026-06-16T17:37:43.203923+00:00,2026-06-16T17:37:47.207086+00:00,,,1804,,,,,
6a8cf81ab38c4797adc01c8f01c5a05f,duckdb,1.5.3,tpch,10,c8gd.4xlarge,analytical,bench_iceberg_sf10,q21,0,2026-06-16T17:37:55.097262+00:00,2026-06-16T17:38:03.144913+00:00,true,,100,,,,,
6a8cf81ab38c4797adc01c8f01c5a05f,duckdb,1.5.3,tpch,10,c8gd.4xlarge,analytical,bench_iceberg_sf10,q21,1,2026-06-16T17:38:03.145410+00:00,2026-06-16T17:38:11.031847+00:00,,,100,,,,,
6a8cf81ab38c4797adc01c8f01c5a05f,duckdb,1.5.3,tpch,10,c8gd.4xlarge,analytical,bench_iceberg_sf10,q21,2,2026-06-16T17:38:11.031939+00:00,2026-06-16T17:38:18.926165+00:00,,,100,,,,,
6a8cf81ab38c4797adc01c8f01c5a05f,duckdb,1.5.3,tpch,10,c8gd.4xlarge,analytical,bench_iceberg_sf10,q22,0,2026-06-16T17:38:19.602759+00:00,2026-06-16T17:38:20.305558+00:00,true,,7,,,,,
6a8cf81ab38c4797adc01c8f01c5a05f,duckdb,1.5.3,tpch,10,c8gd.4xlarge,analytical,bench_iceberg_sf10,q22,1,2026-06-16T17:38:20.305820+00:00,2026-06-16T17:38:21.023438+00:00,,,7,,,,,
6a8cf81ab38c4797adc01c8f01c5a05f,duckdb,1.5.3,tpch,10,c8gd.4xlarge,analytical,bench_iceberg_sf10,q22,2,2026-06-16T17:38:21.023511+00:00,2026-06-16T17:38:21.708484+00:00,,,7,,,,,
f12f11eedcb240fb90c04da734e3e78b,duckdb,1.5.3,tpch,10,c8gd.4xlarge,analytical,bench_iceberg_sf10,q01,0,2026-06-16T17:39:19.277878+00:00,2026-06-16T17:39:20.242839+00:00,true,,4,,,,,
f12f11eedcb240fb90c04da734e3e78b,duckdb,1.5.3,tpch,10,c8gd.4xlarge,analytical,bench_iceberg_sf10,q01,1,2026-06-16T17:39:20.243180+00:00,2026-06-16T17:39:21.109043+00:00,,,4,,,,,
f12f11eedcb240fb90c04da734e3e78b,duckdb,1.5.3,tpch,10,c8gd.4xlarge,analytical,bench_iceberg_sf10,q01,2,2026-06-16T17:39:21.109126+00:00,2026-06-16T17:39:21.987413+00:00,,,4,,,,,
f12f11eedcb240fb90c04da734e3e78b,duckdb,1.5.3,tpch,10,c8gd.4xlarge,analytical,bench_iceberg_sf10,q02,0,2026-06-16T17:39:24.097755+00:00,2026-06-16T17:39:25.792554+00:00,true,,100,,,,,
f12f11eedcb240fb90c04da734e3e78b,duckdb,1.5.3,tpch,10,c8gd.4xlarge,analytical,bench_iceberg_sf10,q02,1,2026-06-16T17:39:25.794145+00:00,2026-06-16T17:39:27.563693+00:00,,,100,,,,,
f12f11eedcb240fb90c04da734e3e78b,duckdb,1.5.3,tpch,10,c8gd.4xlarge,analytical,bench_iceberg_sf10,q02,2,2026-06-16T17:39:27.563793+00:00,2026-06-16T17:39:29.270847+00:00,,,100,,,,,
f12f11eedcb240fb90c04da734e3e78b,duckdb,1.5.3,tpch,10,c8gd.4xlarge,analytical,bench_iceberg_sf10,q03,0,2026-06-16T17:39:31.442270+00:00,2026-06-16T17:39:33.262087+00:00,true,,10,,,,,
f12f11eedcb240fb90c04da734e3e78b,duckdb,1.5.3,tpch,10,c8gd.4xlarge,analytical,bench_iceberg_sf10,q03,1,2026-06-16T17:39:33.262438+00:00,2026-06-16T17:39:34.958454+00:00,,,10,,,,,
f12f11eedcb240fb90c04da734e3e78b,duckdb,1.5.3,tpch,10,c8gd.4xlarge,analytical,bench_iceberg_sf10,q03,2,2026-06-16T17:39:34.958535+00:00,2026-06-16T17:39:36.729619+00:00,,,10,,,,,
f12f11eedcb240fb90c04da734e3e78b,duckdb,1.5.3,tpch,10,c8gd.4xlarge,analytical,bench_iceberg_sf10,q04,0,2026-06-16T17:39:37.688600+00:00,2026-06-16T17:39:38.618993+00:00,true,,5,,,,,
f12f11eedcb240fb90c04da734e3e78b,duckdb,1.5.3,tpch,10,c8gd.4xlarge,analytical,bench_iceberg_sf10,q04,1,2026-06-16T17:39:38.619302+00:00,2026-06-16T17:39:39.561247+00:00,,,5,,,,,
f12f11eedcb240fb90c04da734e3e78b,duckdb,1.5.3,tpch,10,c8gd.4xlarge,analytical,bench_iceberg_sf10,q04,2,2026-06-16T17:39:39.561330+00:00,2026-06-16T17:39:40.467297+00:00,,,5,,,,,
f12f11eedcb240fb90c04da734e3e78b,duckdb,1.5.3,tpch,10,c8gd.4xlarge,analytical,bench_iceberg_sf10,q05,0,2026-06-16T17:39:42.743031+00:00,2026-06-16T17:39:44.849345+00:00,true,,5,,,,,
f12f11eedcb240fb90c04da734e3e78b,duckdb,1.5.3,tpch,10,c8gd.4xlarge,analytical,bench_iceberg_sf10,q05,1,2026-06-16T17:39:44.849682+00:00,2026-06-16T17:39:46.992257+00:00,,,5,,,,,
f12f11eedcb240fb90c04da734e3e78b,duckdb,1.5.3,tpch,10,c8gd.4xlarge,analytical,bench_iceberg_sf10,q05,2,2026-06-16T17:39:46.992340+00:00,2026-06-16T17:39:49.167613+00:00,,,5,,,,,
f12f11eedcb240fb90c04da734e3e78b,duckdb,1.5.3,tpch,10,c8gd.4xlarge,analytical,bench_iceberg_sf10,q06,0,2026-06-16T17:39:49.829589+00:00,2026-06-16T17:39:50.488052+00:00,true,,1,,,,,
f12f11eedcb240fb90c04da734e3e78b,duckdb,1.5.3,tpch,10,c8gd.4xlarge,analytical,bench_iceberg_sf10,q06,1,2026-06-16T17:39:50.488374+00:00,2026-06-16T17:39:51.184064+00:00,,,1,,,,,
f12f11eedcb240fb90c04da734e3e78b,duckdb,1.5.3,tpch,10,c8gd.4xlarge,analytical,bench_iceberg_sf10,q06,2,2026-06-16T17:39:51.184141+00:00,2026-06-16T17:39:51.865575+00:00,,,1,,,,,
f12f11eedcb240fb90c04da734e3e78b,duckdb,1.5.3,tpch,10,c8gd.4xlarge,analytical,bench_iceberg_sf10,q07,0,2026-06-16T17:39:53.703426+00:00,2026-06-16T17:39:55.530440+00:00,true,,4,,,,,
f12f11eedcb240fb90c04da734e3e78b,duckdb,1.5.3,tpch,10,c8gd.4xlarge,analytical,bench_iceberg_sf10,q07,1,2026-06-16T17:39:55.530794+00:00,2026-06-16T17:39:57.417919+00:00,,,4,,,,,
f12f11eedcb240fb90c04da734e3e78b,duckdb,1.5.3,tpch,10,c8gd.4xlarge,analytical,bench_iceberg_sf10,q07,2,2026-06-16T17:39:57.417992+00:00,2026-06-16T17:39:59.332318+00:00,,,4,,,,,
f12f11eedcb240fb90c04da734e3e78b,duckdb,1.5.3,tpch,10,c8gd.4xlarge,analytical,bench_iceberg_sf10,q08,0,2026-06-16T17:40:02.076635+00:00,2026-06-16T17:40:04.856937+00:00,true,,2,,,,,
f12f11eedcb240fb90c04da734e3e78b,duckdb,1.5.3,tpch,10,c8gd.4xlarge,analytical,bench_iceberg_sf10,q08,1,2026-06-16T17:40:04.857323+00:00,2026-06-16T17:40:07.436510+00:00,,,2,,,,,
f12f11eedcb240fb90c04da734e3e78b,duckdb,1.5.3,tpch,10,c8gd.4xlarge,analytical,bench_iceberg_sf10,q08,2,2026-06-16T17:40:07.436589+00:00,2026-06-16T17:40:09.972610+00:00,,,2,,,,,
f12f11eedcb240fb90c04da734e3e78b,duckdb,1.5.3,tpch,10,c8gd.4xlarge,analytical,bench_iceberg_sf10,q09,0,2026-06-16T17:40:12.974691+00:00,2026-06-16T17:40:15.821509+00:00,true,,175,,,,,
f12f11eedcb240fb90c04da734e3e78b,duckdb,1.5.3,tpch,10,c8gd.4xlarge,analytical,bench_iceberg_sf10,q09,1,2026-06-16T17:40:15.822507+00:00,2026-06-16T17:40:18.696992+00:00,,,175,,,,,
f12f11eedcb240fb90c04da734e3e78b,duckdb,1.5.3,tpch,10,c8gd.4xlarge,analytical,bench_iceberg_sf10,q09,2,2026-06-16T17:40:18.697085+00:00,2026-06-16T17:40:21.563990+00:00,,,175,,,,,
f12f11eedcb240fb90c04da734e3e78b,duckdb,1.5.3,tpch,10,c8gd.4xlarge,analytical,bench_iceberg_sf10,q10,0,2026-06-16T17:40:23.412678+00:00,2026-06-16T17:40:25.227497+00:00,true,,20,,,,,
f12f11eedcb240fb90c04da734e3e78b,duckdb,1.5.3,tpch,10,c8gd.4xlarge,analytical,bench_iceberg_sf10,q10,1,2026-06-16T17:40:25.228062+00:00,2026-06-16T17:40:27.120358+00:00,,,20,,,,,
f12f11eedcb240fb90c04da734e3e78b,duckdb,1.5.3,tpch,10,c8gd.4xlarge,analytical,bench_iceberg_sf10,q10,2,2026-06-16T17:40:27.120441+00:00,2026-06-16T17:40:28.926436+00:00,,,20,,,,,
f12f11eedcb240fb90c04da734e3e78b,duckdb,1.5.3,tpch,10,c8gd.4xlarge,analytical,bench_iceberg_sf10,q11,0,2026-06-16T17:40:30.317334+00:00,2026-06-16T17:40:31.653983+00:00,true,,0,,,,,
f12f11eedcb240fb90c04da734e3e78b,duckdb,1.5.3,tpch,10,c8gd.4xlarge,analytical,bench_iceberg_sf10,q11,1,2026-06-16T17:40:31.654260+00:00,2026-06-16T17:40:32.970381+00:00,,,0,,,,,
f12f11eedcb240fb90c04da734e3e78b,duckdb,1.5.3,tpch,10,c8gd.4xlarge,analytical,bench_iceberg_sf10,q11,2,2026-06-16T17:40:32.970460+00:00,2026-06-16T17:40:34.303652+00:00,,,0,,,,,
f12f11eedcb240fb90c04da734e3e78b,duckdb,1.5.3,tpch,10,c8gd.4xlarge,analytical,bench_iceberg_sf10,q12,0,2026-06-16T17:40:35.510312+00:00,2026-06-16T17:40:36.650281+00:00,true,,2,,,,,
f12f11eedcb240fb90c04da734e3e78b,duckdb,1.5.3,tpch,10,c8gd.4xlarge,analytical,bench_iceberg_sf10,q12,1,2026-06-16T17:40:36.650634+00:00,2026-06-16T17:40:37.738262+00:00,,,2,,,,,
f12f11eedcb240fb90c04da734e3e78b,duckdb,1.5.3,tpch,10,c8gd.4xlarge,analytical,bench_iceberg_sf10,q12,2,2026-06-16T17:40:37.738345+00:00,2026-06-16T17:40:38.745232+00:00,,,2,,,,,
f12f11eedcb240fb90c04da734e3e78b,duckdb,1.5.3,tpch,10,c8gd.4xlarge,analytical,bench_iceberg_sf10,q13,0,2026-06-16T17:40:41.591832+00:00,2026-06-16T17:40:44.474281+00:00,true,,46,,,,,
f12f11eedcb240fb90c04da734e3e78b,duckdb,1.5.3,tpch,10,c8gd.4xlarge,analytical,bench_iceberg_sf10,q13,1,2026-06-16T17:40:44.474698+00:00,2026-06-16T17:40:47.355699+00:00,,,46,,,,,
f12f11eedcb240fb90c04da734e3e78b,duckdb,1.5.3,tpch,10,c8gd.4xlarge,analytical,bench_iceberg_sf10,q13,2,2026-06-16T17:40:47.355787+00:00,2026-06-16T17:40:50.204473+00:00,,,46,,,,,
f12f11eedcb240fb90c04da734e3e78b,duckdb,1.5.3,tpch,10,c8gd.4xlarge,analytical,bench_iceberg_sf10,q14,0,2026-06-16T17:40:51.396812+00:00,2026-06-16T17:40:52.526455+00:00,true,,1,,,,,
f12f11eedcb240fb90c04da734e3e78b,duckdb,1.5.3,tpch,10,c8gd.4xlarge,analytical,bench_iceberg_sf10,q14,1,2026-06-16T17:40:52.526788+00:00,2026-06-16T17:40:53.680669+00:00,,,1,,,,,
f12f11eedcb240fb90c04da734e3e78b,duckdb,1.5.3,tpch,10,c8gd.4xlarge,analytical,bench_iceberg_sf10,q14,2,2026-06-16T17:40:53.680746+00:00,2026-06-16T17:40:54.846014+00:00,,,1,,,,,
f12f11eedcb240fb90c04da734e3e78b,duckdb,1.5.3,tpch,10,c8gd.4xlarge,analytical,bench_iceberg_sf10,q15,0,2026-06-16T17:40:55.748259+00:00,2026-06-16T17:40:56.738757+00:00,true,,1,,,,,
f12f11eedcb240fb90c04da734e3e78b,duckdb,1.5.3,tpch,10,c8gd.4xlarge,analytical,bench_iceberg_sf10,q15,1,2026-06-16T17:40:56.739092+00:00,2026-06-16T17:40:57.759095+00:00,,,1,,,,,
f12f11eedcb240fb90c04da734e3e78b,duckdb,1.5.3,tpch,10,c8gd.4xlarge,analytical,bench_iceberg_sf10,q15,2,2026-06-16T17:40:57.759175+00:00,2026-06-16T17:40:58.754190+00:00,,,1,,,,,
f12f11eedcb240fb90c04da734e3e78b,duckdb,1.5.3,tpch,10,c8gd.4xlarge,analytical,bench_iceberg_sf10,q16,0,2026-06-16T17:40:59.758170+00:00,2026-06-16T17:41:00.756486+00:00,true,,27840,,,,,
f12f11eedcb240fb90c04da734e3e78b,duckdb,1.5.3,tpch,10,c8gd.4xlarge,analytical,bench_iceberg_sf10,q16,1,2026-06-16T17:41:00.921044+00:00,2026-06-16T17:41:01.907164+00:00,,,27840,,,,,
f12f11eedcb240fb90c04da734e3e78b,duckdb,1.5.3,tpch,10,c8gd.4xlarge,analytical,bench_iceberg_sf10,q16,2,2026-06-16T17:41:01.908742+00:00,2026-06-16T17:41:02.925721+00:00,,,27840,,,,,
f12f11eedcb240fb90c04da734e3e78b,duckdb,1.5.3,tpch,10,c8gd.4xlarge,analytical,bench_iceberg_sf10,q17,0,2026-06-16T17:41:04.557696+00:00,2026-06-16T17:41:06.188273+00:00,true,,1,,,,,
f12f11eedcb240fb90c04da734e3e78b,duckdb,1.5.3,tpch,10,c8gd.4xlarge,analytical,bench_iceberg_sf10,q17,1,2026-06-16T17:41:06.188615+00:00,2026-06-16T17:41:07.798929+00:00,,,1,,,,,
f12f11eedcb240fb90c04da734e3e78b,duckdb,1.5.3,tpch,10,c8gd.4xlarge,analytical,bench_iceberg_sf10,q17,2,2026-06-16T17:41:07.799007+00:00,2026-06-16T17:41:09.392186+00:00,,,1,,,,,
f12f11eedcb240fb90c04da734e3e78b,duckdb,1.5.3,tpch,10,c8gd.4xlarge,analytical,bench_iceberg_sf10,q18,0,2026-06-16T17:41:11.354448+00:00,2026-06-16T17:41:13.086101+00:00,true,,100,,,,,
f12f11eedcb240fb90c04da734e3e78b,duckdb,1.5.3,tpch,10,c8gd.4xlarge,analytical,bench_iceberg_sf10,q18,1,2026-06-16T17:41:13.087085+00:00,2026-06-16T17:41:14.832921+00:00,,,100,,,,,
f12f11eedcb240fb90c04da734e3e78b,duckdb,1.5.3,tpch,10,c8gd.4xlarge,analytical,bench_iceberg_sf10,q18,2,2026-06-16T17:41:14.833010+00:00,2026-06-16T17:41:16.591741+00:00,,,100,,,,,
f12f11eedcb240fb90c04da734e3e78b,duckdb,1.5.3,tpch,10,c8gd.4xlarge,analytical,bench_iceberg_sf10,q19,0,2026-06-16T17:41:18.018833+00:00,2026-06-16T17:41:19.341573+00:00,true,,1,,,,,
f12f11eedcb240fb90c04da734e3e78b,duckdb,1.5.3,tpch,10,c8gd.4xlarge,analytical,bench_iceberg_sf10,q19,1,2026-06-16T17:41:19.341957+00:00,2026-06-16T17:41:20.667006+00:00,,,1,,,,,
f12f11eedcb240fb90c04da734e3e78b,duckdb,1.5.3,tpch,10,c8gd.4xlarge,analytical,bench_iceberg_sf10,q19,2,2026-06-16T17:41:20.667081+00:00,2026-06-16T17:41:21.890375+00:00,,,1,,,,,
f12f11eedcb240fb90c04da734e3e78b,duckdb,1.5.3,tpch,10,c8gd.4xlarge,analytical,bench_iceberg_sf10,q20,0,2026-06-16T17:41:23.644482+00:00,2026-06-16T17:41:25.373936+00:00,true,,1804,,,,,
f12f11eedcb240fb90c04da734e3e78b,duckdb,1.5.3,tpch,10,c8gd.4xlarge,analytical,bench_iceberg_sf10,q20,1,2026-06-16T17:41:25.380343+00:00,2026-06-16T17:41:27.092459+00:00,,,1804,,,,,
f12f11eedcb240fb90c04da734e3e78b,duckdb,1.5.3,tpch,10,c8gd.4xlarge,analytical,bench_iceberg_sf10,q20,2,2026-06-16T17:41:27.092630+00:00,2026-06-16T17:41:28.795636+00:00,,,1804,,,,,
f12f11eedcb240fb90c04da734e3e78b,duckdb,1.5.3,tpch,10,c8gd.4xlarge,analytical,bench_iceberg_sf10,q21,0,2026-06-16T17:41:31.356426+00:00,2026-06-16T17:41:33.968966+00:00,true,,100,,,,,
f12f11eedcb240fb90c04da734e3e78b,duckdb,1.5.3,tpch,10,c8gd.4xlarge,analytical,bench_iceberg_sf10,q21,1,2026-06-16T17:41:33.969625+00:00,2026-06-16T17:41:36.498974+00:00,,,100,,,,,
f12f11eedcb240fb90c04da734e3e78b,duckdb,1.5.3,tpch,10,c8gd.4xlarge,analytical,bench_iceberg_sf10,q21,2,2026-06-16T17:41:36.499051+00:00,2026-06-16T17:41:39.139401+00:00,,,100,,,,,
f12f11eedcb240fb90c04da734e3e78b,duckdb,1.5.3,tpch,10,c8gd.4xlarge,analytical,bench_iceberg_sf10,q22,0,2026-06-16T17:41:40.283646+00:00,2026-06-16T17:41:41.402183+00:00,true,,7,,,,,
f12f11eedcb240fb90c04da734e3e78b,duckdb,1.5.3,tpch,10,c8gd.4xlarge,analytical,bench_iceberg_sf10,q22,1,2026-06-16T17:41:41.402631+00:00,2026-06-16T17:41:42.510016+00:00,,,7,,,,,
f12f11eedcb240fb90c04da734e3e78b,duckdb,1.5.3,tpch,10,c8gd.4xlarge,analytical,bench_iceberg_sf10,q22,2,2026-06-16T17:41:42.510091+00:00,2026-06-16T17:41:43.650161+00:00,,,7,,,,,
77d6d23a8e674f48bfd0a44519a2b675,spark,4.1.2,tpch,10,c8gd.4xlarge,analytical,bench_iceberg_sf10,q01,0,2026-06-16T17:48:59.467446+00:00,2026-06-16T17:49:07.118744+00:00,true,,4,,,,,
77d6d23a8e674f48bfd0a44519a2b675,spark,4.1.2,tpch,10,c8gd.4xlarge,analytical,bench_iceberg_sf10,q01,1,2026-06-16T17:49:07.119015+00:00,2026-06-16T17:49:14.569173+00:00,,,4,,,,,
77d6d23a8e674f48bfd0a44519a2b675,spark,4.1.2,tpch,10,c8gd.4xlarge,analytical,bench_iceberg_sf10,q01,2,2026-06-16T17:49:14.569227+00:00,2026-06-16T17:49:22.078249+00:00,,,4,,,,,
77d6d23a8e674f48bfd0a44519a2b675,spark,4.1.2,tpch,10,c8gd.4xlarge,analytical,bench_iceberg_sf10,q02,0,2026-06-16T17:49:25.733370+00:00,2026-06-16T17:49:27.952069+00:00,true,,100,,,,,
77d6d23a8e674f48bfd0a44519a2b675,spark,4.1.2,tpch,10,c8gd.4xlarge,analytical,bench_iceberg_sf10,q02,1,2026-06-16T17:49:27.953444+00:00,2026-06-16T17:49:30.085276+00:00,,,100,,,,,
77d6d23a8e674f48bfd0a44519a2b675,spark,4.1.2,tpch,10,c8gd.4xlarge,analytical,bench_iceberg_sf10,q02,2,2026-06-16T17:49:30.085335+00:00,2026-06-16T17:49:32.226002+00:00,,,100,,,,,
77d6d23a8e674f48bfd0a44519a2b675,spark,4.1.2,tpch,10,c8gd.4xlarge,analytical,bench_iceberg_sf10,q03,0,2026-06-16T17:49:36.730134+00:00,2026-06-16T17:49:40.077673+00:00,true,,10,,,,,
77d6d23a8e674f48bfd0a44519a2b675,spark,4.1.2,tpch,10,c8gd.4xlarge,analytical,bench_iceberg_sf10,q03,1,2026-06-16T17:49:40.077905+00:00,2026-06-16T17:49:43.538248+00:00,,,10,,,,,
77d6d23a8e674f48bfd0a44519a2b675,spark,4.1.2,tpch,10,c8gd.4xlarge,analytical,bench_iceberg_sf10,q03,2,2026-06-16T17:49:43.538291+00:00,2026-06-16T17:49:46.649663+00:00,,,10,,,,,
77d6d23a8e674f48bfd0a44519a2b675,spark,4.1.2,tpch,10,c8gd.4xlarge,analytical,bench_iceberg_sf10,q04,0,2026-06-16T17:49:49.201510+00:00,2026-06-16T17:49:51.733780+00:00,true,,5,,,,,
77d6d23a8e674f48bfd0a44519a2b675,spark,4.1.2,tpch,10,c8gd.4xlarge,analytical,bench_iceberg_sf10,q04,1,2026-06-16T17:49:51.733965+00:00,2026-06-16T17:49:54.107609+00:00,,,5,,,,,
77d6d23a8e674f48bfd0a44519a2b675,spark,4.1.2,tpch,10,c8gd.4xlarge,analytical,bench_iceberg_sf10,q04,2,2026-06-16T17:49:54.107651+00:00,2026-06-16T17:49:56.395715+00:00,,,5,,,,,
77d6d23a8e674f48bfd0a44519a2b675,spark,4.1.2,tpch,10,c8gd.4xlarge,analytical,bench_iceberg_sf10,q05,0,2026-06-16T17:50:02.115321+00:00,2026-06-16T17:50:07.330577+00:00,true,,5,,,,,
77d6d23a8e674f48bfd0a44519a2b675,spark,4.1.2,tpch,10,c8gd.4xlarge,analytical,bench_iceberg_sf10,q05,1,2026-06-16T17:50:07.330749+00:00,2026-06-16T17:50:12.390727+00:00,,,5,,,,,
77d6d23a8e674f48bfd0a44519a2b675,spark,4.1.2,tpch,10,c8gd.4xlarge,analytical,bench_iceberg_sf10,q05,2,2026-06-16T17:50:12.390773+00:00,2026-06-16T17:50:17.453584+00:00,,,5,,,,,
77d6d23a8e674f48bfd0a44519a2b675,spark,4.1.2,tpch,10,c8gd.4xlarge,analytical,bench_iceberg_sf10,q06,0,2026-06-16T17:50:18.561708+00:00,2026-06-16T17:50:19.543403+00:00,true,,1,,,,,
77d6d23a8e674f48bfd0a44519a2b675,spark,4.1.2,tpch,10,c8gd.4xlarge,analytical,bench_iceberg_sf10,q06,1,2026-06-16T17:50:19.543554+00:00,2026-06-16T17:50:20.445427+00:00,,,1,,,,,
77d6d23a8e674f48bfd0a44519a2b675,spark,4.1.2,tpch,10,c8gd.4xlarge,analytical,bench_iceberg_sf10,q06,2,2026-06-16T17:50:20.445468+00:00,2026-06-16T17:50:21.359784+00:00,,,1,,,,,
77d6d23a8e674f48bfd0a44519a2b675,spark,4.1.2,tpch,10,c8gd.4xlarge,analytical,bench_iceberg_sf10,q07,0,2026-06-16T17:50:27.220545+00:00,2026-06-16T17:50:32.047985+00:00,true,,4,,,,,
77d6d23a8e674f48bfd0a44519a2b675,spark,4.1.2,tpch,10,c8gd.4xlarge,analytical,bench_iceberg_sf10,q07,1,2026-06-16T17:50:32.048168+00:00,2026-06-16T17:50:36.810287+00:00,,,4,,,,,
77d6d23a8e674f48bfd0a44519a2b675,spark,4.1.2,tpch,10,c8gd.4xlarge,analytical,bench_iceberg_sf10,q07,2,2026-06-16T17:50:36.810328+00:00,2026-06-16T17:50:41.484777+00:00,,,4,,,,,
77d6d23a8e674f48bfd0a44519a2b675,spark,4.1.2,tpch,10,c8gd.4xlarge,analytical,bench_iceberg_sf10,q08,0,2026-06-16T17:50:47.095365+00:00,2026-06-16T17:50:51.838148+00:00,true,,2,,,,,
77d6d23a8e674f48bfd0a44519a2b675,spark,4.1.2,tpch,10,c8gd.4xlarge,analytical,bench_iceberg_sf10,q08,1,2026-06-16T17:50:51.838312+00:00,2026-06-16T17:50:57.545565+00:00,,,2,,,,,
77d6d23a8e674f48bfd0a44519a2b675,spark,4.1.2,tpch,10,c8gd.4xlarge,analytical,bench_iceberg_sf10,q08,2,2026-06-16T17:50:57.545612+00:00,2026-06-16T17:51:02.171926+00:00,,,2,,,,,
77d6d23a8e674f48bfd0a44519a2b675,spark,4.1.2,tpch,10,c8gd.4xlarge,analytical,bench_iceberg_sf10,q09,0,2026-06-16T17:51:10.440050+00:00,2026-06-16T17:51:17.696245+00:00,true,,175,,,,,
77d6d23a8e674f48bfd0a44519a2b675,spark,4.1.2,tpch,10,c8gd.4xlarge,analytical,bench_iceberg_sf10,q09,1,2026-06-16T17:51:17.697039+00:00,2026-06-16T17:51:24.392846+00:00,,,175,,,,,
77d6d23a8e674f48bfd0a44519a2b675,spark,4.1.2,tpch,10,c8gd.4xlarge,analytical,bench_iceberg_sf10,q09,2,2026-06-16T17:51:24.392918+00:00,2026-06-16T17:51:31.652680+00:00,,,175,,,,,
77d6d23a8e674f48bfd0a44519a2b675,spark,4.1.2,tpch,10,c8gd.4xlarge,analytical,bench_iceberg_sf10,q10,0,2026-06-16T17:51:35.171257+00:00,2026-06-16T17:51:38.038516+00:00,true,,20,,,,,
77d6d23a8e674f48bfd0a44519a2b675,spark,4.1.2,tpch,10,c8gd.4xlarge,analytical,bench_iceberg_sf10,q10,1,2026-06-16T17:51:38.038901+00:00,2026-06-16T17:51:40.757137+00:00,,,20,,,,,
77d6d23a8e674f48bfd0a44519a2b675,spark,4.1.2,tpch,10,c8gd.4xlarge,analytical,bench_iceberg_sf10,q10,2,2026-06-16T17:51:40.757182+00:00,2026-06-16T17:51:43.430845+00:00,,,20,,,,,
77d6d23a8e674f48bfd0a44519a2b675,spark,4.1.2,tpch,10,c8gd.4xlarge,analytical,bench_iceberg_sf10,q11,0,2026-06-16T17:51:45.496824+00:00,2026-06-16T17:51:47.337957+00:00,true,,0,,,,,
77d6d23a8e674f48bfd0a44519a2b675,spark,4.1.2,tpch,10,c8gd.4xlarge,analytical,bench_iceberg_sf10,q11,1,2026-06-16T17:51:47.338100+00:00,2026-06-16T17:51:49.132075+00:00,,,0,,,,,
77d6d23a8e674f48bfd0a44519a2b675,spark,4.1.2,tpch,10,c8gd.4xlarge,analytical,bench_iceberg_sf10,q11,2,2026-06-16T17:51:49.132122+00:00,2026-06-16T17:51:50.931232+00:00,,,0,,,,,
77d6d23a8e674f48bfd0a44519a2b675,spark,4.1.2,tpch,10,c8gd.4xlarge,analytical,bench_iceberg_sf10,q12,0,2026-06-16T17:51:53.305843+00:00,2026-06-16T17:51:55.436168+00:00,true,,2,,,,,
77d6d23a8e674f48bfd0a44519a2b675,spark,4.1.2,tpch,10,c8gd.4xlarge,analytical,bench_iceberg_sf10,q12,1,2026-06-16T17:51:55.436333+00:00,2026-06-16T17:51:57.554616+00:00,,,2,,,,,
77d6d23a8e674f48bfd0a44519a2b675,spark,4.1.2,tpch,10,c8gd.4xlarge,analytical,bench_iceberg_sf10,q12,2,2026-06-16T17:51:57.554662+00:00,2026-06-16T17:51:59.590691+00:00,,,2,,,,,
77d6d23a8e674f48bfd0a44519a2b675,spark,4.1.2,tpch,10,c8gd.4xlarge,analytical,bench_iceberg_sf10,q13,0,2026-06-16T17:52:06.982441+00:00,2026-06-16T17:52:14.076886+00:00,true,,46,,,,,
77d6d23a8e674f48bfd0a44519a2b675,spark,4.1.2,tpch,10,c8gd.4xlarge,analytical,bench_iceberg_sf10,q13,1,2026-06-16T17:52:14.077125+00:00,2026-06-16T17:52:20.970513+00:00,,,46,,,,,
77d6d23a8e674f48bfd0a44519a2b675,spark,4.1.2,tpch,10,c8gd.4xlarge,analytical,bench_iceberg_sf10,q13,2,2026-06-16T17:52:20.970557+00:00,2026-06-16T17:52:27.816778+00:00,,,46,,,,,
77d6d23a8e674f48bfd0a44519a2b675,spark,4.1.2,tpch,10,c8gd.4xlarge,analytical,bench_iceberg_sf10,q14,0,2026-06-16T17:52:29.586609+00:00,2026-06-16T17:52:30.990415+00:00,true,,1,,,,,
77d6d23a8e674f48bfd0a44519a2b675,spark,4.1.2,tpch,10,c8gd.4xlarge,analytical,bench_iceberg_sf10,q14,1,2026-06-16T17:52:30.990568+00:00,2026-06-16T17:52:32.390840+00:00,,,1,,,,,
77d6d23a8e674f48bfd0a44519a2b675,spark,4.1.2,tpch,10,c8gd.4xlarge,analytical,bench_iceberg_sf10,q14,2,2026-06-16T17:52:32.390899+00:00,2026-06-16T17:52:33.780745+00:00,,,1,,,,,
77d6d23a8e674f48bfd0a44519a2b675,spark,4.1.2,tpch,10,c8gd.4xlarge,analytical,bench_iceberg_sf10,q15,0,2026-06-16T17:52:36.536775+00:00,2026-06-16T17:52:38.911090+00:00,true,,1,,,,,
77d6d23a8e674f48bfd0a44519a2b675,spark,4.1.2,tpch,10,c8gd.4xlarge,analytical,bench_iceberg_sf10,q15,1,2026-06-16T17:52:38.911250+00:00,2026-06-16T17:52:41.262890+00:00,,,1,,,,,
77d6d23a8e674f48bfd0a44519a2b675,spark,4.1.2,tpch,10,c8gd.4xlarge,analytical,bench_iceberg_sf10,q15,2,2026-06-16T17:52:41.262937+00:00,2026-06-16T17:52:43.715875+00:00,,,1,,,,,
77d6d23a8e674f48bfd0a44519a2b675,spark,4.1.2,tpch,10,c8gd.4xlarge,analytical,bench_iceberg_sf10,q16,0,2026-06-16T17:52:46.855448+00:00,2026-06-16T17:52:49.240424+00:00,true,,27840,,,,,
77d6d23a8e674f48bfd0a44519a2b675,spark,4.1.2,tpch,10,c8gd.4xlarge,analytical,bench_iceberg_sf10,q16,1,2026-06-16T17:52:49.408394+00:00,2026-06-16T17:52:51.717060+00:00,,,27840,,,,,
77d6d23a8e674f48bfd0a44519a2b675,spark,4.1.2,tpch,10,c8gd.4xlarge,analytical,bench_iceberg_sf10,q16,2,2026-06-16T17:52:51.719023+00:00,2026-06-16T17:52:53.990484+00:00,,,27840,,,,,
77d6d23a8e674f48bfd0a44519a2b675,spark,4.1.2,tpch,10,c8gd.4xlarge,analytical,bench_iceberg_sf10,q17,0,2026-06-16T17:53:02.463886+00:00,2026-06-16T17:53:10.662164+00:00,true,,1,,,,,
77d6d23a8e674f48bfd0a44519a2b675,spark,4.1.2,tpch,10,c8gd.4xlarge,analytical,bench_iceberg_sf10,q17,1,2026-06-16T17:53:10.662311+00:00,2026-06-16T17:53:18.706706+00:00,,,1,,,,,
77d6d23a8e674f48bfd0a44519a2b675,spark,4.1.2,tpch,10,c8gd.4xlarge,analytical,bench_iceberg_sf10,q17,2,2026-06-16T17:53:18.706748+00:00,2026-06-16T17:53:26.746722+00:00,,,1,,,,,
77d6d23a8e674f48bfd0a44519a2b675,spark,4.1.2,tpch,10,c8gd.4xlarge,analytical,bench_iceberg_sf10,q18,0,2026-06-16T17:53:35.930053+00:00,2026-06-16T17:53:44.240242+00:00,true,,100,,,,,
77d6d23a8e674f48bfd0a44519a2b675,spark,4.1.2,tpch,10,c8gd.4xlarge,analytical,bench_iceberg_sf10,q18,1,2026-06-16T17:53:44.241219+00:00,2026-06-16T17:53:51.586331+00:00,,,100,,,,,
77d6d23a8e674f48bfd0a44519a2b675,spark,4.1.2,tpch,10,c8gd.4xlarge,analytical,bench_iceberg_sf10,q18,2,2026-06-16T17:53:51.586383+00:00,2026-06-16T17:53:59.006976+00:00,,,100,,,,,
77d6d23a8e674f48bfd0a44519a2b675,spark,4.1.2,tpch,10,c8gd.4xlarge,analytical,bench_iceberg_sf10,q19,0,2026-06-16T17:54:01.125493+00:00,2026-06-16T17:54:02.573624+00:00,true,,1,,,,,
77d6d23a8e674f48bfd0a44519a2b675,spark,4.1.2,tpch,10,c8gd.4xlarge,analytical,bench_iceberg_sf10,q19,1,2026-06-16T17:54:02.573796+00:00,2026-06-16T17:54:04.203704+00:00,,,1,,,,,
77d6d23a8e674f48bfd0a44519a2b675,spark,4.1.2,tpch,10,c8gd.4xlarge,analytical,bench_iceberg_sf10,q19,2,2026-06-16T17:54:04.203744+00:00,2026-06-16T17:54:05.582512+00:00,,,1,,,,,
77d6d23a8e674f48bfd0a44519a2b675,spark,4.1.2,tpch,10,c8gd.4xlarge,analytical,bench_iceberg_sf10,q20,0,2026-06-16T17:54:08.244603+00:00,2026-06-16T17:54:10.671656+00:00,true,,1804,,,,,
77d6d23a8e674f48bfd0a44519a2b675,spark,4.1.2,tpch,10,c8gd.4xlarge,analytical,bench_iceberg_sf10,q20,1,2026-06-16T17:54:10.677560+00:00,2026-06-16T17:54:12.817659+00:00,,,1804,,,,,
77d6d23a8e674f48bfd0a44519a2b675,spark,4.1.2,tpch,10,c8gd.4xlarge,analytical,bench_iceberg_sf10,q20,2,2026-06-16T17:54:12.817772+00:00,2026-06-16T17:54:14.943475+00:00,,,1804,,,,,
77d6d23a8e674f48bfd0a44519a2b675,spark,4.1.2,tpch,10,c8gd.4xlarge,analytical,bench_iceberg_sf10,q21,0,2026-06-16T17:54:23.890882+00:00,2026-06-16T17:54:32.856835+00:00,true,,100,,,,,
77d6d23a8e674f48bfd0a44519a2b675,spark,4.1.2,tpch,10,c8gd.4xlarge,analytical,bench_iceberg_sf10,q21,1,2026-06-16T17:54:32.857277+00:00,2026-06-16T17:54:41.807070+00:00,,,100,,,,,
77d6d23a8e674f48bfd0a44519a2b675,spark,4.1.2,tpch,10,c8gd.4xlarge,analytical,bench_iceberg_sf10,q21,2,2026-06-16T17:54:41.807116+00:00,2026-06-16T17:54:50.819844+00:00,,,100,,,,,
77d6d23a8e674f48bfd0a44519a2b675,spark,4.1.2,tpch,10,c8gd.4xlarge,analytical,bench_iceberg_sf10,q22,0,2026-06-16T17:54:53.223125+00:00,2026-06-16T17:54:55.293103+00:00,true,,7,,,,,
77d6d23a8e674f48bfd0a44519a2b675,spark,4.1.2,tpch,10,c8gd.4xlarge,analytical,bench_iceberg_sf10,q22,1,2026-06-16T17:54:55.293288+00:00,2026-06-16T17:54:57.329776+00:00,,,7,,,,,
77d6d23a8e674f48bfd0a44519a2b675,spark,4.1.2,tpch,10,c8gd.4xlarge,analytical,bench_iceberg_sf10,q22,2,2026-06-16T17:54:57.329821+00:00,2026-06-16T17:54:59.402324+00:00,,,7,,,,,
0a87b86205cc4c9eb93aa3c157b2886a,duckdb,1.5.2,tpch,10,c8gd.4xlarge,analytical,bench_iceberg_sf10,q01,0,2026-06-17T09:05:04.804847+00:00,2026-06-17T09:05:05.834057+00:00,true,,4,,,,,
0a87b86205cc4c9eb93aa3c157b2886a,duckdb,1.5.2,tpch,10,c8gd.4xlarge,analytical,bench_iceberg_sf10,q01,1,2026-06-17T09:05:05.834388+00:00,2026-06-17T09:05:06.753633+00:00,,,4,,,,,
0a87b86205cc4c9eb93aa3c157b2886a,duckdb,1.5.2,tpch,10,c8gd.4xlarge,analytical,bench_iceberg_sf10,q01,2,2026-06-17T09:05:06.753719+00:00,2026-06-17T09:05:07.684067+00:00,,,4,,,,,
0a87b86205cc4c9eb93aa3c157b2886a,duckdb,1.5.2,tpch,10,c8gd.4xlarge,analytical,bench_iceberg_sf10,q02,0,2026-06-17T09:05:10.333001+00:00,2026-06-17T09:05:12.197106+00:00,true,,100,,,,,
0a87b86205cc4c9eb93aa3c157b2886a,duckdb,1.5.2,tpch,10,c8gd.4xlarge,analytical,bench_iceberg_sf10,q02,1,2026-06-17T09:05:12.198564+00:00,2026-06-17T09:05:14.062911+00:00,,,100,,,,,
0a87b86205cc4c9eb93aa3c157b2886a,duckdb,1.5.2,tpch,10,c8gd.4xlarge,analytical,bench_iceberg_sf10,q02,2,2026-06-17T09:05:14.063003+00:00,2026-06-17T09:05:15.883286+00:00,,,100,,,,,
0a87b86205cc4c9eb93aa3c157b2886a,duckdb,1.5.2,tpch,10,c8gd.4xlarge,analytical,bench_iceberg_sf10,q03,0,2026-06-17T09:05:18.657877+00:00,2026-06-17T09:05:20.787942+00:00,true,,10,,,,,
0a87b86205cc4c9eb93aa3c157b2886a,duckdb,1.5.2,tpch,10,c8gd.4xlarge,analytical,bench_iceberg_sf10,q03,1,2026-06-17T09:05:20.788265+00:00,2026-06-17T09:05:22.651971+00:00,,,10,,,,,
0a87b86205cc4c9eb93aa3c157b2886a,duckdb,1.5.2,tpch,10,c8gd.4xlarge,analytical,bench_iceberg_sf10,q03,2,2026-06-17T09:05:22.652057+00:00,2026-06-17T09:05:24.419785+00:00,,,10,,,,,
0a87b86205cc4c9eb93aa3c157b2886a,duckdb,1.5.2,tpch,10,c8gd.4xlarge,analytical,bench_iceberg_sf10,q04,0,2026-06-17T09:05:25.446962+00:00,2026-06-17T09:05:26.365848+00:00,true,,5,,,,,
0a87b86205cc4c9eb93aa3c157b2886a,duckdb,1.5.2,tpch,10,c8gd.4xlarge,analytical,bench_iceberg_sf10,q04,1,2026-06-17T09:05:26.366180+00:00,2026-06-17T09:05:27.339276+00:00,,,5,,,,,
0a87b86205cc4c9eb93aa3c157b2886a,duckdb,1.5.2,tpch,10,c8gd.4xlarge,analytical,bench_iceberg_sf10,q04,2,2026-06-17T09:05:27.339358+00:00,2026-06-17T09:05:28.309777+00:00,,,5,,,,,
0a87b86205cc4c9eb93aa3c157b2886a,duckdb,1.5.2,tpch,10,c8gd.4xlarge,analytical,bench_iceberg_sf10,q05,0,2026-06-17T09:05:30.697015+00:00,2026-06-17T09:05:33.074104+00:00,true,,5,,,,,
0a87b86205cc4c9eb93aa3c157b2886a,duckdb,1.5.2,tpch,10,c8gd.4xlarge,analytical,bench_iceberg_sf10,q05,1,2026-06-17T09:05:33.074445+00:00,2026-06-17T09:05:35.229807+00:00,,,5,,,,,
0a87b86205cc4c9eb93aa3c157b2886a,duckdb,1.5.2,tpch,10,c8gd.4xlarge,analytical,bench_iceberg_sf10,q05,2,2026-06-17T09:05:35.229901+00:00,2026-06-17T09:05:37.394497+00:00,,,5,,,,,
0a87b86205cc4c9eb93aa3c157b2886a,duckdb,1.5.2,tpch,10,c8gd.4xlarge,analytical,bench_iceberg_sf10,q06,0,2026-06-17T09:05:38.095698+00:00,2026-06-17T09:05:38.787539+00:00,true,,1,,,,,
0a87b86205cc4c9eb93aa3c157b2886a,duckdb,1.5.2,tpch,10,c8gd.4xlarge,analytical,bench_iceberg_sf10,q06,1,2026-06-17T09:05:38.787798+00:00,2026-06-17T09:05:39.464421+00:00,,,1,,,,,
0a87b86205cc4c9eb93aa3c157b2886a,duckdb,1.5.2,tpch,10,c8gd.4xlarge,analytical,bench_iceberg_sf10,q06,2,2026-06-17T09:05:39.464498+00:00,2026-06-17T09:05:40.123165+00:00,,,1,,,,,
0a87b86205cc4c9eb93aa3c157b2886a,duckdb,1.5.2,tpch,10,c8gd.4xlarge,analytical,bench_iceberg_sf10,q07,0,2026-06-17T09:05:42.148036+00:00,2026-06-17T09:05:44.069354+00:00,true,,4,,,,,
0a87b86205cc4c9eb93aa3c157b2886a,duckdb,1.5.2,tpch,10,c8gd.4xlarge,analytical,bench_iceberg_sf10,q07,1,2026-06-17T09:05:44.069659+00:00,2026-06-17T09:05:45.943283+00:00,,,4,,,,,
0a87b86205cc4c9eb93aa3c157b2886a,duckdb,1.5.2,tpch,10,c8gd.4xlarge,analytical,bench_iceberg_sf10,q07,2,2026-06-17T09:05:45.943365+00:00,2026-06-17T09:05:48.006707+00:00,,,4,,,,,
0a87b86205cc4c9eb93aa3c157b2886a,duckdb,1.5.2,tpch,10,c8gd.4xlarge,analytical,bench_iceberg_sf10,q08,0,2026-06-17T09:05:50.660233+00:00,2026-06-17T09:05:53.570583+00:00,true,,2,,,,,
0a87b86205cc4c9eb93aa3c157b2886a,duckdb,1.5.2,tpch,10,c8gd.4xlarge,analytical,bench_iceberg_sf10,q08,1,2026-06-17T09:05:53.570922+00:00,2026-06-17T09:05:56.244557+00:00,,,2,,,,,
0a87b86205cc4c9eb93aa3c157b2886a,duckdb,1.5.2,tpch,10,c8gd.4xlarge,analytical,bench_iceberg_sf10,q08,2,2026-06-17T09:05:56.244640+00:00,2026-06-17T09:05:58.924033+00:00,,,2,,,,,
0a87b86205cc4c9eb93aa3c157b2886a,duckdb,1.5.2,tpch,10,c8gd.4xlarge,analytical,bench_iceberg_sf10,q09,0,2026-06-17T09:06:02.108257+00:00,2026-06-17T09:06:05.195746+00:00,true,,175,,,,,
0a87b86205cc4c9eb93aa3c157b2886a,duckdb,1.5.2,tpch,10,c8gd.4xlarge,analytical,bench_iceberg_sf10,q09,1,2026-06-17T09:06:05.196764+00:00,2026-06-17T09:06:08.232088+00:00,,,175,,,,,
0a87b86205cc4c9eb93aa3c157b2886a,duckdb,1.5.2,tpch,10,c8gd.4xlarge,analytical,bench_iceberg_sf10,q09,2,2026-06-17T09:06:08.232186+00:00,2026-06-17T09:06:11.189218+00:00,,,175,,,,,
0a87b86205cc4c9eb93aa3c157b2886a,duckdb,1.5.2,tpch,10,c8gd.4xlarge,analytical,bench_iceberg_sf10,q10,0,2026-06-17T09:06:13.002088+00:00,2026-06-17T09:06:14.844566+00:00,true,,20,,,,,
0a87b86205cc4c9eb93aa3c157b2886a,duckdb,1.5.2,tpch,10,c8gd.4xlarge,analytical,bench_iceberg_sf10,q10,1,2026-06-17T09:06:14.845111+00:00,2026-06-17T09:06:16.685832+00:00,,,20,,,,,
0a87b86205cc4c9eb93aa3c157b2886a,duckdb,1.5.2,tpch,10,c8gd.4xlarge,analytical,bench_iceberg_sf10,q10,2,2026-06-17T09:06:16.685944+00:00,2026-06-17T09:06:18.512305+00:00,,,20,,,,,
0a87b86205cc4c9eb93aa3c157b2886a,duckdb,1.5.2,tpch,10,c8gd.4xlarge,analytical,bench_iceberg_sf10,q11,0,2026-06-17T09:06:19.988240+00:00,2026-06-17T09:06:21.312012+00:00,true,,0,,,,,
0a87b86205cc4c9eb93aa3c157b2886a,duckdb,1.5.2,tpch,10,c8gd.4xlarge,analytical,bench_iceberg_sf10,q11,1,2026-06-17T09:06:21.312371+00:00,2026-06-17T09:06:22.698352+00:00,,,0,,,,,
0a87b86205cc4c9eb93aa3c157b2886a,duckdb,1.5.2,tpch,10,c8gd.4xlarge,analytical,bench_iceberg_sf10,q11,2,2026-06-17T09:06:22.698427+00:00,2026-06-17T09:06:24.085108+00:00,,,0,,,,,
0a87b86205cc4c9eb93aa3c157b2886a,duckdb,1.5.2,tpch,10,c8gd.4xlarge,analytical,bench_iceberg_sf10,q12,0,2026-06-17T09:06:25.515677+00:00,2026-06-17T09:06:26.674537+00:00,true,,2,,,,,
0a87b86205cc4c9eb93aa3c157b2886a,duckdb,1.5.2,tpch,10,c8gd.4xlarge,analytical,bench_iceberg_sf10,q12,1,2026-06-17T09:06:26.674833+00:00,2026-06-17T09:06:27.821225+00:00,,,2,,,,,
0a87b86205cc4c9eb93aa3c157b2886a,duckdb,1.5.2,tpch,10,c8gd.4xlarge,analytical,bench_iceberg_sf10,q12,2,2026-06-17T09:06:27.821304+00:00,2026-06-17T09:06:28.914662+00:00,,,2,,,,,
0a87b86205cc4c9eb93aa3c157b2886a,duckdb,1.5.2,tpch,10,c8gd.4xlarge,analytical,bench_iceberg_sf10,q13,0,2026-06-17T09:06:31.724757+00:00,2026-06-17T09:06:34.581661+00:00,true,,46,,,,,
0a87b86205cc4c9eb93aa3c157b2886a,duckdb,1.5.2,tpch,10,c8gd.4xlarge,analytical,bench_iceberg_sf10,q13,1,2026-06-17T09:06:34.582062+00:00,2026-06-17T09:06:37.431734+00:00,,,46,,,,,
0a87b86205cc4c9eb93aa3c157b2886a,duckdb,1.5.2,tpch,10,c8gd.4xlarge,analytical,bench_iceberg_sf10,q13,2,2026-06-17T09:06:37.431816+00:00,2026-06-17T09:06:40.295510+00:00,,,46,,,,,
0a87b86205cc4c9eb93aa3c157b2886a,duckdb,1.5.2,tpch,10,c8gd.4xlarge,analytical,bench_iceberg_sf10,q14,0,2026-06-17T09:06:41.539599+00:00,2026-06-17T09:06:42.722724+00:00,true,,1,,,,,
0a87b86205cc4c9eb93aa3c157b2886a,duckdb,1.5.2,tpch,10,c8gd.4xlarge,analytical,bench_iceberg_sf10,q14,1,2026-06-17T09:06:42.723031+00:00,2026-06-17T09:06:43.840546+00:00,,,1,,,,,
0a87b86205cc4c9eb93aa3c157b2886a,duckdb,1.5.2,tpch,10,c8gd.4xlarge,analytical,bench_iceberg_sf10,q14,2,2026-06-17T09:06:43.840628+00:00,2026-06-17T09:06:44.974932+00:00,,,1,,,,,
0a87b86205cc4c9eb93aa3c157b2886a,duckdb,1.5.2,tpch,10,c8gd.4xlarge,analytical,bench_iceberg_sf10,q15,0,2026-06-17T09:06:45.914346+00:00,2026-06-17T09:06:46.971507+00:00,true,,1,,,,,
0a87b86205cc4c9eb93aa3c157b2886a,duckdb,1.5.2,tpch,10,c8gd.4xlarge,analytical,bench_iceberg_sf10,q15,1,2026-06-17T09:06:46.971809+00:00,2026-06-17T09:06:48.015694+00:00,,,1,,,,,
0a87b86205cc4c9eb93aa3c157b2886a,duckdb,1.5.2,tpch,10,c8gd.4xlarge,analytical,bench_iceberg_sf10,q15,2,2026-06-17T09:06:48.015776+00:00,2026-06-17T09:06:48.983871+00:00,,,1,,,,,
0a87b86205cc4c9eb93aa3c157b2886a,duckdb,1.5.2,tpch,10,c8gd.4xlarge,analytical,bench_iceberg_sf10,q16,0,2026-06-17T09:06:50.141482+00:00,2026-06-17T09:06:51.110692+00:00,true,,27840,,,,,
0a87b86205cc4c9eb93aa3c157b2886a,duckdb,1.5.2,tpch,10,c8gd.4xlarge,analytical,bench_iceberg_sf10,q16,1,2026-06-17T09:06:51.276469+00:00,2026-06-17T09:06:52.272421+00:00,,,27840,,,,,
0a87b86205cc4c9eb93aa3c157b2886a,duckdb,1.5.2,tpch,10,c8gd.4xlarge,analytical,bench_iceberg_sf10,q16,2,2026-06-17T09:06:52.273725+00:00,2026-06-17T09:06:53.228162+00:00,,,27840,,,,,
0a87b86205cc4c9eb93aa3c157b2886a,duckdb,1.5.2,tpch,10,c8gd.4xlarge,analytical,bench_iceberg_sf10,q17,0,2026-06-17T09:06:54.858460+00:00,2026-06-17T09:06:56.540966+00:00,true,,1,,,,,
0a87b86205cc4c9eb93aa3c157b2886a,duckdb,1.5.2,tpch,10,c8gd.4xlarge,analytical,bench_iceberg_sf10,q17,1,2026-06-17T09:06:56.541286+00:00,2026-06-17T09:06:58.199952+00:00,,,1,,,,,
0a87b86205cc4c9eb93aa3c157b2886a,duckdb,1.5.2,tpch,10,c8gd.4xlarge,analytical,bench_iceberg_sf10,q17,2,2026-06-17T09:06:58.200027+00:00,2026-06-17T09:06:59.836305+00:00,,,1,,,,,
0a87b86205cc4c9eb93aa3c157b2886a,duckdb,1.5.2,tpch,10,c8gd.4xlarge,analytical,bench_iceberg_sf10,q18,0,2026-06-17T09:07:01.682534+00:00,2026-06-17T09:07:03.416957+00:00,true,,100,,,,,
0a87b86205cc4c9eb93aa3c157b2886a,duckdb,1.5.2,tpch,10,c8gd.4xlarge,analytical,bench_iceberg_sf10,q18,1,2026-06-17T09:07:03.417993+00:00,2026-06-17T09:07:05.151494+00:00,,,100,,,,,
0a87b86205cc4c9eb93aa3c157b2886a,duckdb,1.5.2,tpch,10,c8gd.4xlarge,analytical,bench_iceberg_sf10,q18,2,2026-06-17T09:07:05.151581+00:00,2026-06-17T09:07:06.975634+00:00,,,100,,,,,
0a87b86205cc4c9eb93aa3c157b2886a,duckdb,1.5.2,tpch,10,c8gd.4xlarge,analytical,bench_iceberg_sf10,q19,0,2026-06-17T09:07:08.446370+00:00,2026-06-17T09:07:09.737247+00:00,true,,1,,,,,
0a87b86205cc4c9eb93aa3c157b2886a,duckdb,1.5.2,tpch,10,c8gd.4xlarge,analytical,bench_iceberg_sf10,q19,1,2026-06-17T09:07:09.737522+00:00,2026-06-17T09:07:11.066190+00:00,,,1,,,,,
0a87b86205cc4c9eb93aa3c157b2886a,duckdb,1.5.2,tpch,10,c8gd.4xlarge,analytical,bench_iceberg_sf10,q19,2,2026-06-17T09:07:11.066269+00:00,2026-06-17T09:07:12.403900+00:00,,,1,,,,,
0a87b86205cc4c9eb93aa3c157b2886a,duckdb,1.5.2,tpch,10,c8gd.4xlarge,analytical,bench_iceberg_sf10,q20,0,2026-06-17T09:07:14.320880+00:00,2026-06-17T09:07:16.089738+00:00,true,,1804,,,,,
0a87b86205cc4c9eb93aa3c157b2886a,duckdb,1.5.2,tpch,10,c8gd.4xlarge,analytical,bench_iceberg_sf10,q20,1,2026-06-17T09:07:16.096106+00:00,2026-06-17T09:07:17.853979+00:00,,,1804,,,,,
0a87b86205cc4c9eb93aa3c157b2886a,duckdb,1.5.2,tpch,10,c8gd.4xlarge,analytical,bench_iceberg_sf10,q20,2,2026-06-17T09:07:17.854141+00:00,2026-06-17T09:07:19.680205+00:00,,,1804,,,,,
0a87b86205cc4c9eb93aa3c157b2886a,duckdb,1.5.2,tpch,10,c8gd.4xlarge,analytical,bench_iceberg_sf10,q21,0,2026-06-17T09:07:22.277244+00:00,2026-06-17T09:07:24.842292+00:00,true,,100,,,,,
0a87b86205cc4c9eb93aa3c157b2886a,duckdb,1.5.2,tpch,10,c8gd.4xlarge,analytical,bench_iceberg_sf10,q21,1,2026-06-17T09:07:24.843049+00:00,2026-06-17T09:07:27.484635+00:00,,,100,,,,,
0a87b86205cc4c9eb93aa3c157b2886a,duckdb,1.5.2,tpch,10,c8gd.4xlarge,analytical,bench_iceberg_sf10,q21,2,2026-06-17T09:07:27.484720+00:00,2026-06-17T09:07:30.080896+00:00,,,100,,,,,
0a87b86205cc4c9eb93aa3c157b2886a,duckdb,1.5.2,tpch,10,c8gd.4xlarge,analytical,bench_iceberg_sf10,q22,0,2026-06-17T09:07:31.196285+00:00,2026-06-17T09:07:32.519024+00:00,true,,7,,,,,
0a87b86205cc4c9eb93aa3c157b2886a,duckdb,1.5.2,tpch,10,c8gd.4xlarge,analytical,bench_iceberg_sf10,q22,1,2026-06-17T09:07:32.519401+00:00,2026-06-17T09:07:33.650478+00:00,,,7,,,,,
0a87b86205cc4c9eb93aa3c157b2886a,duckdb,1.5.2,tpch,10,c8gd.4xlarge,analytical,bench_iceberg_sf10,q22,2,2026-06-17T09:07:33.650574+00:00,2026-06-17T09:07:34.763426+00:00,,,7,,,,,
47f8e3b4867f4f519286f57f9d9ee795,duckdb,1.5.2,tpch,10,c8gd.4xlarge,analytical,bench_iceberg_sf10,q01,0,2026-06-17T09:20:08.759493+00:00,2026-06-17T09:20:09.690220+00:00,true,,4,,,,,
47f8e3b4867f4f519286f57f9d9ee795,duckdb,1.5.2,tpch,10,c8gd.4xlarge,analytical,bench_iceberg_sf10,q01,1,2026-06-17T09:20:09.690558+00:00,2026-06-17T09:20:10.606485+00:00,,,4,,,,,
47f8e3b4867f4f519286f57f9d9ee795,duckdb,1.5.2,tpch,10,c8gd.4xlarge,analytical,bench_iceberg_sf10,q01,2,2026-06-17T09:20:10.606573+00:00,2026-06-17T09:20:11.536915+00:00,,,4,,,,,
47f8e3b4867f4f519286f57f9d9ee795,duckdb,1.5.2,tpch,10,c8gd.4xlarge,analytical,bench_iceberg_sf10,q02,0,2026-06-17T09:20:13.979534+00:00,2026-06-17T09:20:15.773316+00:00,true,,100,,,,,
47f8e3b4867f4f519286f57f9d9ee795,duckdb,1.5.2,tpch,10,c8gd.4xlarge,analytical,bench_iceberg_sf10,q02,1,2026-06-17T09:20:15.774797+00:00,2026-06-17T09:20:17.523516+00:00,,,100,,,,,
47f8e3b4867f4f519286f57f9d9ee795,duckdb,1.5.2,tpch,10,c8gd.4xlarge,analytical,bench_iceberg_sf10,q02,2,2026-06-17T09:20:17.523619+00:00,2026-06-17T09:20:19.253592+00:00,,,100,,,,,
47f8e3b4867f4f519286f57f9d9ee795,duckdb,1.5.2,tpch,10,c8gd.4xlarge,analytical,bench_iceberg_sf10,q03,0,2026-06-17T09:20:21.625985+00:00,2026-06-17T09:20:23.585662+00:00,true,,10,,,,,
47f8e3b4867f4f519286f57f9d9ee795,duckdb,1.5.2,tpch,10,c8gd.4xlarge,analytical,bench_iceberg_sf10,q03,1,2026-06-17T09:20:23.585989+00:00,2026-06-17T09:20:25.402935+00:00,,,10,,,,,
47f8e3b4867f4f519286f57f9d9ee795,duckdb,1.5.2,tpch,10,c8gd.4xlarge,analytical,bench_iceberg_sf10,q03,2,2026-06-17T09:20:25.403018+00:00,2026-06-17T09:20:27.183741+00:00,,,10,,,,,
47f8e3b4867f4f519286f57f9d9ee795,duckdb,1.5.2,tpch,10,c8gd.4xlarge,analytical,bench_iceberg_sf10,q04,0,2026-06-17T09:20:28.238062+00:00,2026-06-17T09:20:29.195760+00:00,true,,5,,,,,
47f8e3b4867f4f519286f57f9d9ee795,duckdb,1.5.2,tpch,10,c8gd.4xlarge,analytical,bench_iceberg_sf10,q04,1,2026-06-17T09:20:29.196088+00:00,2026-06-17T09:20:30.141053+00:00,,,5,,,,,
47f8e3b4867f4f519286f57f9d9ee795,duckdb,1.5.2,tpch,10,c8gd.4xlarge,analytical,bench_iceberg_sf10,q04,2,2026-06-17T09:20:30.141139+00:00,2026-06-17T09:20:31.104926+00:00,,,5,,,,,
47f8e3b4867f4f519286f57f9d9ee795,duckdb,1.5.2,tpch,10,c8gd.4xlarge,analytical,bench_iceberg_sf10,q05,0,2026-06-17T09:20:33.570398+00:00,2026-06-17T09:20:35.825069+00:00,true,,5,,,,,
47f8e3b4867f4f519286f57f9d9ee795,duckdb,1.5.2,tpch,10,c8gd.4xlarge,analytical,bench_iceberg_sf10,q05,1,2026-06-17T09:20:35.825388+00:00,2026-06-17T09:20:38.285388+00:00,,,5,,,,,
47f8e3b4867f4f519286f57f9d9ee795,duckdb,1.5.2,tpch,10,c8gd.4xlarge,analytical,bench_iceberg_sf10,q05,2,2026-06-17T09:20:38.285470+00:00,2026-06-17T09:20:40.523354+00:00,,,5,,,,,
47f8e3b4867f4f519286f57f9d9ee795,duckdb,1.5.2,tpch,10,c8gd.4xlarge,analytical,bench_iceberg_sf10,q06,0,2026-06-17T09:20:41.235634+00:00,2026-06-17T09:20:41.918406+00:00,true,,1,,,,,
47f8e3b4867f4f519286f57f9d9ee795,duckdb,1.5.2,tpch,10,c8gd.4xlarge,analytical,bench_iceberg_sf10,q06,1,2026-06-17T09:20:41.918692+00:00,2026-06-17T09:20:42.654951+00:00,,,1,,,,,
47f8e3b4867f4f519286f57f9d9ee795,duckdb,1.5.2,tpch,10,c8gd.4xlarge,analytical,bench_iceberg_sf10,q06,2,2026-06-17T09:20:42.655025+00:00,2026-06-17T09:20:43.340994+00:00,,,1,,,,,
47f8e3b4867f4f519286f57f9d9ee795,duckdb,1.5.2,tpch,10,c8gd.4xlarge,analytical,bench_iceberg_sf10,q07,0,2026-06-17T09:20:45.384620+00:00,2026-06-17T09:20:47.370238+00:00,true,,4,,,,,
47f8e3b4867f4f519286f57f9d9ee795,duckdb,1.5.2,tpch,10,c8gd.4xlarge,analytical,bench_iceberg_sf10,q07,1,2026-06-17T09:20:47.370530+00:00,2026-06-17T09:20:49.297511+00:00,,,4,,,,,
47f8e3b4867f4f519286f57f9d9ee795,duckdb,1.5.2,tpch,10,c8gd.4xlarge,analytical,bench_iceberg_sf10,q07,2,2026-06-17T09:20:49.297587+00:00,2026-06-17T09:20:51.296360+00:00,,,4,,,,,
47f8e3b4867f4f519286f57f9d9ee795,duckdb,1.5.2,tpch,10,c8gd.4xlarge,analytical,bench_iceberg_sf10,q08,0,2026-06-17T09:20:54.035043+00:00,2026-06-17T09:20:56.913263+00:00,true,,2,,,,,
47f8e3b4867f4f519286f57f9d9ee795,duckdb,1.5.2,tpch,10,c8gd.4xlarge,analytical,bench_iceberg_sf10,q08,1,2026-06-17T09:20:56.913633+00:00,2026-06-17T09:20:59.601071+00:00,,,2,,,,,
47f8e3b4867f4f519286f57f9d9ee795,duckdb,1.5.2,tpch,10,c8gd.4xlarge,analytical,bench_iceberg_sf10,q08,2,2026-06-17T09:20:59.601151+00:00,2026-06-17T09:21:02.354468+00:00,,,2,,,,,
47f8e3b4867f4f519286f57f9d9ee795,duckdb,1.5.2,tpch,10,c8gd.4xlarge,analytical,bench_iceberg_sf10,q09,0,2026-06-17T09:21:05.511416+00:00,2026-06-17T09:21:08.531909+00:00,true,,175,,,,,
47f8e3b4867f4f519286f57f9d9ee795,duckdb,1.5.2,tpch,10,c8gd.4xlarge,analytical,bench_iceberg_sf10,q09,1,2026-06-17T09:21:08.532807+00:00,2026-06-17T09:21:11.708310+00:00,,,175,,,,,
47f8e3b4867f4f519286f57f9d9ee795,duckdb,1.5.2,tpch,10,c8gd.4xlarge,analytical,bench_iceberg_sf10,q09,2,2026-06-17T09:21:11.708412+00:00,2026-06-17T09:21:14.560285+00:00,,,175,,,,,
47f8e3b4867f4f519286f57f9d9ee795,duckdb,1.5.2,tpch,10,c8gd.4xlarge,analytical,bench_iceberg_sf10,q10,0,2026-06-17T09:21:16.455284+00:00,2026-06-17T09:21:18.434219+00:00,true,,20,,,,,
47f8e3b4867f4f519286f57f9d9ee795,duckdb,1.5.2,tpch,10,c8gd.4xlarge,analytical,bench_iceberg_sf10,q10,1,2026-06-17T09:21:18.434762+00:00,2026-06-17T09:21:20.268577+00:00,,,20,,,,,
47f8e3b4867f4f519286f57f9d9ee795,duckdb,1.5.2,tpch,10,c8gd.4xlarge,analytical,bench_iceberg_sf10,q10,2,2026-06-17T09:21:20.268668+00:00,2026-06-17T09:21:22.080666+00:00,,,20,,,,,
47f8e3b4867f4f519286f57f9d9ee795,duckdb,1.5.2,tpch,10,c8gd.4xlarge,analytical,bench_iceberg_sf10,q11,0,2026-06-17T09:21:23.546073+00:00,2026-06-17T09:21:24.930383+00:00,true,,0,,,,,
47f8e3b4867f4f519286f57f9d9ee795,duckdb,1.5.2,tpch,10,c8gd.4xlarge,analytical,bench_iceberg_sf10,q11,1,2026-06-17T09:21:24.930655+00:00,2026-06-17T09:21:26.315343+00:00,,,0,,,,,
47f8e3b4867f4f519286f57f9d9ee795,duckdb,1.5.2,tpch,10,c8gd.4xlarge,analytical,bench_iceberg_sf10,q11,2,2026-06-17T09:21:26.315425+00:00,2026-06-17T09:21:27.746672+00:00,,,0,,,,,
47f8e3b4867f4f519286f57f9d9ee795,duckdb,1.5.2,tpch,10,c8gd.4xlarge,analytical,bench_iceberg_sf10,q12,0,2026-06-17T09:21:29.049013+00:00,2026-06-17T09:21:30.311951+00:00,true,,2,,,,,
47f8e3b4867f4f519286f57f9d9ee795,duckdb,1.5.2,tpch,10,c8gd.4xlarge,analytical,bench_iceberg_sf10,q12,1,2026-06-17T09:21:30.312243+00:00,2026-06-17T09:21:31.395409+00:00,,,2,,,,,
47f8e3b4867f4f519286f57f9d9ee795,duckdb,1.5.2,tpch,10,c8gd.4xlarge,analytical,bench_iceberg_sf10,q12,2,2026-06-17T09:21:31.395495+00:00,2026-06-17T09:21:32.426568+00:00,,,2,,,,,
47f8e3b4867f4f519286f57f9d9ee795,duckdb,1.5.2,tpch,10,c8gd.4xlarge,analytical,bench_iceberg_sf10,q13,0,2026-06-17T09:21:35.263987+00:00,2026-06-17T09:21:38.147232+00:00,true,,46,,,,,
47f8e3b4867f4f519286f57f9d9ee795,duckdb,1.5.2,tpch,10,c8gd.4xlarge,analytical,bench_iceberg_sf10,q13,1,2026-06-17T09:21:38.147579+00:00,2026-06-17T09:21:41.089211+00:00,,,46,,,,,
47f8e3b4867f4f519286f57f9d9ee795,duckdb,1.5.2,tpch,10,c8gd.4xlarge,analytical,bench_iceberg_sf10,q13,2,2026-06-17T09:21:41.089290+00:00,2026-06-17T09:21:43.975933+00:00,,,46,,,,,
47f8e3b4867f4f519286f57f9d9ee795,duckdb,1.5.2,tpch,10,c8gd.4xlarge,analytical,bench_iceberg_sf10,q14,0,2026-06-17T09:21:45.341776+00:00,2026-06-17T09:21:46.565312+00:00,true,,1,,,,,
47f8e3b4867f4f519286f57f9d9ee795,duckdb,1.5.2,tpch,10,c8gd.4xlarge,analytical,bench_iceberg_sf10,q14,1,2026-06-17T09:21:46.565618+00:00,2026-06-17T09:21:48.075923+00:00,,,1,,,,,
47f8e3b4867f4f519286f57f9d9ee795,duckdb,1.5.2,tpch,10,c8gd.4xlarge,analytical,bench_iceberg_sf10,q14,2,2026-06-17T09:21:48.075997+00:00,2026-06-17T09:21:49.283902+00:00,,,1,,,,,
47f8e3b4867f4f519286f57f9d9ee795,duckdb,1.5.2,tpch,10,c8gd.4xlarge,analytical,bench_iceberg_sf10,q15,0,2026-06-17T09:21:50.219232+00:00,2026-06-17T09:21:51.188072+00:00,true,,1,,,,,
47f8e3b4867f4f519286f57f9d9ee795,duckdb,1.5.2,tpch,10,c8gd.4xlarge,analytical,bench_iceberg_sf10,q15,1,2026-06-17T09:21:51.188377+00:00,2026-06-17T09:21:52.193307+00:00,,,1,,,,,
47f8e3b4867f4f519286f57f9d9ee795,duckdb,1.5.2,tpch,10,c8gd.4xlarge,analytical,bench_iceberg_sf10,q15,2,2026-06-17T09:21:52.193389+00:00,2026-06-17T09:21:53.179105+00:00,,,1,,,,,
47f8e3b4867f4f519286f57f9d9ee795,duckdb,1.5.2,tpch,10,c8gd.4xlarge,analytical,bench_iceberg_sf10,q16,0,2026-06-17T09:21:54.243462+00:00,2026-06-17T09:21:55.211718+00:00,true,,27840,,,,,
47f8e3b4867f4f519286f57f9d9ee795,duckdb,1.5.2,tpch,10,c8gd.4xlarge,analytical,bench_iceberg_sf10,q16,1,2026-06-17T09:21:55.375634+00:00,2026-06-17T09:21:56.411932+00:00,,,27840,,,,,
47f8e3b4867f4f519286f57f9d9ee795,duckdb,1.5.2,tpch,10,c8gd.4xlarge,analytical,bench_iceberg_sf10,q16,2,2026-06-17T09:21:56.413223+00:00,2026-06-17T09:21:57.431476+00:00,,,27840,,,,,
47f8e3b4867f4f519286f57f9d9ee795,duckdb,1.5.2,tpch,10,c8gd.4xlarge,analytical,bench_iceberg_sf10,q17,0,2026-06-17T09:21:59.084066+00:00,2026-06-17T09:22:00.681173+00:00,true,,1,,,,,
47f8e3b4867f4f519286f57f9d9ee795,duckdb,1.5.2,tpch,10,c8gd.4xlarge,analytical,bench_iceberg_sf10,q17,1,2026-06-17T09:22:00.681495+00:00,2026-06-17T09:22:02.363252+00:00,,,1,,,,,
47f8e3b4867f4f519286f57f9d9ee795,duckdb,1.5.2,tpch,10,c8gd.4xlarge,analytical,bench_iceberg_sf10,q17,2,2026-06-17T09:22:02.363331+00:00,2026-06-17T09:22:03.950683+00:00,,,1,,,,,
47f8e3b4867f4f519286f57f9d9ee795,duckdb,1.5.2,tpch,10,c8gd.4xlarge,analytical,bench_iceberg_sf10,q18,0,2026-06-17T09:22:05.761438+00:00,2026-06-17T09:22:07.462143+00:00,true,,100,,,,,
47f8e3b4867f4f519286f57f9d9ee795,duckdb,1.5.2,tpch,10,c8gd.4xlarge,analytical,bench_iceberg_sf10,q18,1,2026-06-17T09:22:07.463112+00:00,2026-06-17T09:22:09.218243+00:00,,,100,,,,,
47f8e3b4867f4f519286f57f9d9ee795,duckdb,1.5.2,tpch,10,c8gd.4xlarge,analytical,bench_iceberg_sf10,q18,2,2026-06-17T09:22:09.218330+00:00,2026-06-17T09:22:10.990227+00:00,,,100,,,,,
47f8e3b4867f4f519286f57f9d9ee795,duckdb,1.5.2,tpch,10,c8gd.4xlarge,analytical,bench_iceberg_sf10,q19,0,2026-06-17T09:22:12.556349+00:00,2026-06-17T09:22:13.894404+00:00,true,,1,,,,,
47f8e3b4867f4f519286f57f9d9ee795,duckdb,1.5.2,tpch,10,c8gd.4xlarge,analytical,bench_iceberg_sf10,q19,1,2026-06-17T09:22:13.894684+00:00,2026-06-17T09:22:15.243999+00:00,,,1,,,,,
47f8e3b4867f4f519286f57f9d9ee795,duckdb,1.5.2,tpch,10,c8gd.4xlarge,analytical,bench_iceberg_sf10,q19,2,2026-06-17T09:22:15.244074+00:00,2026-06-17T09:22:16.511246+00:00,,,1,,,,,
47f8e3b4867f4f519286f57f9d9ee795,duckdb,1.5.2,tpch,10,c8gd.4xlarge,analytical,bench_iceberg_sf10,q20,0,2026-06-17T09:22:18.374548+00:00,2026-06-17T09:22:20.149656+00:00,true,,1804,,,,,
47f8e3b4867f4f519286f57f9d9ee795,duckdb,1.5.2,tpch,10,c8gd.4xlarge,analytical,bench_iceberg_sf10,q20,1,2026-06-17T09:22:20.156030+00:00,2026-06-17T09:22:21.907084+00:00,,,1804,,,,,
47f8e3b4867f4f519286f57f9d9ee795,duckdb,1.5.2,tpch,10,c8gd.4xlarge,analytical,bench_iceberg_sf10,q20,2,2026-06-17T09:22:21.907249+00:00,2026-06-17T09:22:23.638216+00:00,,,1804,,,,,
47f8e3b4867f4f519286f57f9d9ee795,duckdb,1.5.2,tpch,10,c8gd.4xlarge,analytical,bench_iceberg_sf10,q21,0,2026-06-17T09:22:26.390499+00:00,2026-06-17T09:22:28.989532+00:00,true,,100,,,,,
47f8e3b4867f4f519286f57f9d9ee795,duckdb,1.5.2,tpch,10,c8gd.4xlarge,analytical,bench_iceberg_sf10,q21,1,2026-06-17T09:22:28.990214+00:00,2026-06-17T09:22:31.613546+00:00,,,100,,,,,
47f8e3b4867f4f519286f57f9d9ee795,duckdb,1.5.2,tpch,10,c8gd.4xlarge,analytical,bench_iceberg_sf10,q21,2,2026-06-17T09:22:31.613626+00:00,2026-06-17T09:22:34.251435+00:00,,,100,,,,,
47f8e3b4867f4f519286f57f9d9ee795,duckdb,1.5.2,tpch,10,c8gd.4xlarge,analytical,bench_iceberg_sf10,q22,0,2026-06-17T09:22:35.429116+00:00,2026-06-17T09:22:36.596387+00:00,true,,7,,,,,
47f8e3b4867f4f519286f57f9d9ee795,duckdb,1.5.2,tpch,10,c8gd.4xlarge,analytical,bench_iceberg_sf10,q22,1,2026-06-17T09:22:36.596765+00:00,2026-06-17T09:22:37.716097+00:00,,,7,,,,,
47f8e3b4867f4f519286f57f9d9ee795,duckdb,1.5.2,tpch,10,c8gd.4xlarge,analytical,bench_iceberg_sf10,q22,2,2026-06-17T09:22:37.716176+00:00,2026-06-17T09:22:38.877277+00:00,,,7,,,,,
d0d61b69883a468fac8fc6ff0b045d96,duckdb,1.5.2,tpch,10,c8gd.4xlarge,analytical,bench_iceberg_sf10,q01,0,2026-06-17T10:29:14.083293+00:00,2026-06-17T10:29:14.960920+00:00,true,,4,,,,,
d0d61b69883a468fac8fc6ff0b045d96,duckdb,1.5.2,tpch,10,c8gd.4xlarge,analytical,bench_iceberg_sf10,q01,1,2026-06-17T10:29:14.961248+00:00,2026-06-17T10:29:15.864623+00:00,,,4,,,,,
d0d61b69883a468fac8fc6ff0b045d96,duckdb,1.5.2,tpch,10,c8gd.4xlarge,analytical,bench_iceberg_sf10,q01,2,2026-06-17T10:29:15.864713+00:00,2026-06-17T10:29:16.767696+00:00,,,4,,,,,
d0d61b69883a468fac8fc6ff0b045d96,duckdb,1.5.2,tpch,10,c8gd.4xlarge,analytical,bench_iceberg_sf10,q02,0,2026-06-17T10:29:18.946159+00:00,2026-06-17T10:29:20.479896+00:00,true,,100,,,,,
d0d61b69883a468fac8fc6ff0b045d96,duckdb,1.5.2,tpch,10,c8gd.4xlarge,analytical,bench_iceberg_sf10,q02,1,2026-06-17T10:29:20.481449+00:00,2026-06-17T10:29:22.036012+00:00,,,100,,,,,
d0d61b69883a468fac8fc6ff0b045d96,duckdb,1.5.2,tpch,10,c8gd.4xlarge,analytical,bench_iceberg_sf10,q02,2,2026-06-17T10:29:22.036106+00:00,2026-06-17T10:29:23.530677+00:00,,,100,,,,,
d0d61b69883a468fac8fc6ff0b045d96,duckdb,1.5.2,tpch,10,c8gd.4xlarge,analytical,bench_iceberg_sf10,q03,0,2026-06-17T10:29:25.855416+00:00,2026-06-17T10:29:27.587970+00:00,true,,10,,,,,
d0d61b69883a468fac8fc6ff0b045d96,duckdb,1.5.2,tpch,10,c8gd.4xlarge,analytical,bench_iceberg_sf10,q03,1,2026-06-17T10:29:27.588320+00:00,2026-06-17T10:29:29.239267+00:00,,,10,,,,,
d0d61b69883a468fac8fc6ff0b045d96,duckdb,1.5.2,tpch,10,c8gd.4xlarge,analytical,bench_iceberg_sf10,q03,2,2026-06-17T10:29:29.239348+00:00,2026-06-17T10:29:30.827710+00:00,,,10,,,,,
d0d61b69883a468fac8fc6ff0b045d96,duckdb,1.5.2,tpch,10,c8gd.4xlarge,analytical,bench_iceberg_sf10,q04,0,2026-06-17T10:29:31.796217+00:00,2026-06-17T10:29:32.663392+00:00,true,,5,,,,,
d0d61b69883a468fac8fc6ff0b045d96,duckdb,1.5.2,tpch,10,c8gd.4xlarge,analytical,bench_iceberg_sf10,q04,1,2026-06-17T10:29:32.663723+00:00,2026-06-17T10:29:33.577645+00:00,,,5,,,,,
d0d61b69883a468fac8fc6ff0b045d96,duckdb,1.5.2,tpch,10,c8gd.4xlarge,analytical,bench_iceberg_sf10,q04,2,2026-06-17T10:29:33.577729+00:00,2026-06-17T10:29:34.396577+00:00,,,5,,,,,
d0d61b69883a468fac8fc6ff0b045d96,duckdb,1.5.2,tpch,10,c8gd.4xlarge,analytical,bench_iceberg_sf10,q05,0,2026-06-17T10:29:36.506436+00:00,2026-06-17T10:29:38.456246+00:00,true,,5,,,,,
d0d61b69883a468fac8fc6ff0b045d96,duckdb,1.5.2,tpch,10,c8gd.4xlarge,analytical,bench_iceberg_sf10,q05,1,2026-06-17T10:29:38.456580+00:00,2026-06-17T10:29:40.422737+00:00,,,5,,,,,
d0d61b69883a468fac8fc6ff0b045d96,duckdb,1.5.2,tpch,10,c8gd.4xlarge,analytical,bench_iceberg_sf10,q05,2,2026-06-17T10:29:40.422821+00:00,2026-06-17T10:29:42.328900+00:00,,,5,,,,,
d0d61b69883a468fac8fc6ff0b045d96,duckdb,1.5.2,tpch,10,c8gd.4xlarge,analytical,bench_iceberg_sf10,q06,0,2026-06-17T10:29:42.967371+00:00,2026-06-17T10:29:43.612406+00:00,true,,1,,,,,
d0d61b69883a468fac8fc6ff0b045d96,duckdb,1.5.2,tpch,10,c8gd.4xlarge,analytical,bench_iceberg_sf10,q06,1,2026-06-17T10:29:43.612703+00:00,2026-06-17T10:29:44.217758+00:00,,,1,,,,,
d0d61b69883a468fac8fc6ff0b045d96,duckdb,1.5.2,tpch,10,c8gd.4xlarge,analytical,bench_iceberg_sf10,q06,2,2026-06-17T10:29:44.217837+00:00,2026-06-17T10:29:44.821992+00:00,,,1,,,,,
d0d61b69883a468fac8fc6ff0b045d96,duckdb,1.5.2,tpch,10,c8gd.4xlarge,analytical,bench_iceberg_sf10,q07,0,2026-06-17T10:29:46.591503+00:00,2026-06-17T10:29:48.285460+00:00,true,,4,,,,,
d0d61b69883a468fac8fc6ff0b045d96,duckdb,1.5.2,tpch,10,c8gd.4xlarge,analytical,bench_iceberg_sf10,q07,1,2026-06-17T10:29:48.285825+00:00,2026-06-17T10:29:49.944165+00:00,,,4,,,,,
d0d61b69883a468fac8fc6ff0b045d96,duckdb,1.5.2,tpch,10,c8gd.4xlarge,analytical,bench_iceberg_sf10,q07,2,2026-06-17T10:29:49.944241+00:00,2026-06-17T10:29:51.801740+00:00,,,4,,,,,
d0d61b69883a468fac8fc6ff0b045d96,duckdb,1.5.2,tpch,10,c8gd.4xlarge,analytical,bench_iceberg_sf10,q08,0,2026-06-17T10:29:54.341444+00:00,2026-06-17T10:29:56.811177+00:00,true,,2,,,,,
d0d61b69883a468fac8fc6ff0b045d96,duckdb,1.5.2,tpch,10,c8gd.4xlarge,analytical,bench_iceberg_sf10,q08,1,2026-06-17T10:29:56.811531+00:00,2026-06-17T10:29:59.383804+00:00,,,2,,,,,
d0d61b69883a468fac8fc6ff0b045d96,duckdb,1.5.2,tpch,10,c8gd.4xlarge,analytical,bench_iceberg_sf10,q08,2,2026-06-17T10:29:59.383895+00:00,2026-06-17T10:30:01.937054+00:00,,,2,,,,,
d0d61b69883a468fac8fc6ff0b045d96,duckdb,1.5.2,tpch,10,c8gd.4xlarge,analytical,bench_iceberg_sf10,q09,0,2026-06-17T10:30:04.891674+00:00,2026-06-17T10:30:08.130765+00:00,true,,175,,,,,
d0d61b69883a468fac8fc6ff0b045d96,duckdb,1.5.2,tpch,10,c8gd.4xlarge,analytical,bench_iceberg_sf10,q09,1,2026-06-17T10:30:08.131883+00:00,2026-06-17T10:30:11.019138+00:00,,,175,,,,,
d0d61b69883a468fac8fc6ff0b045d96,duckdb,1.5.2,tpch,10,c8gd.4xlarge,analytical,bench_iceberg_sf10,q09,2,2026-06-17T10:30:11.019237+00:00,2026-06-17T10:30:13.887366+00:00,,,175,,,,,
d0d61b69883a468fac8fc6ff0b045d96,duckdb,1.5.2,tpch,10,c8gd.4xlarge,analytical,bench_iceberg_sf10,q10,0,2026-06-17T10:30:15.616062+00:00,2026-06-17T10:30:17.303228+00:00,true,,20,,,,,
d0d61b69883a468fac8fc6ff0b045d96,duckdb,1.5.2,tpch,10,c8gd.4xlarge,analytical,bench_iceberg_sf10,q10,1,2026-06-17T10:30:17.303818+00:00,2026-06-17T10:30:18.949582+00:00,,,20,,,,,
d0d61b69883a468fac8fc6ff0b045d96,duckdb,1.5.2,tpch,10,c8gd.4xlarge,analytical,bench_iceberg_sf10,q10,2,2026-06-17T10:30:18.949677+00:00,2026-06-17T10:30:20.588616+00:00,,,20,,,,,
d0d61b69883a468fac8fc6ff0b045d96,duckdb,1.5.2,tpch,10,c8gd.4xlarge,analytical,bench_iceberg_sf10,q11,0,2026-06-17T10:30:22.071178+00:00,2026-06-17T10:30:23.246955+00:00,true,,0,,,,,
d0d61b69883a468fac8fc6ff0b045d96,duckdb,1.5.2,tpch,10,c8gd.4xlarge,analytical,bench_iceberg_sf10,q11,1,2026-06-17T10:30:23.247257+00:00,2026-06-17T10:30:24.409022+00:00,,,0,,,,,
d0d61b69883a468fac8fc6ff0b045d96,duckdb,1.5.2,tpch,10,c8gd.4xlarge,analytical,bench_iceberg_sf10,q11,2,2026-06-17T10:30:24.409097+00:00,2026-06-17T10:30:25.587165+00:00,,,0,,,,,
d0d61b69883a468fac8fc6ff0b045d96,duckdb,1.5.2,tpch,10,c8gd.4xlarge,analytical,bench_iceberg_sf10,q12,0,2026-06-17T10:30:26.881058+00:00,2026-06-17T10:30:28.054451+00:00,true,,2,,,,,
d0d61b69883a468fac8fc6ff0b045d96,duckdb,1.5.2,tpch,10,c8gd.4xlarge,analytical,bench_iceberg_sf10,q12,1,2026-06-17T10:30:28.054737+00:00,2026-06-17T10:30:29.049007+00:00,,,2,,,,,
d0d61b69883a468fac8fc6ff0b045d96,duckdb,1.5.2,tpch,10,c8gd.4xlarge,analytical,bench_iceberg_sf10,q12,2,2026-06-17T10:30:29.049084+00:00,2026-06-17T10:30:29.984481+00:00,,,2,,,,,
d0d61b69883a468fac8fc6ff0b045d96,duckdb,1.5.2,tpch,10,c8gd.4xlarge,analytical,bench_iceberg_sf10,q13,0,2026-06-17T10:30:32.855462+00:00,2026-06-17T10:30:35.660578+00:00,true,,46,,,,,
d0d61b69883a468fac8fc6ff0b045d96,duckdb,1.5.2,tpch,10,c8gd.4xlarge,analytical,bench_iceberg_sf10,q13,1,2026-06-17T10:30:35.661026+00:00,2026-06-17T10:30:38.439588+00:00,,,46,,,,,
d0d61b69883a468fac8fc6ff0b045d96,duckdb,1.5.2,tpch,10,c8gd.4xlarge,analytical,bench_iceberg_sf10,q13,2,2026-06-17T10:30:38.439672+00:00,2026-06-17T10:30:41.190013+00:00,,,46,,,,,
d0d61b69883a468fac8fc6ff0b045d96,duckdb,1.5.2,tpch,10,c8gd.4xlarge,analytical,bench_iceberg_sf10,q14,0,2026-06-17T10:30:42.373691+00:00,2026-06-17T10:30:43.482448+00:00,true,,1,,,,,
d0d61b69883a468fac8fc6ff0b045d96,duckdb,1.5.2,tpch,10,c8gd.4xlarge,analytical,bench_iceberg_sf10,q14,1,2026-06-17T10:30:43.482752+00:00,2026-06-17T10:30:44.504832+00:00,,,1,,,,,
d0d61b69883a468fac8fc6ff0b045d96,duckdb,1.5.2,tpch,10,c8gd.4xlarge,analytical,bench_iceberg_sf10,q14,2,2026-06-17T10:30:44.504928+00:00,2026-06-17T10:30:45.538608+00:00,,,1,,,,,
d0d61b69883a468fac8fc6ff0b045d96,duckdb,1.5.2,tpch,10,c8gd.4xlarge,analytical,bench_iceberg_sf10,q15,0,2026-06-17T10:30:46.497909+00:00,2026-06-17T10:30:47.361437+00:00,true,,1,,,,,
d0d61b69883a468fac8fc6ff0b045d96,duckdb,1.5.2,tpch,10,c8gd.4xlarge,analytical,bench_iceberg_sf10,q15,1,2026-06-17T10:30:47.361730+00:00,2026-06-17T10:30:48.214966+00:00,,,1,,,,,
d0d61b69883a468fac8fc6ff0b045d96,duckdb,1.5.2,tpch,10,c8gd.4xlarge,analytical,bench_iceberg_sf10,q15,2,2026-06-17T10:30:48.215044+00:00,2026-06-17T10:30:49.074591+00:00,,,1,,,,,
d0d61b69883a468fac8fc6ff0b045d96,duckdb,1.5.2,tpch,10,c8gd.4xlarge,analytical,bench_iceberg_sf10,q16,0,2026-06-17T10:30:49.980773+00:00,2026-06-17T10:30:50.833889+00:00,true,,27840,,,,,
d0d61b69883a468fac8fc6ff0b045d96,duckdb,1.5.2,tpch,10,c8gd.4xlarge,analytical,bench_iceberg_sf10,q16,1,2026-06-17T10:30:51.000023+00:00,2026-06-17T10:30:51.851342+00:00,,,27840,,,,,
d0d61b69883a468fac8fc6ff0b045d96,duckdb,1.5.2,tpch,10,c8gd.4xlarge,analytical,bench_iceberg_sf10,q16,2,2026-06-17T10:30:51.852627+00:00,2026-06-17T10:30:52.676559+00:00,,,27840,,,,,
d0d61b69883a468fac8fc6ff0b045d96,duckdb,1.5.2,tpch,10,c8gd.4xlarge,analytical,bench_iceberg_sf10,q17,0,2026-06-17T10:30:54.169902+00:00,2026-06-17T10:30:55.662808+00:00,true,,1,,,,,
d0d61b69883a468fac8fc6ff0b045d96,duckdb,1.5.2,tpch,10,c8gd.4xlarge,analytical,bench_iceberg_sf10,q17,1,2026-06-17T10:30:55.663231+00:00,2026-06-17T10:30:57.141240+00:00,,,1,,,,,
d0d61b69883a468fac8fc6ff0b045d96,duckdb,1.5.2,tpch,10,c8gd.4xlarge,analytical,bench_iceberg_sf10,q17,2,2026-06-17T10:30:57.141323+00:00,2026-06-17T10:30:58.734441+00:00,,,1,,,,,
d0d61b69883a468fac8fc6ff0b045d96,duckdb,1.5.2,tpch,10,c8gd.4xlarge,analytical,bench_iceberg_sf10,q18,0,2026-06-17T10:31:00.375878+00:00,2026-06-17T10:31:01.938049+00:00,true,,100,,,,,
d0d61b69883a468fac8fc6ff0b045d96,duckdb,1.5.2,tpch,10,c8gd.4xlarge,analytical,bench_iceberg_sf10,q18,1,2026-06-17T10:31:01.939052+00:00,2026-06-17T10:31:03.720218+00:00,,,100,,,,,
d0d61b69883a468fac8fc6ff0b045d96,duckdb,1.5.2,tpch,10,c8gd.4xlarge,analytical,bench_iceberg_sf10,q18,2,2026-06-17T10:31:03.720310+00:00,2026-06-17T10:31:05.301380+00:00,,,100,,,,,
d0d61b69883a468fac8fc6ff0b045d96,duckdb,1.5.2,tpch,10,c8gd.4xlarge,analytical,bench_iceberg_sf10,q19,0,2026-06-17T10:31:06.651194+00:00,2026-06-17T10:31:07.835960+00:00,true,,1,,,,,
d0d61b69883a468fac8fc6ff0b045d96,duckdb,1.5.2,tpch,10,c8gd.4xlarge,analytical,bench_iceberg_sf10,q19,1,2026-06-17T10:31:07.836266+00:00,2026-06-17T10:31:09.097172+00:00,,,1,,,,,
d0d61b69883a468fac8fc6ff0b045d96,duckdb,1.5.2,tpch,10,c8gd.4xlarge,analytical,bench_iceberg_sf10,q19,2,2026-06-17T10:31:09.097249+00:00,2026-06-17T10:31:10.301979+00:00,,,1,,,,,
d0d61b69883a468fac8fc6ff0b045d96,duckdb,1.5.2,tpch,10,c8gd.4xlarge,analytical,bench_iceberg_sf10,q20,0,2026-06-17T10:31:12.008378+00:00,2026-06-17T10:31:13.663411+00:00,true,,1804,,,,,
d0d61b69883a468fac8fc6ff0b045d96,duckdb,1.5.2,tpch,10,c8gd.4xlarge,analytical,bench_iceberg_sf10,q20,1,2026-06-17T10:31:13.669795+00:00,2026-06-17T10:31:15.233596+00:00,,,1804,,,,,
d0d61b69883a468fac8fc6ff0b045d96,duckdb,1.5.2,tpch,10,c8gd.4xlarge,analytical,bench_iceberg_sf10,q20,2,2026-06-17T10:31:15.233766+00:00,2026-06-17T10:31:16.798449+00:00,,,1804,,,,,
d0d61b69883a468fac8fc6ff0b045d96,duckdb,1.5.2,tpch,10,c8gd.4xlarge,analytical,bench_iceberg_sf10,q21,0,2026-06-17T10:31:19.264247+00:00,2026-06-17T10:31:21.590365+00:00,true,,100,,,,,
d0d61b69883a468fac8fc6ff0b045d96,duckdb,1.5.2,tpch,10,c8gd.4xlarge,analytical,bench_iceberg_sf10,q21,1,2026-06-17T10:31:21.591075+00:00,2026-06-17T10:31:23.969429+00:00,,,100,,,,,
d0d61b69883a468fac8fc6ff0b045d96,duckdb,1.5.2,tpch,10,c8gd.4xlarge,analytical,bench_iceberg_sf10,q21,2,2026-06-17T10:31:23.969516+00:00,2026-06-17T10:31:26.366650+00:00,,,100,,,,,
d0d61b69883a468fac8fc6ff0b045d96,duckdb,1.5.2,tpch,10,c8gd.4xlarge,analytical,bench_iceberg_sf10,q22,0,2026-06-17T10:31:27.433314+00:00,2026-06-17T10:31:28.400396+00:00,true,,7,,,,,
d0d61b69883a468fac8fc6ff0b045d96,duckdb,1.5.2,tpch,10,c8gd.4xlarge,analytical,bench_iceberg_sf10,q22,1,2026-06-17T10:31:28.400843+00:00,2026-06-17T10:31:29.355956+00:00,,,7,,,,,
d0d61b69883a468fac8fc6ff0b045d96,duckdb,1.5.2,tpch,10,c8gd.4xlarge,analytical,bench_iceberg_sf10,q22,2,2026-06-17T10:31:29.356035+00:00,2026-06-17T10:31:30.310755+00:00,,,7,,,,,
57ce5ad2a7ab46dcb633fc225ea4046a,duckdb,1.5.2,tpch,10,c8gd.4xlarge,load,bench_d1cd56ac,load,0,2026-06-17T10:59:19.787615+00:00,2026-06-17T10:59:42.821363+00:00,,,,,,,,
12f9a66e71394b6e86533707f9aec922,duckdb,1.5.2,tpch,10,c8gd.4xlarge,load,bench_58032e2a,load,0,2026-06-17T11:00:01.490741+00:00,2026-06-17T11:00:24.461157+00:00,,,,,,,,
0ded45be01a146799864c862dace1595,duckdb,1.5.2,tpch,10,c8gd.4xlarge,power,bench_58032e2a,q14,0,2026-06-17T11:07:03.399922+00:00,2026-06-17T11:07:10.240391+00:00,,,1,,,,,
0ded45be01a146799864c862dace1595,duckdb,1.5.2,tpch,10,c8gd.4xlarge,power,bench_58032e2a,q02,0,2026-06-17T11:07:10.240659+00:00,2026-06-17T11:07:13.085250+00:00,,,100,,,,,
0ded45be01a146799864c862dace1595,duckdb,1.5.2,tpch,10,c8gd.4xlarge,power,bench_58032e2a,q09,0,2026-06-17T11:07:13.085528+00:00,2026-06-17T11:07:21.159823+00:00,,,175,,,,,
0ded45be01a146799864c862dace1595,duckdb,1.5.2,tpch,10,c8gd.4xlarge,power,bench_58032e2a,q20,0,2026-06-17T11:07:21.160123+00:00,2026-06-17T11:07:27.363590+00:00,,,1804,,,,,
0ded45be01a146799864c862dace1595,duckdb,1.5.2,tpch,10,c8gd.4xlarge,power,bench_58032e2a,q06,0,2026-06-17T11:07:27.363870+00:00,2026-06-17T11:07:32.346211+00:00,,,1,,,,,
0ded45be01a146799864c862dace1595,duckdb,1.5.2,tpch,10,c8gd.4xlarge,power,bench_58032e2a,q17,0,2026-06-17T11:07:32.346438+00:00,2026-06-17T11:07:39.365413+00:00,,,1,,,,,
0ded45be01a146799864c862dace1595,duckdb,1.5.2,tpch,10,c8gd.4xlarge,power,bench_58032e2a,q18,0,2026-06-17T11:07:39.365751+00:00,2026-06-17T11:07:47.495199+00:00,,,100,,,,,
0ded45be01a146799864c862dace1595,duckdb,1.5.2,tpch,10,c8gd.4xlarge,power,bench_58032e2a,q08,0,2026-06-17T11:07:47.495671+00:00,2026-06-17T11:07:54.934435+00:00,,,2,,,,,
0ded45be01a146799864c862dace1595,duckdb,1.5.2,tpch,10,c8gd.4xlarge,power,bench_58032e2a,q21,0,2026-06-17T11:07:54.934719+00:00,2026-06-17T11:08:08.137545+00:00,,,100,,,,,
0ded45be01a146799864c862dace1595,duckdb,1.5.2,tpch,10,c8gd.4xlarge,power,bench_58032e2a,q13,0,2026-06-17T11:08:08.138036+00:00,2026-06-17T11:08:09.926345+00:00,,,46,,,,,
0ded45be01a146799864c862dace1595,duckdb,1.5.2,tpch,10,c8gd.4xlarge,power,bench_58032e2a,q03,0,2026-06-17T11:08:09.926621+00:00,2026-06-17T11:08:15.900744+00:00,,,10,,,,,
0ded45be01a146799864c862dace1595,duckdb,1.5.2,tpch,10,c8gd.4xlarge,power,bench_58032e2a,q22,0,2026-06-17T11:08:15.901053+00:00,2026-06-17T11:08:17.308327+00:00,,,7,,,,,
0ded45be01a146799864c862dace1595,duckdb,1.5.2,tpch,10,c8gd.4xlarge,power,bench_58032e2a,q16,0,2026-06-17T11:08:17.308607+00:00,2026-06-17T11:08:18.477626+00:00,,,27840,,,,,
0ded45be01a146799864c862dace1595,duckdb,1.5.2,tpch,10,c8gd.4xlarge,power,bench_58032e2a,q04,0,2026-06-17T11:08:18.479372+00:00,2026-06-17T11:08:23.015473+00:00,,,5,,,,,
0ded45be01a146799864c862dace1595,duckdb,1.5.2,tpch,10,c8gd.4xlarge,power,bench_58032e2a,q11,0,2026-06-17T11:08:23.015906+00:00,2026-06-17T11:08:24.789803+00:00,,,0,,,,,
0ded45be01a146799864c862dace1595,duckdb,1.5.2,tpch,10,c8gd.4xlarge,power,bench_58032e2a,q15,0,2026-06-17T11:08:24.790145+00:00,2026-06-17T11:08:29.445852+00:00,,,1,,,,,
0ded45be01a146799864c862dace1595,duckdb,1.5.2,tpch,10,c8gd.4xlarge,power,bench_58032e2a,q01,0,2026-06-17T11:08:29.446104+00:00,2026-06-17T11:08:33.779678+00:00,,,4,,,,,
0ded45be01a146799864c862dace1595,duckdb,1.5.2,tpch,10,c8gd.4xlarge,power,bench_58032e2a,q10,0,2026-06-17T11:08:33.779977+00:00,2026-06-17T11:08:40.182381+00:00,,,20,,,,,
0ded45be01a146799864c862dace1595,duckdb,1.5.2,tpch,10,c8gd.4xlarge,power,bench_58032e2a,q19,0,2026-06-17T11:08:40.182742+00:00,2026-06-17T11:08:46.398963+00:00,,,1,,,,,
0ded45be01a146799864c862dace1595,duckdb,1.5.2,tpch,10,c8gd.4xlarge,power,bench_58032e2a,q05,0,2026-06-17T11:08:46.399164+00:00,2026-06-17T11:08:52.696038+00:00,,,5,,,,,
0ded45be01a146799864c862dace1595,duckdb,1.5.2,tpch,10,c8gd.4xlarge,power,bench_58032e2a,q07,0,2026-06-17T11:08:52.696408+00:00,2026-06-17T11:08:59.312346+00:00,,,4,,,,,
0ded45be01a146799864c862dace1595,duckdb,1.5.2,tpch,10,c8gd.4xlarge,power,bench_58032e2a,q12,0,2026-06-17T11:08:59.312565+00:00,2026-06-17T11:09:05.186140+00:00,,,2,,,,,
0ded45be01a146799864c862dace1595,duckdb,1.5.2,tpch,10,c8gd.4xlarge,power,bench_58032e2a,RF1_set1,0,2026-06-17T11:07:02.435631+00:00,2026-06-17T11:07:03.399690+00:00,,,,,,,,
0ded45be01a146799864c862dace1595,duckdb,1.5.2,tpch,10,c8gd.4xlarge,power,bench_58032e2a,RF2_set1,0,2026-06-17T11:09:05.186234+00:00,2026-06-17T11:09:06.206688+00:00,,,,,,,,
4aa0c00e9d3947feb0f04d38d859a5cd,duckdb,1.5.2,tpch,10,c8gd.4xlarge,throughput,bench_58032e2a,q14,1,2026-06-17T12:26:10.551143+00:00,2026-06-17T12:26:21.970448+00:00,,,1,,,,,
4aa0c00e9d3947feb0f04d38d859a5cd,duckdb,1.5.2,tpch,10,c8gd.4xlarge,throughput,bench_58032e2a,q02,1,2026-06-17T12:26:21.970673+00:00,2026-06-17T12:26:28.117560+00:00,,,100,,,,,
4aa0c00e9d3947feb0f04d38d859a5cd,duckdb,1.5.2,tpch,10,c8gd.4xlarge,throughput,bench_58032e2a,q09,1,2026-06-17T12:26:28.117780+00:00,2026-06-17T12:26:44.016929+00:00,,,175,,,,,
4aa0c00e9d3947feb0f04d38d859a5cd,duckdb,1.5.2,tpch,10,c8gd.4xlarge,throughput,bench_58032e2a,q20,1,2026-06-17T12:26:44.017154+00:00,2026-06-17T12:27:01.511031+00:00,,,1804,,,,,
4aa0c00e9d3947feb0f04d38d859a5cd,duckdb,1.5.2,tpch,10,c8gd.4xlarge,throughput,bench_58032e2a,q06,1,2026-06-17T12:27:01.511523+00:00,2026-06-17T12:27:12.258089+00:00,,,1,,,,,
4aa0c00e9d3947feb0f04d38d859a5cd,duckdb,1.5.2,tpch,10,c8gd.4xlarge,throughput,bench_58032e2a,q17,1,2026-06-17T12:27:12.258308+00:00,2026-06-17T12:27:32.273463+00:00,,,1,,,,,
4aa0c00e9d3947feb0f04d38d859a5cd,duckdb,1.5.2,tpch,10,c8gd.4xlarge,throughput,bench_58032e2a,q18,1,2026-06-17T12:27:32.273741+00:00,2026-06-17T12:27:53.738082+00:00,,,100,,,,,
4aa0c00e9d3947feb0f04d38d859a5cd,duckdb,1.5.2,tpch,10,c8gd.4xlarge,throughput,bench_58032e2a,q08,1,2026-06-17T12:27:53.738454+00:00,2026-06-17T12:28:11.920009+00:00,,,2,,,,,
4aa0c00e9d3947feb0f04d38d859a5cd,duckdb,1.5.2,tpch,10,c8gd.4xlarge,throughput,bench_58032e2a,q21,1,2026-06-17T12:28:11.920670+00:00,2026-06-17T12:28:19.517687+00:00,,,100,,,,,
4aa0c00e9d3947feb0f04d38d859a5cd,duckdb,1.5.2,tpch,10,c8gd.4xlarge,throughput,bench_58032e2a,q13,1,2026-06-17T12:28:19.518028+00:00,2026-06-17T12:28:22.590543+00:00,,,46,,,,,
4aa0c00e9d3947feb0f04d38d859a5cd,duckdb,1.5.2,tpch,10,c8gd.4xlarge,throughput,bench_58032e2a,q03,1,2026-06-17T12:28:22.590817+00:00,2026-06-17T12:28:26.102639+00:00,,,10,,,,,
4aa0c00e9d3947feb0f04d38d859a5cd,duckdb,1.5.2,tpch,10,c8gd.4xlarge,throughput,bench_58032e2a,q22,1,2026-06-17T12:28:26.102892+00:00,2026-06-17T12:28:29.014523+00:00,,,7,,,,,
4aa0c00e9d3947feb0f04d38d859a5cd,duckdb,1.5.2,tpch,10,c8gd.4xlarge,throughput,bench_58032e2a,q16,1,2026-06-17T12:28:29.014770+00:00,2026-06-17T12:28:31.322507+00:00,,,27840,,,,,
4aa0c00e9d3947feb0f04d38d859a5cd,duckdb,1.5.2,tpch,10,c8gd.4xlarge,throughput,bench_58032e2a,q04,1,2026-06-17T12:28:31.324100+00:00,2026-06-17T12:28:33.839762+00:00,,,5,,,,,
4aa0c00e9d3947feb0f04d38d859a5cd,duckdb,1.5.2,tpch,10,c8gd.4xlarge,throughput,bench_58032e2a,q11,1,2026-06-17T12:28:33.840014+00:00,2026-06-17T12:28:37.479653+00:00,,,0,,,,,
4aa0c00e9d3947feb0f04d38d859a5cd,duckdb,1.5.2,tpch,10,c8gd.4xlarge,throughput,bench_58032e2a,q15,1,2026-06-17T12:28:37.479988+00:00,2026-06-17T12:28:38.771959+00:00,,,1,,,,,
4aa0c00e9d3947feb0f04d38d859a5cd,duckdb,1.5.2,tpch,10,c8gd.4xlarge,throughput,bench_58032e2a,q01,1,2026-06-17T12:28:38.772200+00:00,2026-06-17T12:28:40.770088+00:00,,,4,,,,,
4aa0c00e9d3947feb0f04d38d859a5cd,duckdb,1.5.2,tpch,10,c8gd.4xlarge,throughput,bench_58032e2a,q10,1,2026-06-17T12:28:40.770384+00:00,2026-06-17T12:28:44.157728+00:00,,,20,,,,,
4aa0c00e9d3947feb0f04d38d859a5cd,duckdb,1.5.2,tpch,10,c8gd.4xlarge,throughput,bench_58032e2a,q19,1,2026-06-17T12:28:44.158607+00:00,2026-06-17T12:28:46.665729+00:00,,,1,,,,,
4aa0c00e9d3947feb0f04d38d859a5cd,duckdb,1.5.2,tpch,10,c8gd.4xlarge,throughput,bench_58032e2a,q05,1,2026-06-17T12:28:46.666070+00:00,2026-06-17T12:28:51.967381+00:00,,,5,,,,,
4aa0c00e9d3947feb0f04d38d859a5cd,duckdb,1.5.2,tpch,10,c8gd.4xlarge,throughput,bench_58032e2a,q07,1,2026-06-17T12:28:51.967910+00:00,2026-06-17T12:28:56.724040+00:00,,,4,,,,,
4aa0c00e9d3947feb0f04d38d859a5cd,duckdb,1.5.2,tpch,10,c8gd.4xlarge,throughput,bench_58032e2a,q12,1,2026-06-17T12:28:56.724279+00:00,2026-06-17T12:28:58.647561+00:00,,,2,,,,,
4aa0c00e9d3947feb0f04d38d859a5cd,duckdb,1.5.2,tpch,10,c8gd.4xlarge,throughput,bench_58032e2a,q14,2,2026-06-17T12:26:10.551067+00:00,2026-06-17T12:26:25.029730+00:00,,,1,,,,,
4aa0c00e9d3947feb0f04d38d859a5cd,duckdb,1.5.2,tpch,10,c8gd.4xlarge,throughput,bench_58032e2a,q02,2,2026-06-17T12:26:25.029963+00:00,2026-06-17T12:26:28.374675+00:00,,,100,,,,,
4aa0c00e9d3947feb0f04d38d859a5cd,duckdb,1.5.2,tpch,10,c8gd.4xlarge,throughput,bench_58032e2a,q09,2,2026-06-17T12:26:28.374932+00:00,2026-06-17T12:26:47.555309+00:00,,,175,,,,,
4aa0c00e9d3947feb0f04d38d859a5cd,duckdb,1.5.2,tpch,10,c8gd.4xlarge,throughput,bench_58032e2a,q20,2,2026-06-17T12:26:47.555533+00:00,2026-06-17T12:27:08.043784+00:00,,,1804,,,,,
4aa0c00e9d3947feb0f04d38d859a5cd,duckdb,1.5.2,tpch,10,c8gd.4xlarge,throughput,bench_58032e2a,q06,2,2026-06-17T12:27:08.044066+00:00,2026-06-17T12:27:18.015499+00:00,,,1,,,,,
4aa0c00e9d3947feb0f04d38d859a5cd,duckdb,1.5.2,tpch,10,c8gd.4xlarge,throughput,bench_58032e2a,q17,2,2026-06-17T12:27:18.015707+00:00,2026-06-17T12:27:35.186231+00:00,,,1,,,,,
4aa0c00e9d3947feb0f04d38d859a5cd,duckdb,1.5.2,tpch,10,c8gd.4xlarge,throughput,bench_58032e2a,q18,2,2026-06-17T12:27:35.186461+00:00,2026-06-17T12:27:49.574429+00:00,,,100,,,,,
4aa0c00e9d3947feb0f04d38d859a5cd,duckdb,1.5.2,tpch,10,c8gd.4xlarge,throughput,bench_58032e2a,q08,2,2026-06-17T12:27:49.575318+00:00,2026-06-17T12:28:05.199265+00:00,,,2,,,,,
4aa0c00e9d3947feb0f04d38d859a5cd,duckdb,1.5.2,tpch,10,c8gd.4xlarge,throughput,bench_58032e2a,q21,2,2026-06-17T12:28:05.199522+00:00,2026-06-17T12:28:14.222951+00:00,,,100,,,,,
4aa0c00e9d3947feb0f04d38d859a5cd,duckdb,1.5.2,tpch,10,c8gd.4xlarge,throughput,bench_58032e2a,q13,2,2026-06-17T12:28:14.223206+00:00,2026-06-17T12:28:17.351336+00:00,,,46,,,,,
4aa0c00e9d3947feb0f04d38d859a5cd,duckdb,1.5.2,tpch,10,c8gd.4xlarge,throughput,bench_58032e2a,q03,2,2026-06-17T12:28:17.351799+00:00,2026-06-17T12:28:23.564630+00:00,,,10,,,,,
4aa0c00e9d3947feb0f04d38d859a5cd,duckdb,1.5.2,tpch,10,c8gd.4xlarge,throughput,bench_58032e2a,q22,2,2026-06-17T12:28:23.564902+00:00,2026-06-17T12:28:26.723238+00:00,,,7,,,,,
4aa0c00e9d3947feb0f04d38d859a5cd,duckdb,1.5.2,tpch,10,c8gd.4xlarge,throughput,bench_58032e2a,q16,2,2026-06-17T12:28:26.723482+00:00,2026-06-17T12:28:29.073213+00:00,,,27840,,,,,
4aa0c00e9d3947feb0f04d38d859a5cd,duckdb,1.5.2,tpch,10,c8gd.4xlarge,throughput,bench_58032e2a,q04,2,2026-06-17T12:28:29.074645+00:00,2026-06-17T12:28:31.802028+00:00,,,5,,,,,
4aa0c00e9d3947feb0f04d38d859a5cd,duckdb,1.5.2,tpch,10,c8gd.4xlarge,throughput,bench_58032e2a,q11,2,2026-06-17T12:28:31.802318+00:00,2026-06-17T12:28:35.504792+00:00,,,0,,,,,
4aa0c00e9d3947feb0f04d38d859a5cd,duckdb,1.5.2,tpch,10,c8gd.4xlarge,throughput,bench_58032e2a,q15,2,2026-06-17T12:28:35.505100+00:00,2026-06-17T12:28:36.921979+00:00,,,1,,,,,
4aa0c00e9d3947feb0f04d38d859a5cd,duckdb,1.5.2,tpch,10,c8gd.4xlarge,throughput,bench_58032e2a,q01,2,2026-06-17T12:28:36.922181+00:00,2026-06-17T12:28:38.221463+00:00,,,4,,,,,
4aa0c00e9d3947feb0f04d38d859a5cd,duckdb,1.5.2,tpch,10,c8gd.4xlarge,throughput,bench_58032e2a,q10,2,2026-06-17T12:28:38.221720+00:00,2026-06-17T12:28:42.647474+00:00,,,20,,,,,
4aa0c00e9d3947feb0f04d38d859a5cd,duckdb,1.5.2,tpch,10,c8gd.4xlarge,throughput,bench_58032e2a,q19,2,2026-06-17T12:28:42.648509+00:00,2026-06-17T12:28:44.255095+00:00,,,1,,,,,
4aa0c00e9d3947feb0f04d38d859a5cd,duckdb,1.5.2,tpch,10,c8gd.4xlarge,throughput,bench_58032e2a,q05,2,2026-06-17T12:28:44.255331+00:00,2026-06-17T12:28:48.893476+00:00,,,5,,,,,
4aa0c00e9d3947feb0f04d38d859a5cd,duckdb,1.5.2,tpch,10,c8gd.4xlarge,throughput,bench_58032e2a,q07,2,2026-06-17T12:28:48.893826+00:00,2026-06-17T12:28:53.324399+00:00,,,4,,,,,
4aa0c00e9d3947feb0f04d38d859a5cd,duckdb,1.5.2,tpch,10,c8gd.4xlarge,throughput,bench_58032e2a,q12,2,2026-06-17T12:28:53.324818+00:00,2026-06-17T12:28:55.866778+00:00,,,2,,,,,
4aa0c00e9d3947feb0f04d38d859a5cd,duckdb,1.5.2,tpch,10,c8gd.4xlarge,throughput,bench_58032e2a,q14,3,2026-06-17T12:26:10.550981+00:00,2026-06-17T12:26:17.969751+00:00,,,1,,,,,
4aa0c00e9d3947feb0f04d38d859a5cd,duckdb,1.5.2,tpch,10,c8gd.4xlarge,throughput,bench_58032e2a,q02,3,2026-06-17T12:26:17.970003+00:00,2026-06-17T12:26:27.499079+00:00,,,100,,,,,
4aa0c00e9d3947feb0f04d38d859a5cd,duckdb,1.5.2,tpch,10,c8gd.4xlarge,throughput,bench_58032e2a,q09,3,2026-06-17T12:26:27.499294+00:00,2026-06-17T12:26:41.303780+00:00,,,175,,,,,
4aa0c00e9d3947feb0f04d38d859a5cd,duckdb,1.5.2,tpch,10,c8gd.4xlarge,throughput,bench_58032e2a,q20,3,2026-06-17T12:26:41.304008+00:00,2026-06-17T12:26:53.074809+00:00,,,1804,,,,,
4aa0c00e9d3947feb0f04d38d859a5cd,duckdb,1.5.2,tpch,10,c8gd.4xlarge,throughput,bench_58032e2a,q06,3,2026-06-17T12:26:53.075057+00:00,2026-06-17T12:27:01.744140+00:00,,,1,,,,,
4aa0c00e9d3947feb0f04d38d859a5cd,duckdb,1.5.2,tpch,10,c8gd.4xlarge,throughput,bench_58032e2a,q17,3,2026-06-17T12:27:01.744349+00:00,2026-06-17T12:27:23.335497+00:00,,,1,,,,,
4aa0c00e9d3947feb0f04d38d859a5cd,duckdb,1.5.2,tpch,10,c8gd.4xlarge,throughput,bench_58032e2a,q18,3,2026-06-17T12:27:23.335721+00:00,2026-06-17T12:27:43.113029+00:00,,,100,,,,,
4aa0c00e9d3947feb0f04d38d859a5cd,duckdb,1.5.2,tpch,10,c8gd.4xlarge,throughput,bench_58032e2a,q08,3,2026-06-17T12:27:43.113495+00:00,2026-06-17T12:27:58.991325+00:00,,,2,,,,,
4aa0c00e9d3947feb0f04d38d859a5cd,duckdb,1.5.2,tpch,10,c8gd.4xlarge,throughput,bench_58032e2a,q21,3,2026-06-17T12:27:58.991621+00:00,2026-06-17T12:28:12.429456+00:00,,,100,,,,,
4aa0c00e9d3947feb0f04d38d859a5cd,duckdb,1.5.2,tpch,10,c8gd.4xlarge,throughput,bench_58032e2a,q13,3,2026-06-17T12:28:12.429787+00:00,2026-06-17T12:28:16.104426+00:00,,,46,,,,,
4aa0c00e9d3947feb0f04d38d859a5cd,duckdb,1.5.2,tpch,10,c8gd.4xlarge,throughput,bench_58032e2a,q03,3,2026-06-17T12:28:16.104705+00:00,2026-06-17T12:28:20.270088+00:00,,,10,,,,,
4aa0c00e9d3947feb0f04d38d859a5cd,duckdb,1.5.2,tpch,10,c8gd.4xlarge,throughput,bench_58032e2a,q22,3,2026-06-17T12:28:20.270308+00:00,2026-06-17T12:28:23.028812+00:00,,,7,,,,,
4aa0c00e9d3947feb0f04d38d859a5cd,duckdb,1.5.2,tpch,10,c8gd.4xlarge,throughput,bench_58032e2a,q16,3,2026-06-17T12:28:23.029260+00:00,2026-06-17T12:28:25.515836+00:00,,,27840,,,,,
4aa0c00e9d3947feb0f04d38d859a5cd,duckdb,1.5.2,tpch,10,c8gd.4xlarge,throughput,bench_58032e2a,q04,3,2026-06-17T12:28:25.517350+00:00,2026-06-17T12:28:28.484593+00:00,,,5,,,,,
4aa0c00e9d3947feb0f04d38d859a5cd,duckdb,1.5.2,tpch,10,c8gd.4xlarge,throughput,bench_58032e2a,q11,3,2026-06-17T12:28:28.484838+00:00,2026-06-17T12:28:31.881126+00:00,,,0,,,,,
4aa0c00e9d3947feb0f04d38d859a5cd,duckdb,1.5.2,tpch,10,c8gd.4xlarge,throughput,bench_58032e2a,q15,3,2026-06-17T12:28:31.881371+00:00,2026-06-17T12:28:33.452495+00:00,,,1,,,,,
4aa0c00e9d3947feb0f04d38d859a5cd,duckdb,1.5.2,tpch,10,c8gd.4xlarge,throughput,bench_58032e2a,q01,3,2026-06-17T12:28:33.452744+00:00,2026-06-17T12:28:34.638161+00:00,,,4,,,,,
4aa0c00e9d3947feb0f04d38d859a5cd,duckdb,1.5.2,tpch,10,c8gd.4xlarge,throughput,bench_58032e2a,q10,3,2026-06-17T12:28:34.638473+00:00,2026-06-17T12:28:38.959814+00:00,,,20,,,,,
4aa0c00e9d3947feb0f04d38d859a5cd,duckdb,1.5.2,tpch,10,c8gd.4xlarge,throughput,bench_58032e2a,q19,3,2026-06-17T12:28:38.960684+00:00,2026-06-17T12:28:42.404104+00:00,,,1,,,,,
4aa0c00e9d3947feb0f04d38d859a5cd,duckdb,1.5.2,tpch,10,c8gd.4xlarge,throughput,bench_58032e2a,q05,3,2026-06-17T12:28:42.404318+00:00,2026-06-17T12:28:46.687568+00:00,,,5,,,,,
4aa0c00e9d3947feb0f04d38d859a5cd,duckdb,1.5.2,tpch,10,c8gd.4xlarge,throughput,bench_58032e2a,q07,3,2026-06-17T12:28:46.687847+00:00,2026-06-17T12:28:51.052181+00:00,,,4,,,,,
4aa0c00e9d3947feb0f04d38d859a5cd,duckdb,1.5.2,tpch,10,c8gd.4xlarge,throughput,bench_58032e2a,q12,3,2026-06-17T12:28:51.052468+00:00,2026-06-17T12:28:54.066770+00:00,,,2,,,,,
4aa0c00e9d3947feb0f04d38d859a5cd,duckdb,1.5.2,tpch,10,c8gd.4xlarge,throughput,bench_58032e2a,RF_set2,0,2026-06-17T12:26:10.550777+00:00,2026-06-17T12:26:13.282434+00:00,,,,,,,,
e33f4ca2ac4c4443bdff659f3575d055,duckdb,1.5.2,tpch,10,c8gd.4xlarge,throughput,bench_a4a09830,q14,1,2026-06-17T12:34:20.222284+00:00,2026-06-17T12:34:26.265803+00:00,,,1,,,,,
e33f4ca2ac4c4443bdff659f3575d055,duckdb,1.5.2,tpch,10,c8gd.4xlarge,throughput,bench_a4a09830,q02,1,2026-06-17T12:34:26.266023+00:00,2026-06-17T12:34:32.003408+00:00,,,100,,,,,
e33f4ca2ac4c4443bdff659f3575d055,duckdb,1.5.2,tpch,10,c8gd.4xlarge,throughput,bench_a4a09830,q09,1,2026-06-17T12:34:32.003626+00:00,2026-06-17T12:34:44.928644+00:00,,,175,,,,,
e33f4ca2ac4c4443bdff659f3575d055,duckdb,1.5.2,tpch,10,c8gd.4xlarge,throughput,bench_a4a09830,q20,1,2026-06-17T12:34:44.928894+00:00,2026-06-17T12:34:52.270266+00:00,,,1804,,,,,
e33f4ca2ac4c4443bdff659f3575d055,duckdb,1.5.2,tpch,10,c8gd.4xlarge,throughput,bench_a4a09830,q06,1,2026-06-17T12:34:52.270518+00:00,2026-06-17T12:35:03.020221+00:00,,,1,,,,,
e33f4ca2ac4c4443bdff659f3575d055,duckdb,1.5.2,tpch,10,c8gd.4xlarge,throughput,bench_a4a09830,q17,1,2026-06-17T12:35:03.020422+00:00,2026-06-17T12:35:12.721843+00:00,,,1,,,,,
e33f4ca2ac4c4443bdff659f3575d055,duckdb,1.5.2,tpch,10,c8gd.4xlarge,throughput,bench_a4a09830,q18,1,2026-06-17T12:35:12.722049+00:00,2026-06-17T12:35:23.084533+00:00,,,100,,,,,
e33f4ca2ac4c4443bdff659f3575d055,duckdb,1.5.2,tpch,10,c8gd.4xlarge,throughput,bench_a4a09830,q08,1,2026-06-17T12:35:23.084763+00:00,2026-06-17T12:35:35.458596+00:00,,,2,,,,,
e33f4ca2ac4c4443bdff659f3575d055,duckdb,1.5.2,tpch,10,c8gd.4xlarge,throughput,bench_a4a09830,q21,1,2026-06-17T12:35:35.458805+00:00,2026-06-17T12:35:54.982018+00:00,,,100,,,,,
e33f4ca2ac4c4443bdff659f3575d055,duckdb,1.5.2,tpch,10,c8gd.4xlarge,throughput,bench_a4a09830,q13,1,2026-06-17T12:35:54.982225+00:00,2026-06-17T12:35:57.909069+00:00,,,46,,,,,
e33f4ca2ac4c4443bdff659f3575d055,duckdb,1.5.2,tpch,10,c8gd.4xlarge,throughput,bench_a4a09830,q03,1,2026-06-17T12:35:57.909338+00:00,2026-06-17T12:36:06.736099+00:00,,,10,,,,,
e33f4ca2ac4c4443bdff659f3575d055,duckdb,1.5.2,tpch,10,c8gd.4xlarge,throughput,bench_a4a09830,q22,1,2026-06-17T12:36:06.736299+00:00,2026-06-17T12:36:09.217063+00:00,,,7,,,,,
e33f4ca2ac4c4443bdff659f3575d055,duckdb,1.5.2,tpch,10,c8gd.4xlarge,throughput,bench_a4a09830,q16,1,2026-06-17T12:36:09.217274+00:00,2026-06-17T12:36:10.277032+00:00,,,27840,,,,,
e33f4ca2ac4c4443bdff659f3575d055,duckdb,1.5.2,tpch,10,c8gd.4xlarge,throughput,bench_a4a09830,q04,1,2026-06-17T12:36:10.278293+00:00,2026-06-17T12:36:14.865701+00:00,,,5,,,,,
e33f4ca2ac4c4443bdff659f3575d055,duckdb,1.5.2,tpch,10,c8gd.4xlarge,throughput,bench_a4a09830,q11,1,2026-06-17T12:36:14.865920+00:00,2026-06-17T12:36:16.242581+00:00,,,0,,,,,
e33f4ca2ac4c4443bdff659f3575d055,duckdb,1.5.2,tpch,10,c8gd.4xlarge,throughput,bench_a4a09830,q15,1,2026-06-17T12:36:16.242784+00:00,2026-06-17T12:36:21.381809+00:00,,,1,,,,,
e33f4ca2ac4c4443bdff659f3575d055,duckdb,1.5.2,tpch,10,c8gd.4xlarge,throughput,bench_a4a09830,q01,1,2026-06-17T12:36:21.382019+00:00,2026-06-17T12:36:28.994915+00:00,,,4,,,,,
e33f4ca2ac4c4443bdff659f3575d055,duckdb,1.5.2,tpch,10,c8gd.4xlarge,throughput,bench_a4a09830,q10,1,2026-06-17T12:36:28.995128+00:00,2026-06-17T12:36:43.845167+00:00,,,20,,,,,
e33f4ca2ac4c4443bdff659f3575d055,duckdb,1.5.2,tpch,10,c8gd.4xlarge,throughput,bench_a4a09830,q19,1,2026-06-17T12:36:43.845379+00:00,2026-06-17T12:36:54.566077+00:00,,,1,,,,,
e33f4ca2ac4c4443bdff659f3575d055,duckdb,1.5.2,tpch,10,c8gd.4xlarge,throughput,bench_a4a09830,q05,1,2026-06-17T12:36:54.566270+00:00,2026-06-17T12:37:07.264265+00:00,,,5,,,,,
e33f4ca2ac4c4443bdff659f3575d055,duckdb,1.5.2,tpch,10,c8gd.4xlarge,throughput,bench_a4a09830,q07,1,2026-06-17T12:37:07.264470+00:00,2026-06-17T12:37:19.923267+00:00,,,4,,,,,
e33f4ca2ac4c4443bdff659f3575d055,duckdb,1.5.2,tpch,10,c8gd.4xlarge,throughput,bench_a4a09830,q12,1,2026-06-17T12:37:19.923466+00:00,2026-06-17T12:37:24.145571+00:00,,,2,,,,,
e33f4ca2ac4c4443bdff659f3575d055,duckdb,1.5.2,tpch,10,c8gd.4xlarge,throughput,bench_a4a09830,q14,2,2026-06-17T12:34:20.222188+00:00,2026-06-17T12:34:30.091160+00:00,,,1,,,,,
e33f4ca2ac4c4443bdff659f3575d055,duckdb,1.5.2,tpch,10,c8gd.4xlarge,throughput,bench_a4a09830,q02,2,2026-06-17T12:34:30.091355+00:00,2026-06-17T12:34:32.645056+00:00,,,100,,,,,
e33f4ca2ac4c4443bdff659f3575d055,duckdb,1.5.2,tpch,10,c8gd.4xlarge,throughput,bench_a4a09830,q09,2,2026-06-17T12:34:32.645291+00:00,2026-06-17T12:34:45.892496+00:00,,,175,,,,,
e33f4ca2ac4c4443bdff659f3575d055,duckdb,1.5.2,tpch,10,c8gd.4xlarge,throughput,bench_a4a09830,q20,2,2026-06-17T12:34:45.892721+00:00,2026-06-17T12:34:57.903264+00:00,,,1804,,,,,
e33f4ca2ac4c4443bdff659f3575d055,duckdb,1.5.2,tpch,10,c8gd.4xlarge,throughput,bench_a4a09830,q06,2,2026-06-17T12:34:57.903531+00:00,2026-06-17T12:35:04.909056+00:00,,,1,,,,,
e33f4ca2ac4c4443bdff659f3575d055,duckdb,1.5.2,tpch,10,c8gd.4xlarge,throughput,bench_a4a09830,q17,2,2026-06-17T12:35:04.909270+00:00,2026-06-17T12:35:14.598482+00:00,,,1,,,,,
e33f4ca2ac4c4443bdff659f3575d055,duckdb,1.5.2,tpch,10,c8gd.4xlarge,throughput,bench_a4a09830,q18,2,2026-06-17T12:35:14.598698+00:00,2026-06-17T12:35:24.391095+00:00,,,100,,,,,
e33f4ca2ac4c4443bdff659f3575d055,duckdb,1.5.2,tpch,10,c8gd.4xlarge,throughput,bench_a4a09830,q08,2,2026-06-17T12:35:24.391336+00:00,2026-06-17T12:35:37.634213+00:00,,,2,,,,,
e33f4ca2ac4c4443bdff659f3575d055,duckdb,1.5.2,tpch,10,c8gd.4xlarge,throughput,bench_a4a09830,q21,2,2026-06-17T12:35:37.634416+00:00,2026-06-17T12:35:57.938483+00:00,,,100,,,,,
e33f4ca2ac4c4443bdff659f3575d055,duckdb,1.5.2,tpch,10,c8gd.4xlarge,throughput,bench_a4a09830,q13,2,2026-06-17T12:35:57.938691+00:00,2026-06-17T12:36:00.570848+00:00,,,46,,,,,
e33f4ca2ac4c4443bdff659f3575d055,duckdb,1.5.2,tpch,10,c8gd.4xlarge,throughput,bench_a4a09830,q03,2,2026-06-17T12:36:00.571075+00:00,2026-06-17T12:36:09.047371+00:00,,,10,,,,,
e33f4ca2ac4c4443bdff659f3575d055,duckdb,1.5.2,tpch,10,c8gd.4xlarge,throughput,bench_a4a09830,q22,2,2026-06-17T12:36:09.047569+00:00,2026-06-17T12:36:10.678849+00:00,,,7,,,,,
e33f4ca2ac4c4443bdff659f3575d055,duckdb,1.5.2,tpch,10,c8gd.4xlarge,throughput,bench_a4a09830,q16,2,2026-06-17T12:36:10.679066+00:00,2026-06-17T12:36:14.612429+00:00,,,27840,,,,,
e33f4ca2ac4c4443bdff659f3575d055,duckdb,1.5.2,tpch,10,c8gd.4xlarge,throughput,bench_a4a09830,q04,2,2026-06-17T12:36:14.613875+00:00,2026-06-17T12:36:23.950806+00:00,,,5,,,,,
e33f4ca2ac4c4443bdff659f3575d055,duckdb,1.5.2,tpch,10,c8gd.4xlarge,throughput,bench_a4a09830,q11,2,2026-06-17T12:36:23.951024+00:00,2026-06-17T12:36:26.681794+00:00,,,0,,,,,
e33f4ca2ac4c4443bdff659f3575d055,duckdb,1.5.2,tpch,10,c8gd.4xlarge,throughput,bench_a4a09830,q15,2,2026-06-17T12:36:26.682056+00:00,2026-06-17T12:36:30.856291+00:00,,,1,,,,,
e33f4ca2ac4c4443bdff659f3575d055,duckdb,1.5.2,tpch,10,c8gd.4xlarge,throughput,bench_a4a09830,q01,2,2026-06-17T12:36:30.856501+00:00,2026-06-17T12:36:35.533790+00:00,,,4,,,,,
e33f4ca2ac4c4443bdff659f3575d055,duckdb,1.5.2,tpch,10,c8gd.4xlarge,throughput,bench_a4a09830,q10,2,2026-06-17T12:36:35.534007+00:00,2026-06-17T12:36:44.505375+00:00,,,20,,,,,
e33f4ca2ac4c4443bdff659f3575d055,duckdb,1.5.2,tpch,10,c8gd.4xlarge,throughput,bench_a4a09830,q19,2,2026-06-17T12:36:44.505606+00:00,2026-06-17T12:36:54.790538+00:00,,,1,,,,,
e33f4ca2ac4c4443bdff659f3575d055,duckdb,1.5.2,tpch,10,c8gd.4xlarge,throughput,bench_a4a09830,q05,2,2026-06-17T12:36:54.790737+00:00,2026-06-17T12:37:04.347177+00:00,,,5,,,,,
e33f4ca2ac4c4443bdff659f3575d055,duckdb,1.5.2,tpch,10,c8gd.4xlarge,throughput,bench_a4a09830,q07,2,2026-06-17T12:37:04.347389+00:00,2026-06-17T12:37:13.907747+00:00,,,4,,,,,
e33f4ca2ac4c4443bdff659f3575d055,duckdb,1.5.2,tpch,10,c8gd.4xlarge,throughput,bench_a4a09830,q12,2,2026-06-17T12:37:13.907961+00:00,2026-06-17T12:37:20.339589+00:00,,,2,,,,,
e33f4ca2ac4c4443bdff659f3575d055,duckdb,1.5.2,tpch,10,c8gd.4xlarge,throughput,bench_a4a09830,q14,3,2026-06-17T12:34:20.222350+00:00,2026-06-17T12:34:29.405034+00:00,,,1,,,,,
e33f4ca2ac4c4443bdff659f3575d055,duckdb,1.5.2,tpch,10,c8gd.4xlarge,throughput,bench_a4a09830,q02,3,2026-06-17T12:34:29.405249+00:00,2026-06-17T12:34:32.407712+00:00,,,100,,,,,
e33f4ca2ac4c4443bdff659f3575d055,duckdb,1.5.2,tpch,10,c8gd.4xlarge,throughput,bench_a4a09830,q09,3,2026-06-17T12:34:32.407941+00:00,2026-06-17T12:34:40.147907+00:00,,,175,,,,,
e33f4ca2ac4c4443bdff659f3575d055,duckdb,1.5.2,tpch,10,c8gd.4xlarge,throughput,bench_a4a09830,q20,3,2026-06-17T12:34:40.148130+00:00,2026-06-17T12:34:52.058380+00:00,,,1804,,,,,
e33f4ca2ac4c4443bdff659f3575d055,duckdb,1.5.2,tpch,10,c8gd.4xlarge,throughput,bench_a4a09830,q06,3,2026-06-17T12:34:52.058640+00:00,2026-06-17T12:34:58.803851+00:00,,,1,,,,,
e33f4ca2ac4c4443bdff659f3575d055,duckdb,1.5.2,tpch,10,c8gd.4xlarge,throughput,bench_a4a09830,q17,3,2026-06-17T12:34:58.804046+00:00,2026-06-17T12:35:11.693516+00:00,,,1,,,,,
e33f4ca2ac4c4443bdff659f3575d055,duckdb,1.5.2,tpch,10,c8gd.4xlarge,throughput,bench_a4a09830,q18,3,2026-06-17T12:35:11.693721+00:00,2026-06-17T12:35:22.375219+00:00,,,100,,,,,
e33f4ca2ac4c4443bdff659f3575d055,duckdb,1.5.2,tpch,10,c8gd.4xlarge,throughput,bench_a4a09830,q08,3,2026-06-17T12:35:22.375436+00:00,2026-06-17T12:35:29.723975+00:00,,,2,,,,,
e33f4ca2ac4c4443bdff659f3575d055,duckdb,1.5.2,tpch,10,c8gd.4xlarge,throughput,bench_a4a09830,q21,3,2026-06-17T12:35:29.724181+00:00,2026-06-17T12:35:53.711923+00:00,,,100,,,,,
e33f4ca2ac4c4443bdff659f3575d055,duckdb,1.5.2,tpch,10,c8gd.4xlarge,throughput,bench_a4a09830,q13,3,2026-06-17T12:35:53.712134+00:00,2026-06-17T12:35:56.744266+00:00,,,46,,,,,
e33f4ca2ac4c4443bdff659f3575d055,duckdb,1.5.2,tpch,10,c8gd.4xlarge,throughput,bench_a4a09830,q03,3,2026-06-17T12:35:56.744497+00:00,2026-06-17T12:36:03.553348+00:00,,,10,,,,,
e33f4ca2ac4c4443bdff659f3575d055,duckdb,1.5.2,tpch,10,c8gd.4xlarge,throughput,bench_a4a09830,q22,3,2026-06-17T12:36:03.553554+00:00,2026-06-17T12:36:07.068355+00:00,,,7,,,,,
e33f4ca2ac4c4443bdff659f3575d055,duckdb,1.5.2,tpch,10,c8gd.4xlarge,throughput,bench_a4a09830,q16,3,2026-06-17T12:36:07.068559+00:00,2026-06-17T12:36:09.443473+00:00,,,27840,,,,,
e33f4ca2ac4c4443bdff659f3575d055,duckdb,1.5.2,tpch,10,c8gd.4xlarge,throughput,bench_a4a09830,q04,3,2026-06-17T12:36:09.444843+00:00,2026-06-17T12:36:14.456144+00:00,,,5,,,,,
e33f4ca2ac4c4443bdff659f3575d055,duckdb,1.5.2,tpch,10,c8gd.4xlarge,throughput,bench_a4a09830,q11,3,2026-06-17T12:36:14.456344+00:00,2026-06-17T12:36:15.568456+00:00,,,0,,,,,
e33f4ca2ac4c4443bdff659f3575d055,duckdb,1.5.2,tpch,10,c8gd.4xlarge,throughput,bench_a4a09830,q15,3,2026-06-17T12:36:15.568670+00:00,2026-06-17T12:36:18.918192+00:00,,,1,,,,,
e33f4ca2ac4c4443bdff659f3575d055,duckdb,1.5.2,tpch,10,c8gd.4xlarge,throughput,bench_a4a09830,q01,3,2026-06-17T12:36:18.918391+00:00,2026-06-17T12:36:26.226442+00:00,,,4,,,,,
e33f4ca2ac4c4443bdff659f3575d055,duckdb,1.5.2,tpch,10,c8gd.4xlarge,throughput,bench_a4a09830,q10,3,2026-06-17T12:36:26.226646+00:00,2026-06-17T12:36:38.007574+00:00,,,20,,,,,
e33f4ca2ac4c4443bdff659f3575d055,duckdb,1.5.2,tpch,10,c8gd.4xlarge,throughput,bench_a4a09830,q19,3,2026-06-17T12:36:38.007801+00:00,2026-06-17T12:36:49.266041+00:00,,,1,,,,,
e33f4ca2ac4c4443bdff659f3575d055,duckdb,1.5.2,tpch,10,c8gd.4xlarge,throughput,bench_a4a09830,q05,3,2026-06-17T12:36:49.266250+00:00,2026-06-17T12:36:57.413561+00:00,,,5,,,,,
e33f4ca2ac4c4443bdff659f3575d055,duckdb,1.5.2,tpch,10,c8gd.4xlarge,throughput,bench_a4a09830,q07,3,2026-06-17T12:36:57.413769+00:00,2026-06-17T12:37:05.207027+00:00,,,4,,,,,
e33f4ca2ac4c4443bdff659f3575d055,duckdb,1.5.2,tpch,10,c8gd.4xlarge,throughput,bench_a4a09830,q12,3,2026-06-17T12:37:05.207227+00:00,2026-06-17T12:37:14.624249+00:00,,,2,,,,,
e33f4ca2ac4c4443bdff659f3575d055,duckdb,1.5.2,tpch,10,c8gd.4xlarge,throughput,bench_a4a09830,RF_set2,0,2026-06-17T12:34:20.222078+00:00,2026-06-17T12:34:21.476366+00:00,,,,,,,,
fd68c9b2c3184a6198ba6f861aebd676,duckdb,1.5.2,tpch,10,c8gd.4xlarge,power,bench_66c799f8,q14,0,2026-06-17T12:37:47.805064+00:00,2026-06-17T12:37:52.974672+00:00,,,1,,,,,
fd68c9b2c3184a6198ba6f861aebd676,duckdb,1.5.2,tpch,10,c8gd.4xlarge,power,bench_66c799f8,q02,0,2026-06-17T12:37:52.974888+00:00,2026-06-17T12:37:54.844479+00:00,,,100,,,,,
fd68c9b2c3184a6198ba6f861aebd676,duckdb,1.5.2,tpch,10,c8gd.4xlarge,power,bench_66c799f8,q09,0,2026-06-17T12:37:54.844709+00:00,2026-06-17T12:38:00.478845+00:00,,,175,,,,,
fd68c9b2c3184a6198ba6f861aebd676,duckdb,1.5.2,tpch,10,c8gd.4xlarge,power,bench_66c799f8,q20,0,2026-06-17T12:38:00.479068+00:00,2026-06-17T12:38:04.447374+00:00,,,1804,,,,,
fd68c9b2c3184a6198ba6f861aebd676,duckdb,1.5.2,tpch,10,c8gd.4xlarge,power,bench_66c799f8,q06,0,2026-06-17T12:38:04.447631+00:00,2026-06-17T12:38:07.785757+00:00,,,1,,,,,
fd68c9b2c3184a6198ba6f861aebd676,duckdb,1.5.2,tpch,10,c8gd.4xlarge,power,bench_66c799f8,q17,0,2026-06-17T12:38:07.785979+00:00,2026-06-17T12:38:11.851107+00:00,,,1,,,,,
fd68c9b2c3184a6198ba6f861aebd676,duckdb,1.5.2,tpch,10,c8gd.4xlarge,power,bench_66c799f8,q18,0,2026-06-17T12:38:11.851314+00:00,2026-06-17T12:38:16.343825+00:00,,,100,,,,,
fd68c9b2c3184a6198ba6f861aebd676,duckdb,1.5.2,tpch,10,c8gd.4xlarge,power,bench_66c799f8,q08,0,2026-06-17T12:38:16.344048+00:00,2026-06-17T12:38:21.113328+00:00,,,2,,,,,
fd68c9b2c3184a6198ba6f861aebd676,duckdb,1.5.2,tpch,10,c8gd.4xlarge,power,bench_66c799f8,q21,0,2026-06-17T12:38:21.113519+00:00,2026-06-17T12:38:29.155495+00:00,,,100,,,,,
fd68c9b2c3184a6198ba6f861aebd676,duckdb,1.5.2,tpch,10,c8gd.4xlarge,power,bench_66c799f8,q13,0,2026-06-17T12:38:29.155718+00:00,2026-06-17T12:38:30.155484+00:00,,,46,,,,,
fd68c9b2c3184a6198ba6f861aebd676,duckdb,1.5.2,tpch,10,c8gd.4xlarge,power,bench_66c799f8,q03,0,2026-06-17T12:38:30.155699+00:00,2026-06-17T12:38:33.896956+00:00,,,10,,,,,
fd68c9b2c3184a6198ba6f861aebd676,duckdb,1.5.2,tpch,10,c8gd.4xlarge,power,bench_66c799f8,q22,0,2026-06-17T12:38:33.897167+00:00,2026-06-17T12:38:34.576437+00:00,,,7,,,,,
fd68c9b2c3184a6198ba6f861aebd676,duckdb,1.5.2,tpch,10,c8gd.4xlarge,power,bench_66c799f8,q16,0,2026-06-17T12:38:34.576644+00:00,2026-06-17T12:38:35.234696+00:00,,,27840,,,,,
fd68c9b2c3184a6198ba6f861aebd676,duckdb,1.5.2,tpch,10,c8gd.4xlarge,power,bench_66c799f8,q04,0,2026-06-17T12:38:35.236142+00:00,2026-06-17T12:38:37.754044+00:00,,,5,,,,,
fd68c9b2c3184a6198ba6f861aebd676,duckdb,1.5.2,tpch,10,c8gd.4xlarge,power,bench_66c799f8,q11,0,2026-06-17T12:38:37.754266+00:00,2026-06-17T12:38:38.410998+00:00,,,0,,,,,
fd68c9b2c3184a6198ba6f861aebd676,duckdb,1.5.2,tpch,10,c8gd.4xlarge,power,bench_66c799f8,q15,0,2026-06-17T12:38:38.411204+00:00,2026-06-17T12:38:41.119423+00:00,,,1,,,,,
fd68c9b2c3184a6198ba6f861aebd676,duckdb,1.5.2,tpch,10,c8gd.4xlarge,power,bench_66c799f8,q01,0,2026-06-17T12:38:41.119629+00:00,2026-06-17T12:38:43.844495+00:00,,,4,,,,,
fd68c9b2c3184a6198ba6f861aebd676,duckdb,1.5.2,tpch,10,c8gd.4xlarge,power,bench_66c799f8,q10,0,2026-06-17T12:38:43.844693+00:00,2026-06-17T12:38:48.174323+00:00,,,20,,,,,
fd68c9b2c3184a6198ba6f861aebd676,duckdb,1.5.2,tpch,10,c8gd.4xlarge,power,bench_66c799f8,q19,0,2026-06-17T12:38:48.174544+00:00,2026-06-17T12:38:52.731199+00:00,,,1,,,,,
fd68c9b2c3184a6198ba6f861aebd676,duckdb,1.5.2,tpch,10,c8gd.4xlarge,power,bench_66c799f8,q05,0,2026-06-17T12:38:52.731401+00:00,2026-06-17T12:38:56.520626+00:00,,,5,,,,,
fd68c9b2c3184a6198ba6f861aebd676,duckdb,1.5.2,tpch,10,c8gd.4xlarge,power,bench_66c799f8,q07,0,2026-06-17T12:38:56.520829+00:00,2026-06-17T12:39:00.757678+00:00,,,4,,,,,
fd68c9b2c3184a6198ba6f861aebd676,duckdb,1.5.2,tpch,10,c8gd.4xlarge,power,bench_66c799f8,q12,0,2026-06-17T12:39:00.757894+00:00,2026-06-17T12:39:04.513691+00:00,,,2,,,,,
fd68c9b2c3184a6198ba6f861aebd676,duckdb,1.5.2,tpch,10,c8gd.4xlarge,power,bench_66c799f8,RF1_set1,0,2026-06-17T12:37:47.584814+00:00,2026-06-17T12:37:47.804841+00:00,,,,,,,,
fd68c9b2c3184a6198ba6f861aebd676,duckdb,1.5.2,tpch,10,c8gd.4xlarge,power,bench_66c799f8,RF2_set1,0,2026-06-17T12:39:04.513783+00:00,2026-06-17T12:39:04.822096+00:00,,,,,,,,
96f35ee6ad214ec3b97a7a0810fdbf93,duckdb,1.5.4,tpch,10,c8gd.4xlarge,load,power_test_sf10,load,0,2026-06-17T13:21:37.647611+00:00,2026-06-17T13:22:01.052200+00:00,,,,,,,,
452ba484d73743fba61525cfd1306fbe,duckdb,1.5.4,tpch,10,c8gd.4xlarge,power,power_test_sf10,q14,0,2026-06-17T13:32:27.044838+00:00,2026-06-17T13:32:28.757135+00:00,,,1,,,,,
452ba484d73743fba61525cfd1306fbe,duckdb,1.5.4,tpch,10,c8gd.4xlarge,power,power_test_sf10,q02,0,2026-06-17T13:32:28.757488+00:00,2026-06-17T13:32:31.132014+00:00,,,100,,,,,
452ba484d73743fba61525cfd1306fbe,duckdb,1.5.4,tpch,10,c8gd.4xlarge,power,power_test_sf10,q09,0,2026-06-17T13:32:31.132466+00:00,2026-06-17T13:32:34.658513+00:00,,,175,,,,,
452ba484d73743fba61525cfd1306fbe,duckdb,1.5.4,tpch,10,c8gd.4xlarge,power,power_test_sf10,q20,0,2026-06-17T13:32:34.663999+00:00,2026-06-17T13:32:36.447519+00:00,,,1804,,,,,
452ba484d73743fba61525cfd1306fbe,duckdb,1.5.4,tpch,10,c8gd.4xlarge,power,power_test_sf10,q06,0,2026-06-17T13:32:36.447920+00:00,2026-06-17T13:32:37.129458+00:00,,,1,,,,,
452ba484d73743fba61525cfd1306fbe,duckdb,1.5.4,tpch,10,c8gd.4xlarge,power,power_test_sf10,q17,0,2026-06-17T13:32:37.129761+00:00,2026-06-17T13:32:38.733824+00:00,,,1,,,,,
452ba484d73743fba61525cfd1306fbe,duckdb,1.5.4,tpch,10,c8gd.4xlarge,power,power_test_sf10,q18,0,2026-06-17T13:32:38.734242+00:00,2026-06-17T13:32:41.043581+00:00,,,100,,,,,
452ba484d73743fba61525cfd1306fbe,duckdb,1.5.4,tpch,10,c8gd.4xlarge,power,power_test_sf10,q08,0,2026-06-17T13:32:41.043947+00:00,2026-06-17T13:32:43.717574+00:00,,,2,,,,,
452ba484d73743fba61525cfd1306fbe,duckdb,1.5.4,tpch,10,c8gd.4xlarge,power,power_test_sf10,q21,0,2026-06-17T13:32:43.717944+00:00,2026-06-17T13:32:46.239840+00:00,,,100,,,,,
452ba484d73743fba61525cfd1306fbe,duckdb,1.5.4,tpch,10,c8gd.4xlarge,power,power_test_sf10,q13,0,2026-06-17T13:32:46.240316+00:00,2026-06-17T13:32:49.032368+00:00,,,46,,,,,
452ba484d73743fba61525cfd1306fbe,duckdb,1.5.4,tpch,10,c8gd.4xlarge,power,power_test_sf10,q03,0,2026-06-17T13:32:49.032745+00:00,2026-06-17T13:32:50.830943+00:00,,,10,,,,,
452ba484d73743fba61525cfd1306fbe,duckdb,1.5.4,tpch,10,c8gd.4xlarge,power,power_test_sf10,q22,0,2026-06-17T13:32:50.831255+00:00,2026-06-17T13:32:51.947453+00:00,,,7,,,,,
452ba484d73743fba61525cfd1306fbe,duckdb,1.5.4,tpch,10,c8gd.4xlarge,power,power_test_sf10,q16,0,2026-06-17T13:32:51.947841+00:00,2026-06-17T13:32:53.024454+00:00,,,27840,,,,,
452ba484d73743fba61525cfd1306fbe,duckdb,1.5.4,tpch,10,c8gd.4xlarge,power,power_test_sf10,q04,0,2026-06-17T13:32:53.025920+00:00,2026-06-17T13:32:54.072431+00:00,,,5,,,,,
452ba484d73743fba61525cfd1306fbe,duckdb,1.5.4,tpch,10,c8gd.4xlarge,power,power_test_sf10,q11,0,2026-06-17T13:32:54.072838+00:00,2026-06-17T13:32:55.563925+00:00,,,0,,,,,
452ba484d73743fba61525cfd1306fbe,duckdb,1.5.4,tpch,10,c8gd.4xlarge,power,power_test_sf10,q15,0,2026-06-17T13:32:55.564345+00:00,2026-06-17T13:32:56.700921+00:00,,,1,,,,,
452ba484d73743fba61525cfd1306fbe,duckdb,1.5.4,tpch,10,c8gd.4xlarge,power,power_test_sf10,q01,0,2026-06-17T13:32:56.701326+00:00,2026-06-17T13:32:57.612434+00:00,,,4,,,,,
452ba484d73743fba61525cfd1306fbe,duckdb,1.5.4,tpch,10,c8gd.4xlarge,power,power_test_sf10,q10,0,2026-06-17T13:32:57.612777+00:00,2026-06-17T13:32:59.491539+00:00,,,20,,,,,
452ba484d73743fba61525cfd1306fbe,duckdb,1.5.4,tpch,10,c8gd.4xlarge,power,power_test_sf10,q19,0,2026-06-17T13:32:59.491927+00:00,2026-06-17T13:33:00.973153+00:00,,,1,,,,,
452ba484d73743fba61525cfd1306fbe,duckdb,1.5.4,tpch,10,c8gd.4xlarge,power,power_test_sf10,q05,0,2026-06-17T13:33:00.973538+00:00,2026-06-17T13:33:03.176977+00:00,,,5,,,,,
452ba484d73743fba61525cfd1306fbe,duckdb,1.5.4,tpch,10,c8gd.4xlarge,power,power_test_sf10,q07,0,2026-06-17T13:33:03.177380+00:00,2026-06-17T13:33:05.068044+00:00,,,4,,,,,
452ba484d73743fba61525cfd1306fbe,duckdb,1.5.4,tpch,10,c8gd.4xlarge,power,power_test_sf10,q12,0,2026-06-17T13:33:05.068424+00:00,2026-06-17T13:33:06.217323+00:00,,,2,,,,,
452ba484d73743fba61525cfd1306fbe,duckdb,1.5.4,tpch,10,c8gd.4xlarge,power,power_test_sf10,RF1_set1,0,2026-06-17T13:32:25.995094+00:00,2026-06-17T13:32:27.044527+00:00,,,,,,,,
452ba484d73743fba61525cfd1306fbe,duckdb,1.5.4,tpch,10,c8gd.4xlarge,power,power_test_sf10,RF2_set1,0,2026-06-17T13:33:06.217415+00:00,2026-06-17T13:33:07.442496+00:00,,,,,,,,
a15b4ba19a0942a09ea9bf769855bf91,duckdb,1.5.4,tpch,10,c8gd.4xlarge,power,power_test_sf10,q14,0,2026-06-17T13:55:18.484913+00:00,2026-06-17T13:55:20.255013+00:00,,,1,,,,,
a15b4ba19a0942a09ea9bf769855bf91,duckdb,1.5.4,tpch,10,c8gd.4xlarge,power,power_test_sf10,q02,0,2026-06-17T13:55:20.255271+00:00,2026-06-17T13:55:22.619055+00:00,,,100,,,,,
a15b4ba19a0942a09ea9bf769855bf91,duckdb,1.5.4,tpch,10,c8gd.4xlarge,power,power_test_sf10,q09,0,2026-06-17T13:55:22.619315+00:00,2026-06-17T13:55:26.325043+00:00,,,175,,,,,
a15b4ba19a0942a09ea9bf769855bf91,duckdb,1.5.4,tpch,10,c8gd.4xlarge,power,power_test_sf10,q20,0,2026-06-17T13:55:26.330782+00:00,2026-06-17T13:55:28.172809+00:00,,,1804,,,,,
a15b4ba19a0942a09ea9bf769855bf91,duckdb,1.5.4,tpch,10,c8gd.4xlarge,power,power_test_sf10,q06,0,2026-06-17T13:55:28.173226+00:00,2026-06-17T13:55:28.956166+00:00,,,1,,,,,
a15b4ba19a0942a09ea9bf769855bf91,duckdb,1.5.4,tpch,10,c8gd.4xlarge,power,power_test_sf10,q17,0,2026-06-17T13:55:28.956507+00:00,2026-06-17T13:55:30.715054+00:00,,,1,,,,,
a15b4ba19a0942a09ea9bf769855bf91,duckdb,1.5.4,tpch,10,c8gd.4xlarge,power,power_test_sf10,q18,0,2026-06-17T13:55:30.715321+00:00,2026-06-17T13:55:33.209665+00:00,,,100,,,,,
a15b4ba19a0942a09ea9bf769855bf91,duckdb,1.5.4,tpch,10,c8gd.4xlarge,power,power_test_sf10,q08,0,2026-06-17T13:55:33.210046+00:00,2026-06-17T13:55:36.190872+00:00,,,2,,,,,
a15b4ba19a0942a09ea9bf769855bf91,duckdb,1.5.4,tpch,10,c8gd.4xlarge,power,power_test_sf10,q21,0,2026-06-17T13:55:36.191186+00:00,2026-06-17T13:55:39.191718+00:00,,,100,,,,,
a15b4ba19a0942a09ea9bf769855bf91,duckdb,1.5.4,tpch,10,c8gd.4xlarge,power,power_test_sf10,q13,0,2026-06-17T13:55:39.192074+00:00,2026-06-17T13:55:42.193018+00:00,,,46,,,,,
a15b4ba19a0942a09ea9bf769855bf91,duckdb,1.5.4,tpch,10,c8gd.4xlarge,power,power_test_sf10,q03,0,2026-06-17T13:55:42.193339+00:00,2026-06-17T13:55:44.273570+00:00,,,10,,,,,
a15b4ba19a0942a09ea9bf769855bf91,duckdb,1.5.4,tpch,10,c8gd.4xlarge,power,power_test_sf10,q22,0,2026-06-17T13:55:44.273884+00:00,2026-06-17T13:55:45.481406+00:00,,,7,,,,,
a15b4ba19a0942a09ea9bf769855bf91,duckdb,1.5.4,tpch,10,c8gd.4xlarge,power,power_test_sf10,q16,0,2026-06-17T13:55:45.481768+00:00,2026-06-17T13:55:46.608667+00:00,,,27840,,,,,
a15b4ba19a0942a09ea9bf769855bf91,duckdb,1.5.4,tpch,10,c8gd.4xlarge,power,power_test_sf10,q04,0,2026-06-17T13:55:46.610304+00:00,2026-06-17T13:55:47.862265+00:00,,,5,,,,,
a15b4ba19a0942a09ea9bf769855bf91,duckdb,1.5.4,tpch,10,c8gd.4xlarge,power,power_test_sf10,q11,0,2026-06-17T13:55:47.862590+00:00,2026-06-17T13:55:49.349139+00:00,,,0,,,,,
a15b4ba19a0942a09ea9bf769855bf91,duckdb,1.5.4,tpch,10,c8gd.4xlarge,power,power_test_sf10,q15,0,2026-06-17T13:55:49.349463+00:00,2026-06-17T13:55:50.318256+00:00,,,1,,,,,
a15b4ba19a0942a09ea9bf769855bf91,duckdb,1.5.4,tpch,10,c8gd.4xlarge,power,power_test_sf10,q01,0,2026-06-17T13:55:50.318566+00:00,2026-06-17T13:55:51.316245+00:00,,,4,,,,,
a15b4ba19a0942a09ea9bf769855bf91,duckdb,1.5.4,tpch,10,c8gd.4xlarge,power,power_test_sf10,q10,0,2026-06-17T13:55:51.316525+00:00,2026-06-17T13:55:53.467130+00:00,,,20,,,,,
a15b4ba19a0942a09ea9bf769855bf91,duckdb,1.5.4,tpch,10,c8gd.4xlarge,power,power_test_sf10,q19,0,2026-06-17T13:55:53.467487+00:00,2026-06-17T13:55:55.047367+00:00,,,1,,,,,
a15b4ba19a0942a09ea9bf769855bf91,duckdb,1.5.4,tpch,10,c8gd.4xlarge,power,power_test_sf10,q05,0,2026-06-17T13:55:55.047740+00:00,2026-06-17T13:55:57.465190+00:00,,,5,,,,,
a15b4ba19a0942a09ea9bf769855bf91,duckdb,1.5.4,tpch,10,c8gd.4xlarge,power,power_test_sf10,q07,0,2026-06-17T13:55:57.465502+00:00,2026-06-17T13:55:59.578974+00:00,,,4,,,,,
a15b4ba19a0942a09ea9bf769855bf91,duckdb,1.5.4,tpch,10,c8gd.4xlarge,power,power_test_sf10,q12,0,2026-06-17T13:55:59.579219+00:00,2026-06-17T13:56:00.988640+00:00,,,2,,,,,
a15b4ba19a0942a09ea9bf769855bf91,duckdb,1.5.4,tpch,10,c8gd.4xlarge,power,power_test_sf10,RF1_set1,0,2026-06-17T13:55:17.434407+00:00,2026-06-17T13:55:18.484681+00:00,,,,,,,,
a15b4ba19a0942a09ea9bf769855bf91,duckdb,1.5.4,tpch,10,c8gd.4xlarge,power,power_test_sf10,RF2_set1,0,2026-06-17T13:56:00.988738+00:00,2026-06-17T13:56:01.731056+00:00,,,,,,,,
437e2b24875c4c2f861cbb7dc4174318,duckdb,1.5.4,tpch,10,c8gd.4xlarge,load,power_test_sf10,load,0,2026-06-17T13:56:56.930018+00:00,2026-06-17T13:56:56.977031+00:00,,"Binder Error: Failed to attach DuckLake MetaData ""__ducklake_metadata_ducklake_catalog"" at path + ""/home/ubuntu/benchmark_mount/IcebergEngineBenchmarking/ducklake/tpch.ducklake""Unique file handle conflict: Cannot attach ""__ducklake_metadata_ducklake_catalog"" - the database file ""/home/ubuntu/benchmark_mount/IcebergEngineBenchmarking/ducklake/tpch.ducklake"" is already attached by database ""__ducklake_metadata_ducklake_catalog""",,,,,,
25d81a09f07d43719709ca146f915ae0,duckdb,1.5.4,tpch,10,c8gd.4xlarge,load,power_test_sf10,load,0,2026-06-17T13:58:53.026383+00:00,2026-06-17T13:58:53.074145+00:00,,"Binder Error: Failed to attach DuckLake MetaData ""__ducklake_metadata_ducklake_catalog"" at path + ""/home/ubuntu/benchmark_mount/IcebergEngineBenchmarking/ducklake/tpch.ducklake""Unique file handle conflict: Cannot attach ""__ducklake_metadata_ducklake_catalog"" - the database file ""/home/ubuntu/benchmark_mount/IcebergEngineBenchmarking/ducklake/tpch.ducklake"" is already attached by database ""__ducklake_metadata_ducklake_catalog""",,,,,,
0132395218cc4b92be542d071aae9bd4,duckdb,1.5.4,tpch,10,c8gd.4xlarge,load,power_test_sf10,load,0,2026-06-17T14:04:42.782539+00:00,2026-06-17T14:04:53.664116+00:00,,,,,,,,
197781f363e54a4793f92fb482c3745d,duckdb,1.5.4,tpch,10,c8gd.4xlarge,power,power_test_sf10,q14,0,2026-06-17T14:05:48.004216+00:00,2026-06-17T14:05:53.769773+00:00,,,1,,,,,
197781f363e54a4793f92fb482c3745d,duckdb,1.5.4,tpch,10,c8gd.4xlarge,power,power_test_sf10,q02,0,2026-06-17T14:05:53.769955+00:00,2026-06-17T14:05:55.868353+00:00,,,100,,,,,
197781f363e54a4793f92fb482c3745d,duckdb,1.5.4,tpch,10,c8gd.4xlarge,power,power_test_sf10,q09,0,2026-06-17T14:05:55.868581+00:00,2026-06-17T14:06:01.857507+00:00,,,175,,,,,
197781f363e54a4793f92fb482c3745d,duckdb,1.5.4,tpch,10,c8gd.4xlarge,power,power_test_sf10,q20,0,2026-06-17T14:06:01.857723+00:00,2026-06-17T14:06:05.954197+00:00,,,1804,,,,,
197781f363e54a4793f92fb482c3745d,duckdb,1.5.4,tpch,10,c8gd.4xlarge,power,power_test_sf10,q06,0,2026-06-17T14:06:05.954465+00:00,2026-06-17T14:06:09.292433+00:00,,,1,,,,,
197781f363e54a4793f92fb482c3745d,duckdb,1.5.4,tpch,10,c8gd.4xlarge,power,power_test_sf10,q17,0,2026-06-17T14:06:09.292638+00:00,2026-06-17T14:06:13.395088+00:00,,,1,,,,,
197781f363e54a4793f92fb482c3745d,duckdb,1.5.4,tpch,10,c8gd.4xlarge,power,power_test_sf10,q18,0,2026-06-17T14:06:13.395313+00:00,2026-06-17T14:06:17.921452+00:00,,,100,,,,,
197781f363e54a4793f92fb482c3745d,duckdb,1.5.4,tpch,10,c8gd.4xlarge,power,power_test_sf10,q08,0,2026-06-17T14:06:17.921676+00:00,2026-06-17T14:06:22.827706+00:00,,,2,,,,,
197781f363e54a4793f92fb482c3745d,duckdb,1.5.4,tpch,10,c8gd.4xlarge,power,power_test_sf10,q21,0,2026-06-17T14:06:22.827922+00:00,2026-06-17T14:06:31.036750+00:00,,,100,,,,,
197781f363e54a4793f92fb482c3745d,duckdb,1.5.4,tpch,10,c8gd.4xlarge,power,power_test_sf10,q13,0,2026-06-17T14:06:31.036997+00:00,2026-06-17T14:06:32.085466+00:00,,,46,,,,,
197781f363e54a4793f92fb482c3745d,duckdb,1.5.4,tpch,10,c8gd.4xlarge,power,power_test_sf10,q03,0,2026-06-17T14:06:32.085695+00:00,2026-06-17T14:06:35.870812+00:00,,,10,,,,,
197781f363e54a4793f92fb482c3745d,duckdb,1.5.4,tpch,10,c8gd.4xlarge,power,power_test_sf10,q22,0,2026-06-17T14:06:35.871047+00:00,2026-06-17T14:06:36.668651+00:00,,,7,,,,,
197781f363e54a4793f92fb482c3745d,duckdb,1.5.4,tpch,10,c8gd.4xlarge,power,power_test_sf10,q16,0,2026-06-17T14:06:36.668893+00:00,2026-06-17T14:06:37.331548+00:00,,,27840,,,,,
197781f363e54a4793f92fb482c3745d,duckdb,1.5.4,tpch,10,c8gd.4xlarge,power,power_test_sf10,q04,0,2026-06-17T14:06:37.333023+00:00,2026-06-17T14:06:39.891720+00:00,,,5,,,,,
197781f363e54a4793f92fb482c3745d,duckdb,1.5.4,tpch,10,c8gd.4xlarge,power,power_test_sf10,q11,0,2026-06-17T14:06:39.891941+00:00,2026-06-17T14:06:40.594224+00:00,,,0,,,,,
197781f363e54a4793f92fb482c3745d,duckdb,1.5.4,tpch,10,c8gd.4xlarge,power,power_test_sf10,q15,0,2026-06-17T14:06:40.594445+00:00,2026-06-17T14:06:43.329874+00:00,,,1,,,,,
197781f363e54a4793f92fb482c3745d,duckdb,1.5.4,tpch,10,c8gd.4xlarge,power,power_test_sf10,q01,0,2026-06-17T14:06:43.330079+00:00,2026-06-17T14:06:46.010164+00:00,,,4,,,,,
197781f363e54a4793f92fb482c3745d,duckdb,1.5.4,tpch,10,c8gd.4xlarge,power,power_test_sf10,q10,0,2026-06-17T14:06:46.010378+00:00,2026-06-17T14:06:50.301715+00:00,,,20,,,,,
197781f363e54a4793f92fb482c3745d,duckdb,1.5.4,tpch,10,c8gd.4xlarge,power,power_test_sf10,q19,0,2026-06-17T14:06:50.301951+00:00,2026-06-17T14:06:54.767560+00:00,,,1,,,,,
197781f363e54a4793f92fb482c3745d,duckdb,1.5.4,tpch,10,c8gd.4xlarge,power,power_test_sf10,q05,0,2026-06-17T14:06:54.767777+00:00,2026-06-17T14:06:58.622056+00:00,,,5,,,,,
197781f363e54a4793f92fb482c3745d,duckdb,1.5.4,tpch,10,c8gd.4xlarge,power,power_test_sf10,q07,0,2026-06-17T14:06:58.622270+00:00,2026-06-17T14:07:02.936976+00:00,,,4,,,,,
197781f363e54a4793f92fb482c3745d,duckdb,1.5.4,tpch,10,c8gd.4xlarge,power,power_test_sf10,q12,0,2026-06-17T14:07:02.937192+00:00,2026-06-17T14:07:06.915077+00:00,,,2,,,,,
197781f363e54a4793f92fb482c3745d,duckdb,1.5.4,tpch,10,c8gd.4xlarge,power,power_test_sf10,RF1_set1,0,2026-06-17T14:05:47.764983+00:00,2026-06-17T14:05:48.003944+00:00,,,,,,,,
197781f363e54a4793f92fb482c3745d,duckdb,1.5.4,tpch,10,c8gd.4xlarge,power,power_test_sf10,RF2_set1,0,2026-06-17T14:07:06.915164+00:00,2026-06-17T14:07:07.246657+00:00,,,,,,,,
6623510f23924b7ba246058bdb948480,duckdb,1.5.4,tpch,10,c8gd.4xlarge,throughput,power_test_sf10,q14,1,2026-06-17T14:07:51.088309+00:00,2026-06-17T14:07:59.375960+00:00,,,1,,,,,
6623510f23924b7ba246058bdb948480,duckdb,1.5.4,tpch,10,c8gd.4xlarge,throughput,power_test_sf10,q02,1,2026-06-17T14:07:59.376178+00:00,2026-06-17T14:08:03.668772+00:00,,,100,,,,,
6623510f23924b7ba246058bdb948480,duckdb,1.5.4,tpch,10,c8gd.4xlarge,throughput,power_test_sf10,q09,1,2026-06-17T14:08:03.669041+00:00,2026-06-17T14:08:14.033704+00:00,,,175,,,,,
6623510f23924b7ba246058bdb948480,duckdb,1.5.4,tpch,10,c8gd.4xlarge,throughput,power_test_sf10,q20,1,2026-06-17T14:08:14.033943+00:00,2026-06-17T14:08:24.884997+00:00,,,1804,,,,,
6623510f23924b7ba246058bdb948480,duckdb,1.5.4,tpch,10,c8gd.4xlarge,throughput,power_test_sf10,q06,1,2026-06-17T14:08:24.885269+00:00,2026-06-17T14:08:33.438324+00:00,,,1,,,,,
6623510f23924b7ba246058bdb948480,duckdb,1.5.4,tpch,10,c8gd.4xlarge,throughput,power_test_sf10,q17,1,2026-06-17T14:08:33.438539+00:00,2026-06-17T14:08:44.666761+00:00,,,1,,,,,
6623510f23924b7ba246058bdb948480,duckdb,1.5.4,tpch,10,c8gd.4xlarge,throughput,power_test_sf10,q18,1,2026-06-17T14:08:44.666993+00:00,2026-06-17T14:08:54.427031+00:00,,,100,,,,,
6623510f23924b7ba246058bdb948480,duckdb,1.5.4,tpch,10,c8gd.4xlarge,throughput,power_test_sf10,q08,1,2026-06-17T14:08:54.427263+00:00,2026-06-17T14:09:05.699914+00:00,,,2,,,,,
6623510f23924b7ba246058bdb948480,duckdb,1.5.4,tpch,10,c8gd.4xlarge,throughput,power_test_sf10,q21,1,2026-06-17T14:09:05.700127+00:00,2026-06-17T14:09:25.950574+00:00,,,100,,,,,
6623510f23924b7ba246058bdb948480,duckdb,1.5.4,tpch,10,c8gd.4xlarge,throughput,power_test_sf10,q13,1,2026-06-17T14:09:25.950797+00:00,2026-06-17T14:09:29.386557+00:00,,,46,,,,,
6623510f23924b7ba246058bdb948480,duckdb,1.5.4,tpch,10,c8gd.4xlarge,throughput,power_test_sf10,q03,1,2026-06-17T14:09:29.386753+00:00,2026-06-17T14:09:37.667070+00:00,,,10,,,,,
6623510f23924b7ba246058bdb948480,duckdb,1.5.4,tpch,10,c8gd.4xlarge,throughput,power_test_sf10,q22,1,2026-06-17T14:09:37.667314+00:00,2026-06-17T14:09:40.305494+00:00,,,7,,,,,
6623510f23924b7ba246058bdb948480,duckdb,1.5.4,tpch,10,c8gd.4xlarge,throughput,power_test_sf10,q16,1,2026-06-17T14:09:40.305697+00:00,2026-06-17T14:09:43.056972+00:00,,,27840,,,,,
6623510f23924b7ba246058bdb948480,duckdb,1.5.4,tpch,10,c8gd.4xlarge,throughput,power_test_sf10,q04,1,2026-06-17T14:09:43.058413+00:00,2026-06-17T14:09:46.205206+00:00,,,5,,,,,
6623510f23924b7ba246058bdb948480,duckdb,1.5.4,tpch,10,c8gd.4xlarge,throughput,power_test_sf10,q11,1,2026-06-17T14:09:46.205447+00:00,2026-06-17T14:09:49.200964+00:00,,,0,,,,,
6623510f23924b7ba246058bdb948480,duckdb,1.5.4,tpch,10,c8gd.4xlarge,throughput,power_test_sf10,q15,1,2026-06-17T14:09:49.201168+00:00,2026-06-17T14:09:55.588749+00:00,,,1,,,,,
6623510f23924b7ba246058bdb948480,duckdb,1.5.4,tpch,10,c8gd.4xlarge,throughput,power_test_sf10,q01,1,2026-06-17T14:09:55.589017+00:00,2026-06-17T14:10:00.260382+00:00,,,4,,,,,
6623510f23924b7ba246058bdb948480,duckdb,1.5.4,tpch,10,c8gd.4xlarge,throughput,power_test_sf10,q10,1,2026-06-17T14:10:00.260581+00:00,2026-06-17T14:10:10.670307+00:00,,,20,,,,,
6623510f23924b7ba246058bdb948480,duckdb,1.5.4,tpch,10,c8gd.4xlarge,throughput,power_test_sf10,q19,1,2026-06-17T14:10:10.670540+00:00,2026-06-17T14:10:23.498149+00:00,,,1,,,,,
6623510f23924b7ba246058bdb948480,duckdb,1.5.4,tpch,10,c8gd.4xlarge,throughput,power_test_sf10,q05,1,2026-06-17T14:10:23.498364+00:00,2026-06-17T14:10:31.665409+00:00,,,5,,,,,
6623510f23924b7ba246058bdb948480,duckdb,1.5.4,tpch,10,c8gd.4xlarge,throughput,power_test_sf10,q07,1,2026-06-17T14:10:31.665626+00:00,2026-06-17T14:10:45.685553+00:00,,,4,,,,,
6623510f23924b7ba246058bdb948480,duckdb,1.5.4,tpch,10,c8gd.4xlarge,throughput,power_test_sf10,q12,1,2026-06-17T14:10:45.685782+00:00,2026-06-17T14:10:52.965389+00:00,,,2,,,,,
6623510f23924b7ba246058bdb948480,duckdb,1.5.4,tpch,10,c8gd.4xlarge,throughput,power_test_sf10,q14,2,2026-06-17T14:07:51.087978+00:00,2026-06-17T14:07:59.345320+00:00,,,1,,,,,
6623510f23924b7ba246058bdb948480,duckdb,1.5.4,tpch,10,c8gd.4xlarge,throughput,power_test_sf10,q02,2,2026-06-17T14:07:59.345539+00:00,2026-06-17T14:08:03.053592+00:00,,,100,,,,,
6623510f23924b7ba246058bdb948480,duckdb,1.5.4,tpch,10,c8gd.4xlarge,throughput,power_test_sf10,q09,2,2026-06-17T14:08:03.053811+00:00,2026-06-17T14:08:13.416792+00:00,,,175,,,,,
6623510f23924b7ba246058bdb948480,duckdb,1.5.4,tpch,10,c8gd.4xlarge,throughput,power_test_sf10,q20,2,2026-06-17T14:08:13.417047+00:00,2026-06-17T14:08:21.606318+00:00,,,1804,,,,,
6623510f23924b7ba246058bdb948480,duckdb,1.5.4,tpch,10,c8gd.4xlarge,throughput,power_test_sf10,q06,2,2026-06-17T14:08:21.606589+00:00,2026-06-17T14:08:28.029256+00:00,,,1,,,,,
6623510f23924b7ba246058bdb948480,duckdb,1.5.4,tpch,10,c8gd.4xlarge,throughput,power_test_sf10,q17,2,2026-06-17T14:08:28.029477+00:00,2026-06-17T14:08:37.944415+00:00,,,1,,,,,
6623510f23924b7ba246058bdb948480,duckdb,1.5.4,tpch,10,c8gd.4xlarge,throughput,power_test_sf10,q18,2,2026-06-17T14:08:37.944630+00:00,2026-06-17T14:08:48.519410+00:00,,,100,,,,,
6623510f23924b7ba246058bdb948480,duckdb,1.5.4,tpch,10,c8gd.4xlarge,throughput,power_test_sf10,q08,2,2026-06-17T14:08:48.519636+00:00,2026-06-17T14:08:58.253613+00:00,,,2,,,,,
6623510f23924b7ba246058bdb948480,duckdb,1.5.4,tpch,10,c8gd.4xlarge,throughput,power_test_sf10,q21,2,2026-06-17T14:08:58.253827+00:00,2026-06-17T14:09:18.502188+00:00,,,100,,,,,
6623510f23924b7ba246058bdb948480,duckdb,1.5.4,tpch,10,c8gd.4xlarge,throughput,power_test_sf10,q13,2,2026-06-17T14:09:18.502424+00:00,2026-06-17T14:09:22.534499+00:00,,,46,,,,,
6623510f23924b7ba246058bdb948480,duckdb,1.5.4,tpch,10,c8gd.4xlarge,throughput,power_test_sf10,q03,2,2026-06-17T14:09:22.534730+00:00,2026-06-17T14:09:33.799768+00:00,,,10,,,,,
6623510f23924b7ba246058bdb948480,duckdb,1.5.4,tpch,10,c8gd.4xlarge,throughput,power_test_sf10,q22,2,2026-06-17T14:09:33.800003+00:00,2026-06-17T14:09:36.348557+00:00,,,7,,,,,
6623510f23924b7ba246058bdb948480,duckdb,1.5.4,tpch,10,c8gd.4xlarge,throughput,power_test_sf10,q16,2,2026-06-17T14:09:36.348803+00:00,2026-06-17T14:09:38.513804+00:00,,,27840,,,,,
6623510f23924b7ba246058bdb948480,duckdb,1.5.4,tpch,10,c8gd.4xlarge,throughput,power_test_sf10,q04,2,2026-06-17T14:09:38.515355+00:00,2026-06-17T14:09:42.944671+00:00,,,5,,,,,
6623510f23924b7ba246058bdb948480,duckdb,1.5.4,tpch,10,c8gd.4xlarge,throughput,power_test_sf10,q11,2,2026-06-17T14:09:42.944908+00:00,2026-06-17T14:09:44.429824+00:00,,,0,,,,,
6623510f23924b7ba246058bdb948480,duckdb,1.5.4,tpch,10,c8gd.4xlarge,throughput,power_test_sf10,q15,2,2026-06-17T14:09:44.430061+00:00,2026-06-17T14:09:48.832404+00:00,,,1,,,,,
6623510f23924b7ba246058bdb948480,duckdb,1.5.4,tpch,10,c8gd.4xlarge,throughput,power_test_sf10,q01,2,2026-06-17T14:09:48.832618+00:00,2026-06-17T14:09:53.620285+00:00,,,4,,,,,
6623510f23924b7ba246058bdb948480,duckdb,1.5.4,tpch,10,c8gd.4xlarge,throughput,power_test_sf10,q10,2,2026-06-17T14:09:53.620498+00:00,2026-06-17T14:10:04.199556+00:00,,,20,,,,,
6623510f23924b7ba246058bdb948480,duckdb,1.5.4,tpch,10,c8gd.4xlarge,throughput,power_test_sf10,q19,2,2026-06-17T14:10:04.199783+00:00,2026-06-17T14:10:17.095801+00:00,,,1,,,,,
6623510f23924b7ba246058bdb948480,duckdb,1.5.4,tpch,10,c8gd.4xlarge,throughput,power_test_sf10,q05,2,2026-06-17T14:10:17.096021+00:00,2026-06-17T14:10:28.040629+00:00,,,5,,,,,
6623510f23924b7ba246058bdb948480,duckdb,1.5.4,tpch,10,c8gd.4xlarge,throughput,power_test_sf10,q07,2,2026-06-17T14:10:28.040846+00:00,2026-06-17T14:10:37.447046+00:00,,,4,,,,,
6623510f23924b7ba246058bdb948480,duckdb,1.5.4,tpch,10,c8gd.4xlarge,throughput,power_test_sf10,q12,2,2026-06-17T14:10:37.447252+00:00,2026-06-17T14:10:47.389508+00:00,,,2,,,,,
6623510f23924b7ba246058bdb948480,duckdb,1.5.4,tpch,10,c8gd.4xlarge,throughput,power_test_sf10,q14,3,2026-06-17T14:07:51.088222+00:00,2026-06-17T14:08:01.619987+00:00,,,1,,,,,
6623510f23924b7ba246058bdb948480,duckdb,1.5.4,tpch,10,c8gd.4xlarge,throughput,power_test_sf10,q02,3,2026-06-17T14:08:01.620195+00:00,2026-06-17T14:08:04.458484+00:00,,,100,,,,,
6623510f23924b7ba246058bdb948480,duckdb,1.5.4,tpch,10,c8gd.4xlarge,throughput,power_test_sf10,q09,3,2026-06-17T14:08:04.458717+00:00,2026-06-17T14:08:19.113055+00:00,,,175,,,,,
6623510f23924b7ba246058bdb948480,duckdb,1.5.4,tpch,10,c8gd.4xlarge,throughput,power_test_sf10,q20,3,2026-06-17T14:08:19.113245+00:00,2026-06-17T14:08:31.268326+00:00,,,1804,,,,,
6623510f23924b7ba246058bdb948480,duckdb,1.5.4,tpch,10,c8gd.4xlarge,throughput,power_test_sf10,q06,3,2026-06-17T14:08:31.268607+00:00,2026-06-17T14:08:39.600752+00:00,,,1,,,,,
6623510f23924b7ba246058bdb948480,duckdb,1.5.4,tpch,10,c8gd.4xlarge,throughput,power_test_sf10,q17,3,2026-06-17T14:08:39.600986+00:00,2026-06-17T14:08:50.567755+00:00,,,1,,,,,
6623510f23924b7ba246058bdb948480,duckdb,1.5.4,tpch,10,c8gd.4xlarge,throughput,power_test_sf10,q18,3,2026-06-17T14:08:50.567973+00:00,2026-06-17T14:09:02.213429+00:00,,,100,,,,,
6623510f23924b7ba246058bdb948480,duckdb,1.5.4,tpch,10,c8gd.4xlarge,throughput,power_test_sf10,q08,3,2026-06-17T14:09:02.213650+00:00,2026-06-17T14:09:14.221202+00:00,,,2,,,,,
6623510f23924b7ba246058bdb948480,duckdb,1.5.4,tpch,10,c8gd.4xlarge,throughput,power_test_sf10,q21,3,2026-06-17T14:09:14.221422+00:00,2026-06-17T14:09:29.972525+00:00,,,100,,,,,
6623510f23924b7ba246058bdb948480,duckdb,1.5.4,tpch,10,c8gd.4xlarge,throughput,power_test_sf10,q13,3,2026-06-17T14:09:29.972743+00:00,2026-06-17T14:09:33.514029+00:00,,,46,,,,,
6623510f23924b7ba246058bdb948480,duckdb,1.5.4,tpch,10,c8gd.4xlarge,throughput,power_test_sf10,q03,3,2026-06-17T14:09:33.514243+00:00,2026-06-17T14:09:39.993202+00:00,,,10,,,,,
6623510f23924b7ba246058bdb948480,duckdb,1.5.4,tpch,10,c8gd.4xlarge,throughput,power_test_sf10,q22,3,2026-06-17T14:09:39.993412+00:00,2026-06-17T14:09:42.411889+00:00,,,7,,,,,
6623510f23924b7ba246058bdb948480,duckdb,1.5.4,tpch,10,c8gd.4xlarge,throughput,power_test_sf10,q16,3,2026-06-17T14:09:42.412101+00:00,2026-06-17T14:09:44.392010+00:00,,,27840,,,,,
6623510f23924b7ba246058bdb948480,duckdb,1.5.4,tpch,10,c8gd.4xlarge,throughput,power_test_sf10,q04,3,2026-06-17T14:09:44.393374+00:00,2026-06-17T14:09:52.547287+00:00,,,5,,,,,
6623510f23924b7ba246058bdb948480,duckdb,1.5.4,tpch,10,c8gd.4xlarge,throughput,power_test_sf10,q11,3,2026-06-17T14:09:52.547499+00:00,2026-06-17T14:09:56.131548+00:00,,,0,,,,,
6623510f23924b7ba246058bdb948480,duckdb,1.5.4,tpch,10,c8gd.4xlarge,throughput,power_test_sf10,q15,3,2026-06-17T14:09:56.131767+00:00,2026-06-17T14:10:03.865899+00:00,,,1,,,,,
6623510f23924b7ba246058bdb948480,duckdb,1.5.4,tpch,10,c8gd.4xlarge,throughput,power_test_sf10,q01,3,2026-06-17T14:10:03.866110+00:00,2026-06-17T14:10:09.178339+00:00,,,4,,,,,
6623510f23924b7ba246058bdb948480,duckdb,1.5.4,tpch,10,c8gd.4xlarge,throughput,power_test_sf10,q10,3,2026-06-17T14:10:09.178527+00:00,2026-06-17T14:10:17.546402+00:00,,,20,,,,,
6623510f23924b7ba246058bdb948480,duckdb,1.5.4,tpch,10,c8gd.4xlarge,throughput,power_test_sf10,q19,3,2026-06-17T14:10:17.546637+00:00,2026-06-17T14:10:27.202140+00:00,,,1,,,,,
6623510f23924b7ba246058bdb948480,duckdb,1.5.4,tpch,10,c8gd.4xlarge,throughput,power_test_sf10,q05,3,2026-06-17T14:10:27.202328+00:00,2026-06-17T14:10:36.610978+00:00,,,5,,,,,
6623510f23924b7ba246058bdb948480,duckdb,1.5.4,tpch,10,c8gd.4xlarge,throughput,power_test_sf10,q07,3,2026-06-17T14:10:36.611228+00:00,2026-06-17T14:10:46.594523+00:00,,,4,,,,,
6623510f23924b7ba246058bdb948480,duckdb,1.5.4,tpch,10,c8gd.4xlarge,throughput,power_test_sf10,q12,3,2026-06-17T14:10:46.594739+00:00,2026-06-17T14:10:53.386841+00:00,,,2,,,,,
6623510f23924b7ba246058bdb948480,duckdb,1.5.4,tpch,10,c8gd.4xlarge,throughput,power_test_sf10,RF_set2,0,2026-06-17T14:07:51.088136+00:00,2026-06-17T14:07:52.074057+00:00,,,,,,,,
ae97517d603446b3976e42a9b6bdb7e9,duckdb,1.5.4,tpch,10,c8gd.4xlarge,power,power_test_sf10,q14,0,2026-06-17T14:11:18.248017+00:00,2026-06-17T14:11:19.832657+00:00,,,1,,,,,
ae97517d603446b3976e42a9b6bdb7e9,duckdb,1.5.4,tpch,10,c8gd.4xlarge,power,power_test_sf10,q02,0,2026-06-17T14:11:19.832950+00:00,2026-06-17T14:11:22.284341+00:00,,,100,,,,,
ae97517d603446b3976e42a9b6bdb7e9,duckdb,1.5.4,tpch,10,c8gd.4xlarge,power,power_test_sf10,q09,0,2026-06-17T14:11:22.284580+00:00,2026-06-17T14:11:26.001384+00:00,,,175,,,,,
ae97517d603446b3976e42a9b6bdb7e9,duckdb,1.5.4,tpch,10,c8gd.4xlarge,power,power_test_sf10,q20,0,2026-06-17T14:11:26.007104+00:00,2026-06-17T14:11:28.014914+00:00,,,1804,,,,,
ae97517d603446b3976e42a9b6bdb7e9,duckdb,1.5.4,tpch,10,c8gd.4xlarge,power,power_test_sf10,q06,0,2026-06-17T14:11:28.015274+00:00,2026-06-17T14:11:28.780553+00:00,,,1,,,,,
ae97517d603446b3976e42a9b6bdb7e9,duckdb,1.5.4,tpch,10,c8gd.4xlarge,power,power_test_sf10,q17,0,2026-06-17T14:11:28.780819+00:00,2026-06-17T14:11:30.491012+00:00,,,1,,,,,
ae97517d603446b3976e42a9b6bdb7e9,duckdb,1.5.4,tpch,10,c8gd.4xlarge,power,power_test_sf10,q18,0,2026-06-17T14:11:30.491298+00:00,2026-06-17T14:11:32.978900+00:00,,,100,,,,,
ae97517d603446b3976e42a9b6bdb7e9,duckdb,1.5.4,tpch,10,c8gd.4xlarge,power,power_test_sf10,q08,0,2026-06-17T14:11:32.979280+00:00,2026-06-17T14:11:35.897196+00:00,,,2,,,,,
ae97517d603446b3976e42a9b6bdb7e9,duckdb,1.5.4,tpch,10,c8gd.4xlarge,power,power_test_sf10,q21,0,2026-06-17T14:11:35.897449+00:00,2026-06-17T14:11:39.126204+00:00,,,100,,,,,
ae97517d603446b3976e42a9b6bdb7e9,duckdb,1.5.4,tpch,10,c8gd.4xlarge,power,power_test_sf10,q13,0,2026-06-17T14:11:39.126485+00:00,2026-06-17T14:11:42.126050+00:00,,,46,,,,,
ae97517d603446b3976e42a9b6bdb7e9,duckdb,1.5.4,tpch,10,c8gd.4xlarge,power,power_test_sf10,q03,0,2026-06-17T14:11:42.126388+00:00,2026-06-17T14:11:44.099627+00:00,,,10,,,,,
ae97517d603446b3976e42a9b6bdb7e9,duckdb,1.5.4,tpch,10,c8gd.4xlarge,power,power_test_sf10,q22,0,2026-06-17T14:11:44.099981+00:00,2026-06-17T14:11:45.311002+00:00,,,7,,,,,
ae97517d603446b3976e42a9b6bdb7e9,duckdb,1.5.4,tpch,10,c8gd.4xlarge,power,power_test_sf10,q16,0,2026-06-17T14:11:45.311345+00:00,2026-06-17T14:11:46.424173+00:00,,,27840,,,,,
ae97517d603446b3976e42a9b6bdb7e9,duckdb,1.5.4,tpch,10,c8gd.4xlarge,power,power_test_sf10,q04,0,2026-06-17T14:11:46.425692+00:00,2026-06-17T14:11:47.758462+00:00,,,5,,,,,
ae97517d603446b3976e42a9b6bdb7e9,duckdb,1.5.4,tpch,10,c8gd.4xlarge,power,power_test_sf10,q11,0,2026-06-17T14:11:47.758816+00:00,2026-06-17T14:11:49.266438+00:00,,,0,,,,,
ae97517d603446b3976e42a9b6bdb7e9,duckdb,1.5.4,tpch,10,c8gd.4xlarge,power,power_test_sf10,q15,0,2026-06-17T14:11:49.266724+00:00,2026-06-17T14:11:50.281450+00:00,,,1,,,,,
ae97517d603446b3976e42a9b6bdb7e9,duckdb,1.5.4,tpch,10,c8gd.4xlarge,power,power_test_sf10,q01,0,2026-06-17T14:11:50.281775+00:00,2026-06-17T14:11:51.334685+00:00,,,4,,,,,
ae97517d603446b3976e42a9b6bdb7e9,duckdb,1.5.4,tpch,10,c8gd.4xlarge,power,power_test_sf10,q10,0,2026-06-17T14:11:51.335013+00:00,2026-06-17T14:11:53.470149+00:00,,,20,,,,,
ae97517d603446b3976e42a9b6bdb7e9,duckdb,1.5.4,tpch,10,c8gd.4xlarge,power,power_test_sf10,q19,0,2026-06-17T14:11:53.470494+00:00,2026-06-17T14:11:55.066193+00:00,,,1,,,,,
ae97517d603446b3976e42a9b6bdb7e9,duckdb,1.5.4,tpch,10,c8gd.4xlarge,power,power_test_sf10,q05,0,2026-06-17T14:11:55.066527+00:00,2026-06-17T14:11:57.549877+00:00,,,5,,,,,
ae97517d603446b3976e42a9b6bdb7e9,duckdb,1.5.4,tpch,10,c8gd.4xlarge,power,power_test_sf10,q07,0,2026-06-17T14:11:57.550205+00:00,2026-06-17T14:11:59.696822+00:00,,,4,,,,,
ae97517d603446b3976e42a9b6bdb7e9,duckdb,1.5.4,tpch,10,c8gd.4xlarge,power,power_test_sf10,q12,0,2026-06-17T14:11:59.697218+00:00,2026-06-17T14:12:01.049218+00:00,,,2,,,,,
ae97517d603446b3976e42a9b6bdb7e9,duckdb,1.5.4,tpch,10,c8gd.4xlarge,power,power_test_sf10,RF1_set1,0,2026-06-17T14:11:17.212207+00:00,2026-06-17T14:11:18.247783+00:00,,,,,,,,
ae97517d603446b3976e42a9b6bdb7e9,duckdb,1.5.4,tpch,10,c8gd.4xlarge,power,power_test_sf10,RF2_set1,0,2026-06-17T14:12:01.049318+00:00,2026-06-17T14:12:01.778204+00:00,,,,,,,,
919bdea6d03a405e9d1d9f7c20328b86,duckdb,1.5.3,tpch,10,c8gd.4xlarge,power,power_test_sf10,q14,0,2026-06-17T14:13:52.540743+00:00,2026-06-17T14:13:54.044688+00:00,,,1,,,,,
919bdea6d03a405e9d1d9f7c20328b86,duckdb,1.5.3,tpch,10,c8gd.4xlarge,power,power_test_sf10,q02,0,2026-06-17T14:13:54.044961+00:00,2026-06-17T14:13:55.867848+00:00,,,100,,,,,
919bdea6d03a405e9d1d9f7c20328b86,duckdb,1.5.3,tpch,10,c8gd.4xlarge,power,power_test_sf10,q09,0,2026-06-17T14:13:55.868155+00:00,2026-06-17T14:13:59.305260+00:00,,,175,,,,,
919bdea6d03a405e9d1d9f7c20328b86,duckdb,1.5.3,tpch,10,c8gd.4xlarge,power,power_test_sf10,q20,0,2026-06-17T14:13:59.311434+00:00,2026-06-17T14:14:01.327544+00:00,,,1804,,,,,
919bdea6d03a405e9d1d9f7c20328b86,duckdb,1.5.3,tpch,10,c8gd.4xlarge,power,power_test_sf10,q06,0,2026-06-17T14:14:01.327896+00:00,2026-06-17T14:14:02.280210+00:00,,,1,,,,,
919bdea6d03a405e9d1d9f7c20328b86,duckdb,1.5.3,tpch,10,c8gd.4xlarge,power,power_test_sf10,q17,0,2026-06-17T14:14:02.280493+00:00,2026-06-17T14:14:04.258876+00:00,,,1,,,,,
919bdea6d03a405e9d1d9f7c20328b86,duckdb,1.5.3,tpch,10,c8gd.4xlarge,power,power_test_sf10,q18,0,2026-06-17T14:14:04.259173+00:00,2026-06-17T14:14:06.842732+00:00,,,100,,,,,
919bdea6d03a405e9d1d9f7c20328b86,duckdb,1.5.3,tpch,10,c8gd.4xlarge,power,power_test_sf10,q08,0,2026-06-17T14:14:06.843067+00:00,2026-06-17T14:14:10.169025+00:00,,,2,,,,,
919bdea6d03a405e9d1d9f7c20328b86,duckdb,1.5.3,tpch,10,c8gd.4xlarge,power,power_test_sf10,q21,0,2026-06-17T14:14:10.169297+00:00,2026-06-17T14:14:13.626948+00:00,,,100,,,,,
919bdea6d03a405e9d1d9f7c20328b86,duckdb,1.5.3,tpch,10,c8gd.4xlarge,power,power_test_sf10,q13,0,2026-06-17T14:14:13.627353+00:00,2026-06-17T14:14:16.696036+00:00,,,46,,,,,
919bdea6d03a405e9d1d9f7c20328b86,duckdb,1.5.3,tpch,10,c8gd.4xlarge,power,power_test_sf10,q03,0,2026-06-17T14:14:16.696347+00:00,2026-06-17T14:14:19.003422+00:00,,,10,,,,,
919bdea6d03a405e9d1d9f7c20328b86,duckdb,1.5.3,tpch,10,c8gd.4xlarge,power,power_test_sf10,q22,0,2026-06-17T14:14:19.003711+00:00,2026-06-17T14:14:20.329019+00:00,,,7,,,,,
919bdea6d03a405e9d1d9f7c20328b86,duckdb,1.5.3,tpch,10,c8gd.4xlarge,power,power_test_sf10,q16,0,2026-06-17T14:14:20.329428+00:00,2026-06-17T14:14:21.336628+00:00,,,27840,,,,,
919bdea6d03a405e9d1d9f7c20328b86,duckdb,1.5.3,tpch,10,c8gd.4xlarge,power,power_test_sf10,q04,0,2026-06-17T14:14:21.338298+00:00,2026-06-17T14:14:22.992739+00:00,,,5,,,,,
919bdea6d03a405e9d1d9f7c20328b86,duckdb,1.5.3,tpch,10,c8gd.4xlarge,power,power_test_sf10,q11,0,2026-06-17T14:14:22.993072+00:00,2026-06-17T14:14:24.412767+00:00,,,0,,,,,
919bdea6d03a405e9d1d9f7c20328b86,duckdb,1.5.3,tpch,10,c8gd.4xlarge,power,power_test_sf10,q15,0,2026-06-17T14:14:24.413172+00:00,2026-06-17T14:14:25.647366+00:00,,,1,,,,,
919bdea6d03a405e9d1d9f7c20328b86,duckdb,1.5.3,tpch,10,c8gd.4xlarge,power,power_test_sf10,q01,0,2026-06-17T14:14:25.647693+00:00,2026-06-17T14:14:26.830590+00:00,,,4,,,,,
919bdea6d03a405e9d1d9f7c20328b86,duckdb,1.5.3,tpch,10,c8gd.4xlarge,power,power_test_sf10,q10,0,2026-06-17T14:14:26.830873+00:00,2026-06-17T14:14:29.272035+00:00,,,20,,,,,
919bdea6d03a405e9d1d9f7c20328b86,duckdb,1.5.3,tpch,10,c8gd.4xlarge,power,power_test_sf10,q19,0,2026-06-17T14:14:29.272384+00:00,2026-06-17T14:14:30.890126+00:00,,,1,,,,,
919bdea6d03a405e9d1d9f7c20328b86,duckdb,1.5.3,tpch,10,c8gd.4xlarge,power,power_test_sf10,q05,0,2026-06-17T14:14:30.890388+00:00,2026-06-17T14:14:33.579930+00:00,,,5,,,,,
919bdea6d03a405e9d1d9f7c20328b86,duckdb,1.5.3,tpch,10,c8gd.4xlarge,power,power_test_sf10,q07,0,2026-06-17T14:14:33.580259+00:00,2026-06-17T14:14:36.017324+00:00,,,4,,,,,
919bdea6d03a405e9d1d9f7c20328b86,duckdb,1.5.3,tpch,10,c8gd.4xlarge,power,power_test_sf10,q12,0,2026-06-17T14:14:36.017621+00:00,2026-06-17T14:14:37.765487+00:00,,,2,,,,,
919bdea6d03a405e9d1d9f7c20328b86,duckdb,1.5.3,tpch,10,c8gd.4xlarge,power,power_test_sf10,RF1_set1,0,2026-06-17T14:13:51.659545+00:00,2026-06-17T14:13:52.540506+00:00,,,,,,,,
919bdea6d03a405e9d1d9f7c20328b86,duckdb,1.5.3,tpch,10,c8gd.4xlarge,power,power_test_sf10,RF2_set1,0,2026-06-17T14:14:37.765580+00:00,2026-06-17T14:14:38.819111+00:00,,,,,,,,
98086c17590a4e9e8e7c6ec0e7c003fd,duckdb,1.5.3,tpch,10,c8gd.4xlarge,load,power_test_sf10_2,load,0,2026-06-17T14:16:31.917715+00:00,2026-06-17T14:16:55.020514+00:00,,,,,,,,
ccd91307b83c44cb9001d0ace8988340,duckdb,1.5.3,tpch,10,c8gd.4xlarge,power,power_test_sf10_2,q14,0,2026-06-17T14:29:21.326433+00:00,2026-06-17T14:29:23.143104+00:00,,,1,,,,,
ccd91307b83c44cb9001d0ace8988340,duckdb,1.5.3,tpch,10,c8gd.4xlarge,power,power_test_sf10_2,q02,0,2026-06-17T14:29:23.143373+00:00,2026-06-17T14:29:25.517432+00:00,,,100,,,,,
ccd91307b83c44cb9001d0ace8988340,duckdb,1.5.3,tpch,10,c8gd.4xlarge,power,power_test_sf10_2,q09,0,2026-06-17T14:29:25.517813+00:00,2026-06-17T14:29:29.157809+00:00,,,175,,,,,
ccd91307b83c44cb9001d0ace8988340,duckdb,1.5.3,tpch,10,c8gd.4xlarge,power,power_test_sf10_2,q20,0,2026-06-17T14:29:29.163782+00:00,2026-06-17T14:29:31.130992+00:00,,,1804,,,,,
ccd91307b83c44cb9001d0ace8988340,duckdb,1.5.3,tpch,10,c8gd.4xlarge,power,power_test_sf10_2,q06,0,2026-06-17T14:29:31.131319+00:00,2026-06-17T14:29:31.839966+00:00,,,1,,,,,
ccd91307b83c44cb9001d0ace8988340,duckdb,1.5.3,tpch,10,c8gd.4xlarge,power,power_test_sf10_2,q17,0,2026-06-17T14:29:31.840255+00:00,2026-06-17T14:29:33.452919+00:00,,,1,,,,,
ccd91307b83c44cb9001d0ace8988340,duckdb,1.5.3,tpch,10,c8gd.4xlarge,power,power_test_sf10_2,q18,0,2026-06-17T14:29:33.453198+00:00,2026-06-17T14:29:35.653966+00:00,,,100,,,,,
ccd91307b83c44cb9001d0ace8988340,duckdb,1.5.3,tpch,10,c8gd.4xlarge,power,power_test_sf10_2,q08,0,2026-06-17T14:29:35.654297+00:00,2026-06-17T14:29:38.508246+00:00,,,2,,,,,
ccd91307b83c44cb9001d0ace8988340,duckdb,1.5.3,tpch,10,c8gd.4xlarge,power,power_test_sf10_2,q21,0,2026-06-17T14:29:38.508608+00:00,2026-06-17T14:29:41.237882+00:00,,,100,,,,,
ccd91307b83c44cb9001d0ace8988340,duckdb,1.5.3,tpch,10,c8gd.4xlarge,power,power_test_sf10_2,q13,0,2026-06-17T14:29:41.238218+00:00,2026-06-17T14:29:44.114255+00:00,,,46,,,,,
ccd91307b83c44cb9001d0ace8988340,duckdb,1.5.3,tpch,10,c8gd.4xlarge,power,power_test_sf10_2,q03,0,2026-06-17T14:29:44.114555+00:00,2026-06-17T14:29:45.932319+00:00,,,10,,,,,
ccd91307b83c44cb9001d0ace8988340,duckdb,1.5.3,tpch,10,c8gd.4xlarge,power,power_test_sf10_2,q22,0,2026-06-17T14:29:45.932671+00:00,2026-06-17T14:29:47.055305+00:00,,,7,,,,,
ccd91307b83c44cb9001d0ace8988340,duckdb,1.5.3,tpch,10,c8gd.4xlarge,power,power_test_sf10_2,q16,0,2026-06-17T14:29:47.055677+00:00,2026-06-17T14:29:48.069613+00:00,,,27840,,,,,
ccd91307b83c44cb9001d0ace8988340,duckdb,1.5.3,tpch,10,c8gd.4xlarge,power,power_test_sf10_2,q04,0,2026-06-17T14:29:48.071307+00:00,2026-06-17T14:29:49.059847+00:00,,,5,,,,,
ccd91307b83c44cb9001d0ace8988340,duckdb,1.5.3,tpch,10,c8gd.4xlarge,power,power_test_sf10_2,q11,0,2026-06-17T14:29:49.060165+00:00,2026-06-17T14:29:50.465043+00:00,,,0,,,,,
ccd91307b83c44cb9001d0ace8988340,duckdb,1.5.3,tpch,10,c8gd.4xlarge,power,power_test_sf10_2,q15,0,2026-06-17T14:29:50.465337+00:00,2026-06-17T14:29:51.427318+00:00,,,1,,,,,
ccd91307b83c44cb9001d0ace8988340,duckdb,1.5.3,tpch,10,c8gd.4xlarge,power,power_test_sf10_2,q01,0,2026-06-17T14:29:51.427629+00:00,2026-06-17T14:29:52.391008+00:00,,,4,,,,,
ccd91307b83c44cb9001d0ace8988340,duckdb,1.5.3,tpch,10,c8gd.4xlarge,power,power_test_sf10_2,q10,0,2026-06-17T14:29:52.391288+00:00,2026-06-17T14:29:54.303613+00:00,,,20,,,,,
ccd91307b83c44cb9001d0ace8988340,duckdb,1.5.3,tpch,10,c8gd.4xlarge,power,power_test_sf10_2,q19,0,2026-06-17T14:29:54.303923+00:00,2026-06-17T14:29:55.743973+00:00,,,1,,,,,
ccd91307b83c44cb9001d0ace8988340,duckdb,1.5.3,tpch,10,c8gd.4xlarge,power,power_test_sf10_2,q05,0,2026-06-17T14:29:55.744286+00:00,2026-06-17T14:29:58.117448+00:00,,,5,,,,,
ccd91307b83c44cb9001d0ace8988340,duckdb,1.5.3,tpch,10,c8gd.4xlarge,power,power_test_sf10_2,q07,0,2026-06-17T14:29:58.117817+00:00,2026-06-17T14:30:00.108707+00:00,,,4,,,,,
ccd91307b83c44cb9001d0ace8988340,duckdb,1.5.3,tpch,10,c8gd.4xlarge,power,power_test_sf10_2,q12,0,2026-06-17T14:30:00.109132+00:00,2026-06-17T14:30:01.226523+00:00,,,2,,,,,
ccd91307b83c44cb9001d0ace8988340,duckdb,1.5.3,tpch,10,c8gd.4xlarge,power,power_test_sf10_2,RF1_set1,0,2026-06-17T14:29:20.279208+00:00,2026-06-17T14:29:21.326200+00:00,,,,,,,,
ccd91307b83c44cb9001d0ace8988340,duckdb,1.5.3,tpch,10,c8gd.4xlarge,power,power_test_sf10_2,RF2_set1,0,2026-06-17T14:30:01.226618+00:00,2026-06-17T14:30:02.543785+00:00,,,,,,,,
81e1b0ea45d846859054457e20eb6022,duckdb,1.5.2,tpch,10,c8gd.4xlarge,power,power_test_sf10_2,q14,0,2026-06-17T14:41:47.701926+00:00,2026-06-17T14:41:49.319312+00:00,,,1,,,,,
81e1b0ea45d846859054457e20eb6022,duckdb,1.5.2,tpch,10,c8gd.4xlarge,power,power_test_sf10_2,q02,0,2026-06-17T14:41:49.319578+00:00,2026-06-17T14:41:51.565168+00:00,,,100,,,,,
81e1b0ea45d846859054457e20eb6022,duckdb,1.5.2,tpch,10,c8gd.4xlarge,power,power_test_sf10_2,q09,0,2026-06-17T14:41:51.565412+00:00,2026-06-17T14:41:55.313081+00:00,,,175,,,,,
81e1b0ea45d846859054457e20eb6022,duckdb,1.5.2,tpch,10,c8gd.4xlarge,power,power_test_sf10_2,q20,0,2026-06-17T14:41:55.313364+00:00,2026-06-17T14:41:57.317425+00:00,,,1804,,,,,
81e1b0ea45d846859054457e20eb6022,duckdb,1.5.2,tpch,10,c8gd.4xlarge,power,power_test_sf10_2,q06,0,2026-06-17T14:41:57.317729+00:00,2026-06-17T14:41:58.159882+00:00,,,1,,,,,
81e1b0ea45d846859054457e20eb6022,duckdb,1.5.2,tpch,10,c8gd.4xlarge,power,power_test_sf10_2,q17,0,2026-06-17T14:41:58.160111+00:00,2026-06-17T14:42:00.021458+00:00,,,1,,,,,
81e1b0ea45d846859054457e20eb6022,duckdb,1.5.2,tpch,10,c8gd.4xlarge,power,power_test_sf10_2,q18,0,2026-06-17T14:42:00.021763+00:00,2026-06-17T14:42:02.527839+00:00,,,100,,,,,
81e1b0ea45d846859054457e20eb6022,duckdb,1.5.2,tpch,10,c8gd.4xlarge,power,power_test_sf10_2,q08,0,2026-06-17T14:42:02.528163+00:00,2026-06-17T14:42:05.569438+00:00,,,2,,,,,
81e1b0ea45d846859054457e20eb6022,duckdb,1.5.2,tpch,10,c8gd.4xlarge,power,power_test_sf10_2,q21,0,2026-06-17T14:42:05.569671+00:00,2026-06-17T14:42:08.737000+00:00,,,100,,,,,
81e1b0ea45d846859054457e20eb6022,duckdb,1.5.2,tpch,10,c8gd.4xlarge,power,power_test_sf10_2,q13,0,2026-06-17T14:42:08.737265+00:00,2026-06-17T14:42:11.723948+00:00,,,46,,,,,
81e1b0ea45d846859054457e20eb6022,duckdb,1.5.2,tpch,10,c8gd.4xlarge,power,power_test_sf10_2,q03,0,2026-06-17T14:42:11.724182+00:00,2026-06-17T14:42:13.819026+00:00,,,10,,,,,
81e1b0ea45d846859054457e20eb6022,duckdb,1.5.2,tpch,10,c8gd.4xlarge,power,power_test_sf10_2,q22,0,2026-06-17T14:42:13.819283+00:00,2026-06-17T14:42:15.037940+00:00,,,7,,,,,
81e1b0ea45d846859054457e20eb6022,duckdb,1.5.2,tpch,10,c8gd.4xlarge,power,power_test_sf10_2,q16,0,2026-06-17T14:42:15.038234+00:00,2026-06-17T14:42:16.036010+00:00,,,27840,,,,,
81e1b0ea45d846859054457e20eb6022,duckdb,1.5.2,tpch,10,c8gd.4xlarge,power,power_test_sf10_2,q04,0,2026-06-17T14:42:16.037518+00:00,2026-06-17T14:42:17.466751+00:00,,,5,,,,,
81e1b0ea45d846859054457e20eb6022,duckdb,1.5.2,tpch,10,c8gd.4xlarge,power,power_test_sf10_2,q11,0,2026-06-17T14:42:17.467049+00:00,2026-06-17T14:42:18.840575+00:00,,,0,,,,,
81e1b0ea45d846859054457e20eb6022,duckdb,1.5.2,tpch,10,c8gd.4xlarge,power,power_test_sf10_2,q15,0,2026-06-17T14:42:18.840842+00:00,2026-06-17T14:42:19.936480+00:00,,,1,,,,,
81e1b0ea45d846859054457e20eb6022,duckdb,1.5.2,tpch,10,c8gd.4xlarge,power,power_test_sf10_2,q01,0,2026-06-17T14:42:19.936723+00:00,2026-06-17T14:42:20.975807+00:00,,,4,,,,,
81e1b0ea45d846859054457e20eb6022,duckdb,1.5.2,tpch,10,c8gd.4xlarge,power,power_test_sf10_2,q10,0,2026-06-17T14:42:20.976059+00:00,2026-06-17T14:42:23.208206+00:00,,,20,,,,,
81e1b0ea45d846859054457e20eb6022,duckdb,1.5.2,tpch,10,c8gd.4xlarge,power,power_test_sf10_2,q19,0,2026-06-17T14:42:23.208538+00:00,2026-06-17T14:42:24.838566+00:00,,,1,,,,,
81e1b0ea45d846859054457e20eb6022,duckdb,1.5.2,tpch,10,c8gd.4xlarge,power,power_test_sf10_2,q05,0,2026-06-17T14:42:24.838799+00:00,2026-06-17T14:42:27.344353+00:00,,,5,,,,,
81e1b0ea45d846859054457e20eb6022,duckdb,1.5.2,tpch,10,c8gd.4xlarge,power,power_test_sf10_2,q07,0,2026-06-17T14:42:27.344681+00:00,2026-06-17T14:42:29.665776+00:00,,,4,,,,,
81e1b0ea45d846859054457e20eb6022,duckdb,1.5.2,tpch,10,c8gd.4xlarge,power,power_test_sf10_2,q12,0,2026-06-17T14:42:29.666127+00:00,2026-06-17T14:42:31.190610+00:00,,,2,,,,,
81e1b0ea45d846859054457e20eb6022,duckdb,1.5.2,tpch,10,c8gd.4xlarge,power,power_test_sf10_2,RF1_set1,0,2026-06-17T14:41:46.556329+00:00,2026-06-17T14:41:47.701694+00:00,,,,,,,,
81e1b0ea45d846859054457e20eb6022,duckdb,1.5.2,tpch,10,c8gd.4xlarge,power,power_test_sf10_2,RF2_set1,0,2026-06-17T14:42:31.190715+00:00,2026-06-17T14:42:32.008065+00:00,,,,,,,,
54517b5150b744ddb981be4e0ff4158f,duckdb,1.5.2,tpch,10,c8gd.4xlarge,analytical,bench_sf10,q01,0,2026-06-18T09:28:20.426130+00:00,2026-06-18T09:28:24.422689+00:00,true,,4,,,,,
54517b5150b744ddb981be4e0ff4158f,duckdb,1.5.2,tpch,10,c8gd.4xlarge,analytical,bench_sf10,q01,1,2026-06-18T09:28:24.423117+00:00,2026-06-18T09:28:28.543123+00:00,,,4,,,,,
54517b5150b744ddb981be4e0ff4158f,duckdb,1.5.2,tpch,10,c8gd.4xlarge,analytical,bench_sf10,q01,2,2026-06-18T09:28:28.543205+00:00,2026-06-18T09:28:32.698092+00:00,,,4,,,,,
54517b5150b744ddb981be4e0ff4158f,duckdb,1.5.2,tpch,10,c8gd.4xlarge,analytical,bench_sf10,q02,0,2026-06-18T09:28:35.628758+00:00,2026-06-18T09:28:38.106215+00:00,true,,100,,,,,
54517b5150b744ddb981be4e0ff4158f,duckdb,1.5.2,tpch,10,c8gd.4xlarge,analytical,bench_sf10,q02,1,2026-06-18T09:28:38.107972+00:00,2026-06-18T09:28:40.668694+00:00,,,100,,,,,
54517b5150b744ddb981be4e0ff4158f,duckdb,1.5.2,tpch,10,c8gd.4xlarge,analytical,bench_sf10,q02,2,2026-06-18T09:28:40.668793+00:00,2026-06-18T09:28:42.994912+00:00,,,100,,,,,
54517b5150b744ddb981be4e0ff4158f,duckdb,1.5.2,tpch,10,c8gd.4xlarge,analytical,bench_sf10,q03,0,2026-06-18T09:28:49.556971+00:00,2026-06-18T09:28:55.416903+00:00,true,,10,,,,,
54517b5150b744ddb981be4e0ff4158f,duckdb,1.5.2,tpch,10,c8gd.4xlarge,analytical,bench_sf10,q03,1,2026-06-18T09:28:55.417475+00:00,2026-06-18T09:29:01.109681+00:00,,,10,,,,,
54517b5150b744ddb981be4e0ff4158f,duckdb,1.5.2,tpch,10,c8gd.4xlarge,analytical,bench_sf10,q03,2,2026-06-18T09:29:01.109764+00:00,2026-06-18T09:29:06.930336+00:00,,,10,,,,,
54517b5150b744ddb981be4e0ff4158f,duckdb,1.5.2,tpch,10,c8gd.4xlarge,analytical,bench_sf10,q04,0,2026-06-18T09:29:11.197502+00:00,2026-06-18T09:29:15.421266+00:00,true,,5,,,,,
54517b5150b744ddb981be4e0ff4158f,duckdb,1.5.2,tpch,10,c8gd.4xlarge,analytical,bench_sf10,q04,1,2026-06-18T09:29:15.421844+00:00,2026-06-18T09:29:19.683654+00:00,,,5,,,,,
54517b5150b744ddb981be4e0ff4158f,duckdb,1.5.2,tpch,10,c8gd.4xlarge,analytical,bench_sf10,q04,2,2026-06-18T09:29:19.683735+00:00,2026-06-18T09:29:23.971121+00:00,,,5,,,,,
54517b5150b744ddb981be4e0ff4158f,duckdb,1.5.2,tpch,10,c8gd.4xlarge,analytical,bench_sf10,q05,0,2026-06-18T09:29:30.151866+00:00,2026-06-18T09:29:36.341263+00:00,true,,5,,,,,
54517b5150b744ddb981be4e0ff4158f,duckdb,1.5.2,tpch,10,c8gd.4xlarge,analytical,bench_sf10,q05,1,2026-06-18T09:29:36.341994+00:00,2026-06-18T09:29:42.566035+00:00,,,5,,,,,
54517b5150b744ddb981be4e0ff4158f,duckdb,1.5.2,tpch,10,c8gd.4xlarge,analytical,bench_sf10,q05,2,2026-06-18T09:29:42.566108+00:00,2026-06-18T09:29:49.607354+00:00,,,5,,,,,
54517b5150b744ddb981be4e0ff4158f,duckdb,1.5.2,tpch,10,c8gd.4xlarge,analytical,bench_sf10,q06,0,2026-06-18T09:29:54.335362+00:00,2026-06-18T09:29:59.116423+00:00,true,,1,,,,,
54517b5150b744ddb981be4e0ff4158f,duckdb,1.5.2,tpch,10,c8gd.4xlarge,analytical,bench_sf10,q06,1,2026-06-18T09:29:59.117092+00:00,2026-06-18T09:30:04.081219+00:00,,,1,,,,,
54517b5150b744ddb981be4e0ff4158f,duckdb,1.5.2,tpch,10,c8gd.4xlarge,analytical,bench_sf10,q06,2,2026-06-18T09:30:04.081294+00:00,2026-06-18T09:30:08.875620+00:00,,,1,,,,,
54517b5150b744ddb981be4e0ff4158f,duckdb,1.5.2,tpch,10,c8gd.4xlarge,analytical,bench_sf10,q07,0,2026-06-18T09:30:15.397833+00:00,2026-06-18T09:30:22.117743+00:00,true,,4,,,,,
54517b5150b744ddb981be4e0ff4158f,duckdb,1.5.2,tpch,10,c8gd.4xlarge,analytical,bench_sf10,q07,1,2026-06-18T09:30:22.118509+00:00,2026-06-18T09:30:28.627567+00:00,,,4,,,,,
54517b5150b744ddb981be4e0ff4158f,duckdb,1.5.2,tpch,10,c8gd.4xlarge,analytical,bench_sf10,q07,2,2026-06-18T09:30:28.627645+00:00,2026-06-18T09:30:35.083689+00:00,,,4,,,,,
54517b5150b744ddb981be4e0ff4158f,duckdb,1.5.2,tpch,10,c8gd.4xlarge,analytical,bench_sf10,q08,0,2026-06-18T09:30:42.648034+00:00,2026-06-18T09:30:50.050385+00:00,true,,2,,,,,
54517b5150b744ddb981be4e0ff4158f,duckdb,1.5.2,tpch,10,c8gd.4xlarge,analytical,bench_sf10,q08,1,2026-06-18T09:30:50.051223+00:00,2026-06-18T09:30:57.335946+00:00,,,2,,,,,
54517b5150b744ddb981be4e0ff4158f,duckdb,1.5.2,tpch,10,c8gd.4xlarge,analytical,bench_sf10,q08,2,2026-06-18T09:30:57.336019+00:00,2026-06-18T09:31:04.583363+00:00,,,2,,,,,
54517b5150b744ddb981be4e0ff4158f,duckdb,1.5.2,tpch,10,c8gd.4xlarge,analytical,bench_sf10,q09,0,2026-06-18T09:31:11.994448+00:00,2026-06-18T09:31:19.788101+00:00,true,,175,,,,,
54517b5150b744ddb981be4e0ff4158f,duckdb,1.5.2,tpch,10,c8gd.4xlarge,analytical,bench_sf10,q09,1,2026-06-18T09:31:19.789487+00:00,2026-06-18T09:31:27.148051+00:00,,,175,,,,,
54517b5150b744ddb981be4e0ff4158f,duckdb,1.5.2,tpch,10,c8gd.4xlarge,analytical,bench_sf10,q09,2,2026-06-18T09:31:27.148146+00:00,2026-06-18T09:31:34.574685+00:00,,,175,,,,,
54517b5150b744ddb981be4e0ff4158f,duckdb,1.5.2,tpch,10,c8gd.4xlarge,analytical,bench_sf10,q10,0,2026-06-18T09:31:41.008452+00:00,2026-06-18T09:31:47.286297+00:00,true,,20,,,,,
54517b5150b744ddb981be4e0ff4158f,duckdb,1.5.2,tpch,10,c8gd.4xlarge,analytical,bench_sf10,q10,1,2026-06-18T09:31:47.287449+00:00,2026-06-18T09:31:53.579281+00:00,,,20,,,,,
54517b5150b744ddb981be4e0ff4158f,duckdb,1.5.2,tpch,10,c8gd.4xlarge,analytical,bench_sf10,q10,2,2026-06-18T09:31:53.579373+00:00,2026-06-18T09:31:59.855801+00:00,,,20,,,,,
54517b5150b744ddb981be4e0ff4158f,duckdb,1.5.2,tpch,10,c8gd.4xlarge,analytical,bench_sf10,q11,0,2026-06-18T09:32:01.606178+00:00,2026-06-18T09:32:03.265977+00:00,true,,0,,,,,
54517b5150b744ddb981be4e0ff4158f,duckdb,1.5.2,tpch,10,c8gd.4xlarge,analytical,bench_sf10,q11,1,2026-06-18T09:32:03.266466+00:00,2026-06-18T09:32:04.903574+00:00,,,0,,,,,
54517b5150b744ddb981be4e0ff4158f,duckdb,1.5.2,tpch,10,c8gd.4xlarge,analytical,bench_sf10,q11,2,2026-06-18T09:32:04.903659+00:00,2026-06-18T09:32:06.703298+00:00,,,0,,,,,
54517b5150b744ddb981be4e0ff4158f,duckdb,1.5.2,tpch,10,c8gd.4xlarge,analytical,bench_sf10,q12,0,2026-06-18T09:32:16.212796+00:00,2026-06-18T09:32:22.001761+00:00,true,,2,,,,,
54517b5150b744ddb981be4e0ff4158f,duckdb,1.5.2,tpch,10,c8gd.4xlarge,analytical,bench_sf10,q12,1,2026-06-18T09:32:22.002693+00:00,2026-06-18T09:32:27.766909+00:00,,,2,,,,,
54517b5150b744ddb981be4e0ff4158f,duckdb,1.5.2,tpch,10,c8gd.4xlarge,analytical,bench_sf10,q12,2,2026-06-18T09:32:27.766979+00:00,2026-06-18T09:32:33.363319+00:00,,,2,,,,,
54517b5150b744ddb981be4e0ff4158f,duckdb,1.5.2,tpch,10,c8gd.4xlarge,analytical,bench_sf10,q13,0,2026-06-18T09:32:35.144662+00:00,2026-06-18T09:32:36.935119+00:00,true,,46,,,,,
54517b5150b744ddb981be4e0ff4158f,duckdb,1.5.2,tpch,10,c8gd.4xlarge,analytical,bench_sf10,q13,1,2026-06-18T09:32:36.935587+00:00,2026-06-18T09:32:38.777507+00:00,,,46,,,,,
54517b5150b744ddb981be4e0ff4158f,duckdb,1.5.2,tpch,10,c8gd.4xlarge,analytical,bench_sf10,q13,2,2026-06-18T09:32:38.777589+00:00,2026-06-18T09:32:40.556456+00:00,,,46,,,,,
54517b5150b744ddb981be4e0ff4158f,duckdb,1.5.2,tpch,10,c8gd.4xlarge,analytical,bench_sf10,q14,0,2026-06-18T09:32:44.974901+00:00,2026-06-18T09:32:49.405192+00:00,true,,1,,,,,
54517b5150b744ddb981be4e0ff4158f,duckdb,1.5.2,tpch,10,c8gd.4xlarge,analytical,bench_sf10,q14,1,2026-06-18T09:32:49.406085+00:00,2026-06-18T09:32:53.883704+00:00,,,1,,,,,
54517b5150b744ddb981be4e0ff4158f,duckdb,1.5.2,tpch,10,c8gd.4xlarge,analytical,bench_sf10,q14,2,2026-06-18T09:32:53.883781+00:00,2026-06-18T09:32:58.221930+00:00,,,1,,,,,
54517b5150b744ddb981be4e0ff4158f,duckdb,1.5.2,tpch,10,c8gd.4xlarge,analytical,bench_sf10,q15,0,2026-06-18T09:33:02.384452+00:00,2026-06-18T09:33:06.558607+00:00,true,,1,,,,,
54517b5150b744ddb981be4e0ff4158f,duckdb,1.5.2,tpch,10,c8gd.4xlarge,analytical,bench_sf10,q15,1,2026-06-18T09:33:06.559628+00:00,2026-06-18T09:33:10.765704+00:00,,,1,,,,,
54517b5150b744ddb981be4e0ff4158f,duckdb,1.5.2,tpch,10,c8gd.4xlarge,analytical,bench_sf10,q15,2,2026-06-18T09:33:10.765783+00:00,2026-06-18T09:33:15.197270+00:00,,,1,,,,,
54517b5150b744ddb981be4e0ff4158f,duckdb,1.5.2,tpch,10,c8gd.4xlarge,analytical,bench_sf10,q16,0,2026-06-18T09:33:16.496584+00:00,2026-06-18T09:33:17.765986+00:00,true,,27840,,,,,
54517b5150b744ddb981be4e0ff4158f,duckdb,1.5.2,tpch,10,c8gd.4xlarge,analytical,bench_sf10,q16,1,2026-06-18T09:33:17.916980+00:00,2026-06-18T09:33:19.357369+00:00,,,27840,,,,,
54517b5150b744ddb981be4e0ff4158f,duckdb,1.5.2,tpch,10,c8gd.4xlarge,analytical,bench_sf10,q16,2,2026-06-18T09:33:19.358617+00:00,2026-06-18T09:33:20.652094+00:00,,,27840,,,,,
54517b5150b744ddb981be4e0ff4158f,duckdb,1.5.2,tpch,10,c8gd.4xlarge,analytical,bench_sf10,q17,0,2026-06-18T09:33:27.496259+00:00,2026-06-18T09:33:34.211206+00:00,true,,1,,,,,
54517b5150b744ddb981be4e0ff4158f,duckdb,1.5.2,tpch,10,c8gd.4xlarge,analytical,bench_sf10,q17,1,2026-06-18T09:33:34.211932+00:00,2026-06-18T09:33:41.021307+00:00,,,1,,,,,
54517b5150b744ddb981be4e0ff4158f,duckdb,1.5.2,tpch,10,c8gd.4xlarge,analytical,bench_sf10,q17,2,2026-06-18T09:33:41.021384+00:00,2026-06-18T09:33:48.109593+00:00,,,1,,,,,
54517b5150b744ddb981be4e0ff4158f,duckdb,1.5.2,tpch,10,c8gd.4xlarge,analytical,bench_sf10,q18,0,2026-06-18T09:33:55.904516+00:00,2026-06-18T09:34:03.686882+00:00,true,,100,,,,,
54517b5150b744ddb981be4e0ff4158f,duckdb,1.5.2,tpch,10,c8gd.4xlarge,analytical,bench_sf10,q18,1,2026-06-18T09:34:03.688343+00:00,2026-06-18T09:34:11.185415+00:00,,,100,,,,,
54517b5150b744ddb981be4e0ff4158f,duckdb,1.5.2,tpch,10,c8gd.4xlarge,analytical,bench_sf10,q18,2,2026-06-18T09:34:11.185601+00:00,2026-06-18T09:34:18.773165+00:00,,,100,,,,,
54517b5150b744ddb981be4e0ff4158f,duckdb,1.5.2,tpch,10,c8gd.4xlarge,analytical,bench_sf10,q19,0,2026-06-18T09:34:24.833789+00:00,2026-06-18T09:34:30.746756+00:00,true,,1,,,,,
54517b5150b744ddb981be4e0ff4158f,duckdb,1.5.2,tpch,10,c8gd.4xlarge,analytical,bench_sf10,q19,1,2026-06-18T09:34:30.747715+00:00,2026-06-18T09:34:36.799551+00:00,,,1,,,,,
54517b5150b744ddb981be4e0ff4158f,duckdb,1.5.2,tpch,10,c8gd.4xlarge,analytical,bench_sf10,q19,2,2026-06-18T09:34:36.799630+00:00,2026-06-18T09:34:42.849624+00:00,,,1,,,,,
54517b5150b744ddb981be4e0ff4158f,duckdb,1.5.2,tpch,10,c8gd.4xlarge,analytical,bench_sf10,q20,0,2026-06-18T09:34:48.988394+00:00,2026-06-18T09:34:55.159145+00:00,true,,1804,,,,,
54517b5150b744ddb981be4e0ff4158f,duckdb,1.5.2,tpch,10,c8gd.4xlarge,analytical,bench_sf10,q20,1,2026-06-18T09:34:55.166587+00:00,2026-06-18T09:35:01.282256+00:00,,,1804,,,,,
54517b5150b744ddb981be4e0ff4158f,duckdb,1.5.2,tpch,10,c8gd.4xlarge,analytical,bench_sf10,q20,2,2026-06-18T09:35:01.282415+00:00,2026-06-18T09:35:07.458067+00:00,,,1804,,,,,
54517b5150b744ddb981be4e0ff4158f,duckdb,1.5.2,tpch,10,c8gd.4xlarge,analytical,bench_sf10,q21,0,2026-06-18T09:35:23.969171+00:00,2026-06-18T09:35:36.614410+00:00,true,,100,,,,,
54517b5150b744ddb981be4e0ff4158f,duckdb,1.5.2,tpch,10,c8gd.4xlarge,analytical,bench_sf10,q21,1,2026-06-18T09:35:36.615754+00:00,2026-06-18T09:35:49.856915+00:00,,,100,,,,,
54517b5150b744ddb981be4e0ff4158f,duckdb,1.5.2,tpch,10,c8gd.4xlarge,analytical,bench_sf10,q21,2,2026-06-18T09:35:49.856998+00:00,2026-06-18T09:36:02.598691+00:00,,,100,,,,,
54517b5150b744ddb981be4e0ff4158f,duckdb,1.5.2,tpch,10,c8gd.4xlarge,analytical,bench_sf10,q22,0,2026-06-18T09:36:04.017519+00:00,2026-06-18T09:36:05.425054+00:00,true,,7,,,,,
54517b5150b744ddb981be4e0ff4158f,duckdb,1.5.2,tpch,10,c8gd.4xlarge,analytical,bench_sf10,q22,1,2026-06-18T09:36:05.425615+00:00,2026-06-18T09:36:06.908965+00:00,,,7,,,,,
54517b5150b744ddb981be4e0ff4158f,duckdb,1.5.2,tpch,10,c8gd.4xlarge,analytical,bench_sf10,q22,2,2026-06-18T09:36:06.909044+00:00,2026-06-18T09:36:08.316014+00:00,,,7,,,,,
f95982243be14b8c88f656da49befaed,duckdb,1.5.4,tpch,10,c8gd.4xlarge,analytical,bench_sf10_512mb_file_size,q01,0,2026-06-18T10:18:00.843577+00:00,2026-06-18T10:18:04.913658+00:00,true,,4,,,,,
f95982243be14b8c88f656da49befaed,duckdb,1.5.4,tpch,10,c8gd.4xlarge,analytical,bench_sf10_512mb_file_size,q01,1,2026-06-18T10:18:04.914054+00:00,2026-06-18T10:18:09.072886+00:00,,,4,,,,,
f95982243be14b8c88f656da49befaed,duckdb,1.5.4,tpch,10,c8gd.4xlarge,analytical,bench_sf10_512mb_file_size,q01,2,2026-06-18T10:18:09.072965+00:00,2026-06-18T10:18:13.424511+00:00,,,4,,,,,
f95982243be14b8c88f656da49befaed,duckdb,1.5.4,tpch,10,c8gd.4xlarge,analytical,bench_sf10_512mb_file_size,q02,0,2026-06-18T10:18:16.580791+00:00,2026-06-18T10:18:19.076035+00:00,true,,100,,,,,
f95982243be14b8c88f656da49befaed,duckdb,1.5.4,tpch,10,c8gd.4xlarge,analytical,bench_sf10_512mb_file_size,q02,1,2026-06-18T10:18:19.077535+00:00,2026-06-18T10:18:21.640091+00:00,,,100,,,,,
f95982243be14b8c88f656da49befaed,duckdb,1.5.4,tpch,10,c8gd.4xlarge,analytical,bench_sf10_512mb_file_size,q02,2,2026-06-18T10:18:21.640189+00:00,2026-06-18T10:18:23.945884+00:00,,,100,,,,,
f95982243be14b8c88f656da49befaed,duckdb,1.5.4,tpch,10,c8gd.4xlarge,analytical,bench_sf10_512mb_file_size,q03,0,2026-06-18T10:18:30.329265+00:00,2026-06-18T10:18:36.053089+00:00,true,,10,,,,,
f95982243be14b8c88f656da49befaed,duckdb,1.5.4,tpch,10,c8gd.4xlarge,analytical,bench_sf10_512mb_file_size,q03,1,2026-06-18T10:18:36.053531+00:00,2026-06-18T10:18:41.803260+00:00,,,10,,,,,
f95982243be14b8c88f656da49befaed,duckdb,1.5.4,tpch,10,c8gd.4xlarge,analytical,bench_sf10_512mb_file_size,q03,2,2026-06-18T10:18:41.803341+00:00,2026-06-18T10:18:47.566426+00:00,,,10,,,,,
f95982243be14b8c88f656da49befaed,duckdb,1.5.4,tpch,10,c8gd.4xlarge,analytical,bench_sf10_512mb_file_size,q04,0,2026-06-18T10:18:51.861250+00:00,2026-06-18T10:18:56.108200+00:00,true,,5,,,,,
f95982243be14b8c88f656da49befaed,duckdb,1.5.4,tpch,10,c8gd.4xlarge,analytical,bench_sf10_512mb_file_size,q04,1,2026-06-18T10:18:56.108624+00:00,2026-06-18T10:19:00.442253+00:00,,,5,,,,,
f95982243be14b8c88f656da49befaed,duckdb,1.5.4,tpch,10,c8gd.4xlarge,analytical,bench_sf10_512mb_file_size,q04,2,2026-06-18T10:19:00.442336+00:00,2026-06-18T10:19:04.813236+00:00,,,5,,,,,
f95982243be14b8c88f656da49befaed,duckdb,1.5.4,tpch,10,c8gd.4xlarge,analytical,bench_sf10_512mb_file_size,q05,0,2026-06-18T10:19:11.128482+00:00,2026-06-18T10:19:17.423928+00:00,true,,5,,,,,
f95982243be14b8c88f656da49befaed,duckdb,1.5.4,tpch,10,c8gd.4xlarge,analytical,bench_sf10_512mb_file_size,q05,1,2026-06-18T10:19:17.424410+00:00,2026-06-18T10:19:23.649109+00:00,,,5,,,,,
f95982243be14b8c88f656da49befaed,duckdb,1.5.4,tpch,10,c8gd.4xlarge,analytical,bench_sf10_512mb_file_size,q05,2,2026-06-18T10:19:23.649189+00:00,2026-06-18T10:19:29.717561+00:00,,,5,,,,,
f95982243be14b8c88f656da49befaed,duckdb,1.5.4,tpch,10,c8gd.4xlarge,analytical,bench_sf10_512mb_file_size,q06,0,2026-06-18T10:19:34.338474+00:00,2026-06-18T10:19:39.087978+00:00,true,,1,,,,,
f95982243be14b8c88f656da49befaed,duckdb,1.5.4,tpch,10,c8gd.4xlarge,analytical,bench_sf10_512mb_file_size,q06,1,2026-06-18T10:19:39.088519+00:00,2026-06-18T10:19:43.795130+00:00,,,1,,,,,
f95982243be14b8c88f656da49befaed,duckdb,1.5.4,tpch,10,c8gd.4xlarge,analytical,bench_sf10_512mb_file_size,q06,2,2026-06-18T10:19:43.795207+00:00,2026-06-18T10:19:48.577928+00:00,,,1,,,,,
f95982243be14b8c88f656da49befaed,duckdb,1.5.4,tpch,10,c8gd.4xlarge,analytical,bench_sf10_512mb_file_size,q07,0,2026-06-18T10:19:54.788633+00:00,2026-06-18T10:20:01.161997+00:00,true,,4,,,,,
f95982243be14b8c88f656da49befaed,duckdb,1.5.4,tpch,10,c8gd.4xlarge,analytical,bench_sf10_512mb_file_size,q07,1,2026-06-18T10:20:01.162546+00:00,2026-06-18T10:20:07.666038+00:00,,,4,,,,,
f95982243be14b8c88f656da49befaed,duckdb,1.5.4,tpch,10,c8gd.4xlarge,analytical,bench_sf10_512mb_file_size,q07,2,2026-06-18T10:20:07.666119+00:00,2026-06-18T10:20:14.124031+00:00,,,4,,,,,
f95982243be14b8c88f656da49befaed,duckdb,1.5.4,tpch,10,c8gd.4xlarge,analytical,bench_sf10_512mb_file_size,q08,0,2026-06-18T10:20:21.342319+00:00,2026-06-18T10:20:28.606848+00:00,true,,2,,,,,
f95982243be14b8c88f656da49befaed,duckdb,1.5.4,tpch,10,c8gd.4xlarge,analytical,bench_sf10_512mb_file_size,q08,1,2026-06-18T10:20:28.607285+00:00,2026-06-18T10:20:35.858638+00:00,,,2,,,,,
f95982243be14b8c88f656da49befaed,duckdb,1.5.4,tpch,10,c8gd.4xlarge,analytical,bench_sf10_512mb_file_size,q08,2,2026-06-18T10:20:35.858711+00:00,2026-06-18T10:20:43.169063+00:00,,,2,,,,,
f95982243be14b8c88f656da49befaed,duckdb,1.5.4,tpch,10,c8gd.4xlarge,analytical,bench_sf10_512mb_file_size,q09,0,2026-06-18T10:20:50.698850+00:00,2026-06-18T10:20:58.043289+00:00,true,,175,,,,,
f95982243be14b8c88f656da49befaed,duckdb,1.5.4,tpch,10,c8gd.4xlarge,analytical,bench_sf10_512mb_file_size,q09,1,2026-06-18T10:20:58.044726+00:00,2026-06-18T10:21:05.566930+00:00,,,175,,,,,
f95982243be14b8c88f656da49befaed,duckdb,1.5.4,tpch,10,c8gd.4xlarge,analytical,bench_sf10_512mb_file_size,q09,2,2026-06-18T10:21:05.567028+00:00,2026-06-18T10:21:13.262402+00:00,,,175,,,,,
f95982243be14b8c88f656da49befaed,duckdb,1.5.4,tpch,10,c8gd.4xlarge,analytical,bench_sf10_512mb_file_size,q10,0,2026-06-18T10:21:25.803150+00:00,2026-06-18T10:21:32.113725+00:00,true,,20,,,,,
f95982243be14b8c88f656da49befaed,duckdb,1.5.4,tpch,10,c8gd.4xlarge,analytical,bench_sf10_512mb_file_size,q10,1,2026-06-18T10:21:32.114503+00:00,2026-06-18T10:21:40.335815+00:00,,,20,,,,,
f95982243be14b8c88f656da49befaed,duckdb,1.5.4,tpch,10,c8gd.4xlarge,analytical,bench_sf10_512mb_file_size,q10,2,2026-06-18T10:21:40.335925+00:00,2026-06-18T10:21:46.807283+00:00,,,20,,,,,
f95982243be14b8c88f656da49befaed,duckdb,1.5.4,tpch,10,c8gd.4xlarge,analytical,bench_sf10_512mb_file_size,q11,0,2026-06-18T10:21:48.556191+00:00,2026-06-18T10:21:50.238164+00:00,true,,0,,,,,
f95982243be14b8c88f656da49befaed,duckdb,1.5.4,tpch,10,c8gd.4xlarge,analytical,bench_sf10_512mb_file_size,q11,1,2026-06-18T10:21:50.238570+00:00,2026-06-18T10:21:52.013454+00:00,,,0,,,,,
f95982243be14b8c88f656da49befaed,duckdb,1.5.4,tpch,10,c8gd.4xlarge,analytical,bench_sf10_512mb_file_size,q11,2,2026-06-18T10:21:52.013533+00:00,2026-06-18T10:21:53.774052+00:00,,,0,,,,,
f95982243be14b8c88f656da49befaed,duckdb,1.5.4,tpch,10,c8gd.4xlarge,analytical,bench_sf10_512mb_file_size,q12,0,2026-06-18T10:21:59.352561+00:00,2026-06-18T10:22:05.053284+00:00,true,,2,,,,,
f95982243be14b8c88f656da49befaed,duckdb,1.5.4,tpch,10,c8gd.4xlarge,analytical,bench_sf10_512mb_file_size,q12,1,2026-06-18T10:22:05.053833+00:00,2026-06-18T10:22:10.624499+00:00,,,2,,,,,
f95982243be14b8c88f656da49befaed,duckdb,1.5.4,tpch,10,c8gd.4xlarge,analytical,bench_sf10_512mb_file_size,q12,2,2026-06-18T10:22:10.624580+00:00,2026-06-18T10:22:16.234411+00:00,,,2,,,,,
f95982243be14b8c88f656da49befaed,duckdb,1.5.4,tpch,10,c8gd.4xlarge,analytical,bench_sf10_512mb_file_size,q13,0,2026-06-18T10:22:18.027309+00:00,2026-06-18T10:22:19.805364+00:00,true,,46,,,,,
f95982243be14b8c88f656da49befaed,duckdb,1.5.4,tpch,10,c8gd.4xlarge,analytical,bench_sf10_512mb_file_size,q13,1,2026-06-18T10:22:19.805813+00:00,2026-06-18T10:22:21.608102+00:00,,,46,,,,,
f95982243be14b8c88f656da49befaed,duckdb,1.5.4,tpch,10,c8gd.4xlarge,analytical,bench_sf10_512mb_file_size,q13,2,2026-06-18T10:22:21.608185+00:00,2026-06-18T10:22:23.417722+00:00,,,46,,,,,
f95982243be14b8c88f656da49befaed,duckdb,1.5.4,tpch,10,c8gd.4xlarge,analytical,bench_sf10_512mb_file_size,q14,0,2026-06-18T10:22:27.772989+00:00,2026-06-18T10:22:32.164089+00:00,true,,1,,,,,
f95982243be14b8c88f656da49befaed,duckdb,1.5.4,tpch,10,c8gd.4xlarge,analytical,bench_sf10_512mb_file_size,q14,1,2026-06-18T10:22:32.164944+00:00,2026-06-18T10:22:36.656919+00:00,,,1,,,,,
f95982243be14b8c88f656da49befaed,duckdb,1.5.4,tpch,10,c8gd.4xlarge,analytical,bench_sf10_512mb_file_size,q14,2,2026-06-18T10:22:36.656992+00:00,2026-06-18T10:22:41.144005+00:00,,,1,,,,,
f95982243be14b8c88f656da49befaed,duckdb,1.5.4,tpch,10,c8gd.4xlarge,analytical,bench_sf10_512mb_file_size,q15,0,2026-06-18T10:22:45.359313+00:00,2026-06-18T10:22:49.676210+00:00,true,,1,,,,,
f95982243be14b8c88f656da49befaed,duckdb,1.5.4,tpch,10,c8gd.4xlarge,analytical,bench_sf10_512mb_file_size,q15,1,2026-06-18T10:22:49.676768+00:00,2026-06-18T10:22:53.857879+00:00,,,1,,,,,
f95982243be14b8c88f656da49befaed,duckdb,1.5.4,tpch,10,c8gd.4xlarge,analytical,bench_sf10_512mb_file_size,q15,2,2026-06-18T10:22:53.857959+00:00,2026-06-18T10:22:57.966522+00:00,,,1,,,,,
f95982243be14b8c88f656da49befaed,duckdb,1.5.4,tpch,10,c8gd.4xlarge,analytical,bench_sf10_512mb_file_size,q16,0,2026-06-18T10:22:59.188842+00:00,2026-06-18T10:23:00.507677+00:00,true,,27840,,,,,
f95982243be14b8c88f656da49befaed,duckdb,1.5.4,tpch,10,c8gd.4xlarge,analytical,bench_sf10_512mb_file_size,q16,1,2026-06-18T10:23:00.660598+00:00,2026-06-18T10:23:01.854156+00:00,,,27840,,,,,
f95982243be14b8c88f656da49befaed,duckdb,1.5.4,tpch,10,c8gd.4xlarge,analytical,bench_sf10_512mb_file_size,q16,2,2026-06-18T10:23:01.855673+00:00,2026-06-18T10:23:03.307731+00:00,,,27840,,,,,
f95982243be14b8c88f656da49befaed,duckdb,1.5.4,tpch,10,c8gd.4xlarge,analytical,bench_sf10_512mb_file_size,q17,0,2026-06-18T10:23:10.033195+00:00,2026-06-18T10:23:16.964383+00:00,true,,1,,,,,
f95982243be14b8c88f656da49befaed,duckdb,1.5.4,tpch,10,c8gd.4xlarge,analytical,bench_sf10_512mb_file_size,q17,1,2026-06-18T10:23:16.965159+00:00,2026-06-18T10:23:23.891399+00:00,,,1,,,,,
f95982243be14b8c88f656da49befaed,duckdb,1.5.4,tpch,10,c8gd.4xlarge,analytical,bench_sf10_512mb_file_size,q17,2,2026-06-18T10:23:23.891478+00:00,2026-06-18T10:23:30.636795+00:00,,,1,,,,,
f95982243be14b8c88f656da49befaed,duckdb,1.5.4,tpch,10,c8gd.4xlarge,analytical,bench_sf10_512mb_file_size,q18,0,2026-06-18T10:23:38.370067+00:00,2026-06-18T10:23:50.051224+00:00,true,,100,,,,,
f95982243be14b8c88f656da49befaed,duckdb,1.5.4,tpch,10,c8gd.4xlarge,analytical,bench_sf10_512mb_file_size,q18,1,2026-06-18T10:23:50.053067+00:00,2026-06-18T10:23:57.662608+00:00,,,100,,,,,
f95982243be14b8c88f656da49befaed,duckdb,1.5.4,tpch,10,c8gd.4xlarge,analytical,bench_sf10_512mb_file_size,q18,2,2026-06-18T10:23:57.662698+00:00,2026-06-18T10:24:05.181271+00:00,,,100,,,,,
f95982243be14b8c88f656da49befaed,duckdb,1.5.4,tpch,10,c8gd.4xlarge,analytical,bench_sf10_512mb_file_size,q19,0,2026-06-18T10:24:11.263528+00:00,2026-06-18T10:24:17.274299+00:00,true,,1,,,,,
f95982243be14b8c88f656da49befaed,duckdb,1.5.4,tpch,10,c8gd.4xlarge,analytical,bench_sf10_512mb_file_size,q19,1,2026-06-18T10:24:17.275280+00:00,2026-06-18T10:24:23.369789+00:00,,,1,,,,,
f95982243be14b8c88f656da49befaed,duckdb,1.5.4,tpch,10,c8gd.4xlarge,analytical,bench_sf10_512mb_file_size,q19,2,2026-06-18T10:24:23.369885+00:00,2026-06-18T10:24:29.302770+00:00,,,1,,,,,
f95982243be14b8c88f656da49befaed,duckdb,1.5.4,tpch,10,c8gd.4xlarge,analytical,bench_sf10_512mb_file_size,q20,0,2026-06-18T10:24:35.298068+00:00,2026-06-18T10:24:41.577241+00:00,true,,1804,,,,,
f95982243be14b8c88f656da49befaed,duckdb,1.5.4,tpch,10,c8gd.4xlarge,analytical,bench_sf10_512mb_file_size,q20,1,2026-06-18T10:24:41.583915+00:00,2026-06-18T10:24:47.758144+00:00,,,1804,,,,,
f95982243be14b8c88f656da49befaed,duckdb,1.5.4,tpch,10,c8gd.4xlarge,analytical,bench_sf10_512mb_file_size,q20,2,2026-06-18T10:24:47.758302+00:00,2026-06-18T10:24:53.888484+00:00,,,1804,,,,,
f95982243be14b8c88f656da49befaed,duckdb,1.5.4,tpch,10,c8gd.4xlarge,analytical,bench_sf10_512mb_file_size,q21,0,2026-06-18T10:25:06.576205+00:00,2026-06-18T10:25:19.551006+00:00,true,,100,,,,,
f95982243be14b8c88f656da49befaed,duckdb,1.5.4,tpch,10,c8gd.4xlarge,analytical,bench_sf10_512mb_file_size,q21,1,2026-06-18T10:25:19.552294+00:00,2026-06-18T10:25:32.214012+00:00,,,100,,,,,
f95982243be14b8c88f656da49befaed,duckdb,1.5.4,tpch,10,c8gd.4xlarge,analytical,bench_sf10_512mb_file_size,q21,2,2026-06-18T10:25:32.214096+00:00,2026-06-18T10:25:45.013523+00:00,,,100,,,,,
f95982243be14b8c88f656da49befaed,duckdb,1.5.4,tpch,10,c8gd.4xlarge,analytical,bench_sf10_512mb_file_size,q22,0,2026-06-18T10:25:46.450223+00:00,2026-06-18T10:25:47.832257+00:00,true,,7,,,,,
f95982243be14b8c88f656da49befaed,duckdb,1.5.4,tpch,10,c8gd.4xlarge,analytical,bench_sf10_512mb_file_size,q22,1,2026-06-18T10:25:47.832743+00:00,2026-06-18T10:25:49.209142+00:00,,,7,,,,,
f95982243be14b8c88f656da49befaed,duckdb,1.5.4,tpch,10,c8gd.4xlarge,analytical,bench_sf10_512mb_file_size,q22,2,2026-06-18T10:25:49.209226+00:00,2026-06-18T10:25:50.581470+00:00,,,7,,,,,
764a5c75600246beab1976f7b4959f5b,duckdb,1.5.4,tpch,10,c8gd.4xlarge,analytical,bench_sf10_512mb_file_size_try2,q01,0,2026-06-18T11:26:21.835003+00:00,2026-06-18T11:26:24.770621+00:00,true,,4,,,,,
764a5c75600246beab1976f7b4959f5b,duckdb,1.5.4,tpch,10,c8gd.4xlarge,analytical,bench_sf10_512mb_file_size_try2,q01,1,2026-06-18T11:26:24.770967+00:00,2026-06-18T11:26:27.628780+00:00,,,4,,,,,
764a5c75600246beab1976f7b4959f5b,duckdb,1.5.4,tpch,10,c8gd.4xlarge,analytical,bench_sf10_512mb_file_size_try2,q01,2,2026-06-18T11:26:27.628876+00:00,2026-06-18T11:26:30.435519+00:00,,,4,,,,,
764a5c75600246beab1976f7b4959f5b,duckdb,1.5.4,tpch,10,c8gd.4xlarge,analytical,bench_sf10_512mb_file_size_try2,q02,0,2026-06-18T11:26:33.433943+00:00,2026-06-18T11:26:35.646815+00:00,true,,100,,,,,
764a5c75600246beab1976f7b4959f5b,duckdb,1.5.4,tpch,10,c8gd.4xlarge,analytical,bench_sf10_512mb_file_size_try2,q02,1,2026-06-18T11:26:35.648231+00:00,2026-06-18T11:26:37.751161+00:00,,,100,,,,,
764a5c75600246beab1976f7b4959f5b,duckdb,1.5.4,tpch,10,c8gd.4xlarge,analytical,bench_sf10_512mb_file_size_try2,q02,2,2026-06-18T11:26:37.751250+00:00,2026-06-18T11:26:40.103960+00:00,,,100,,,,,
764a5c75600246beab1976f7b4959f5b,duckdb,1.5.4,tpch,10,c8gd.4xlarge,analytical,bench_sf10_512mb_file_size_try2,q03,0,2026-06-18T11:26:45.098887+00:00,2026-06-18T11:26:49.250837+00:00,true,,10,,,,,
764a5c75600246beab1976f7b4959f5b,duckdb,1.5.4,tpch,10,c8gd.4xlarge,analytical,bench_sf10_512mb_file_size_try2,q03,1,2026-06-18T11:26:49.251178+00:00,2026-06-18T11:26:53.425783+00:00,,,10,,,,,
764a5c75600246beab1976f7b4959f5b,duckdb,1.5.4,tpch,10,c8gd.4xlarge,analytical,bench_sf10_512mb_file_size_try2,q03,2,2026-06-18T11:26:53.425874+00:00,2026-06-18T11:26:57.645085+00:00,,,10,,,,,
764a5c75600246beab1976f7b4959f5b,duckdb,1.5.4,tpch,10,c8gd.4xlarge,analytical,bench_sf10_512mb_file_size_try2,q04,0,2026-06-18T11:27:00.420143+00:00,2026-06-18T11:27:03.230338+00:00,true,,5,,,,,
764a5c75600246beab1976f7b4959f5b,duckdb,1.5.4,tpch,10,c8gd.4xlarge,analytical,bench_sf10_512mb_file_size_try2,q04,1,2026-06-18T11:27:03.230614+00:00,2026-06-18T11:27:06.024436+00:00,,,5,,,,,
764a5c75600246beab1976f7b4959f5b,duckdb,1.5.4,tpch,10,c8gd.4xlarge,analytical,bench_sf10_512mb_file_size_try2,q04,2,2026-06-18T11:27:06.024518+00:00,2026-06-18T11:27:08.839496+00:00,,,5,,,,,
764a5c75600246beab1976f7b4959f5b,duckdb,1.5.4,tpch,10,c8gd.4xlarge,analytical,bench_sf10_512mb_file_size_try2,q05,0,2026-06-18T11:27:13.460613+00:00,2026-06-18T11:27:18.198038+00:00,true,,5,,,,,
764a5c75600246beab1976f7b4959f5b,duckdb,1.5.4,tpch,10,c8gd.4xlarge,analytical,bench_sf10_512mb_file_size_try2,q05,1,2026-06-18T11:27:18.198385+00:00,2026-06-18T11:27:22.808746+00:00,,,5,,,,,
764a5c75600246beab1976f7b4959f5b,duckdb,1.5.4,tpch,10,c8gd.4xlarge,analytical,bench_sf10_512mb_file_size_try2,q05,2,2026-06-18T11:27:22.808818+00:00,2026-06-18T11:27:27.336776+00:00,,,5,,,,,
764a5c75600246beab1976f7b4959f5b,duckdb,1.5.4,tpch,10,c8gd.4xlarge,analytical,bench_sf10_512mb_file_size_try2,q06,0,2026-06-18T11:27:30.780699+00:00,2026-06-18T11:27:34.216156+00:00,true,,1,,,,,
764a5c75600246beab1976f7b4959f5b,duckdb,1.5.4,tpch,10,c8gd.4xlarge,analytical,bench_sf10_512mb_file_size_try2,q06,1,2026-06-18T11:27:34.216786+00:00,2026-06-18T11:27:37.672801+00:00,,,1,,,,,
764a5c75600246beab1976f7b4959f5b,duckdb,1.5.4,tpch,10,c8gd.4xlarge,analytical,bench_sf10_512mb_file_size_try2,q06,2,2026-06-18T11:27:37.672884+00:00,2026-06-18T11:27:41.132602+00:00,,,1,,,,,
764a5c75600246beab1976f7b4959f5b,duckdb,1.5.4,tpch,10,c8gd.4xlarge,analytical,bench_sf10_512mb_file_size_try2,q07,0,2026-06-18T11:27:46.122467+00:00,2026-06-18T11:27:50.931663+00:00,true,,4,,,,,
764a5c75600246beab1976f7b4959f5b,duckdb,1.5.4,tpch,10,c8gd.4xlarge,analytical,bench_sf10_512mb_file_size_try2,q07,1,2026-06-18T11:27:50.932042+00:00,2026-06-18T11:27:55.722396+00:00,,,4,,,,,
764a5c75600246beab1976f7b4959f5b,duckdb,1.5.4,tpch,10,c8gd.4xlarge,analytical,bench_sf10_512mb_file_size_try2,q07,2,2026-06-18T11:27:55.722472+00:00,2026-06-18T11:28:00.425228+00:00,,,4,,,,,
764a5c75600246beab1976f7b4959f5b,duckdb,1.5.4,tpch,10,c8gd.4xlarge,analytical,bench_sf10_512mb_file_size_try2,q08,0,2026-06-18T11:28:06.096118+00:00,2026-06-18T11:28:11.762579+00:00,true,,2,,,,,
764a5c75600246beab1976f7b4959f5b,duckdb,1.5.4,tpch,10,c8gd.4xlarge,analytical,bench_sf10_512mb_file_size_try2,q08,1,2026-06-18T11:28:11.762961+00:00,2026-06-18T11:28:17.435096+00:00,,,2,,,,,
764a5c75600246beab1976f7b4959f5b,duckdb,1.5.4,tpch,10,c8gd.4xlarge,analytical,bench_sf10_512mb_file_size_try2,q08,2,2026-06-18T11:28:17.435171+00:00,2026-06-18T11:28:23.142650+00:00,,,2,,,,,
764a5c75600246beab1976f7b4959f5b,duckdb,1.5.4,tpch,10,c8gd.4xlarge,analytical,bench_sf10_512mb_file_size_try2,q09,0,2026-06-18T11:28:28.750712+00:00,2026-06-18T11:28:34.382657+00:00,true,,175,,,,,
764a5c75600246beab1976f7b4959f5b,duckdb,1.5.4,tpch,10,c8gd.4xlarge,analytical,bench_sf10_512mb_file_size_try2,q09,1,2026-06-18T11:28:34.383624+00:00,2026-06-18T11:28:40.094951+00:00,,,175,,,,,
764a5c75600246beab1976f7b4959f5b,duckdb,1.5.4,tpch,10,c8gd.4xlarge,analytical,bench_sf10_512mb_file_size_try2,q09,2,2026-06-18T11:28:40.095041+00:00,2026-06-18T11:28:45.838446+00:00,,,175,,,,,
764a5c75600246beab1976f7b4959f5b,duckdb,1.5.4,tpch,10,c8gd.4xlarge,analytical,bench_sf10_512mb_file_size_try2,q10,0,2026-06-18T11:28:50.589116+00:00,2026-06-18T11:28:55.436161+00:00,true,,20,,,,,
764a5c75600246beab1976f7b4959f5b,duckdb,1.5.4,tpch,10,c8gd.4xlarge,analytical,bench_sf10_512mb_file_size_try2,q10,1,2026-06-18T11:28:55.436728+00:00,2026-06-18T11:29:00.133399+00:00,,,20,,,,,
764a5c75600246beab1976f7b4959f5b,duckdb,1.5.4,tpch,10,c8gd.4xlarge,analytical,bench_sf10_512mb_file_size_try2,q10,2,2026-06-18T11:29:00.133480+00:00,2026-06-18T11:29:04.879117+00:00,,,20,,,,,
764a5c75600246beab1976f7b4959f5b,duckdb,1.5.4,tpch,10,c8gd.4xlarge,analytical,bench_sf10_512mb_file_size_try2,q11,0,2026-06-18T11:29:06.352552+00:00,2026-06-18T11:29:07.877673+00:00,true,,0,,,,,
764a5c75600246beab1976f7b4959f5b,duckdb,1.5.4,tpch,10,c8gd.4xlarge,analytical,bench_sf10_512mb_file_size_try2,q11,1,2026-06-18T11:29:07.877970+00:00,2026-06-18T11:29:09.235481+00:00,,,0,,,,,
764a5c75600246beab1976f7b4959f5b,duckdb,1.5.4,tpch,10,c8gd.4xlarge,analytical,bench_sf10_512mb_file_size_try2,q11,2,2026-06-18T11:29:09.235561+00:00,2026-06-18T11:29:10.656611+00:00,,,0,,,,,
764a5c75600246beab1976f7b4959f5b,duckdb,1.5.4,tpch,10,c8gd.4xlarge,analytical,bench_sf10_512mb_file_size_try2,q12,0,2026-06-18T11:29:14.751577+00:00,2026-06-18T11:29:18.896541+00:00,true,,2,,,,,
764a5c75600246beab1976f7b4959f5b,duckdb,1.5.4,tpch,10,c8gd.4xlarge,analytical,bench_sf10_512mb_file_size_try2,q12,1,2026-06-18T11:29:18.896982+00:00,2026-06-18T11:29:22.917933+00:00,,,2,,,,,
764a5c75600246beab1976f7b4959f5b,duckdb,1.5.4,tpch,10,c8gd.4xlarge,analytical,bench_sf10_512mb_file_size_try2,q12,2,2026-06-18T11:29:22.918008+00:00,2026-06-18T11:29:26.935180+00:00,,,2,,,,,
764a5c75600246beab1976f7b4959f5b,duckdb,1.5.4,tpch,10,c8gd.4xlarge,analytical,bench_sf10_512mb_file_size_try2,q13,0,2026-06-18T11:29:28.373501+00:00,2026-06-18T11:29:29.801996+00:00,true,,46,,,,,
764a5c75600246beab1976f7b4959f5b,duckdb,1.5.4,tpch,10,c8gd.4xlarge,analytical,bench_sf10_512mb_file_size_try2,q13,1,2026-06-18T11:29:29.802391+00:00,2026-06-18T11:29:31.258288+00:00,,,46,,,,,
764a5c75600246beab1976f7b4959f5b,duckdb,1.5.4,tpch,10,c8gd.4xlarge,analytical,bench_sf10_512mb_file_size_try2,q13,2,2026-06-18T11:29:31.258368+00:00,2026-06-18T11:29:32.640884+00:00,,,46,,,,,
764a5c75600246beab1976f7b4959f5b,duckdb,1.5.4,tpch,10,c8gd.4xlarge,analytical,bench_sf10_512mb_file_size_try2,q14,0,2026-06-18T11:29:35.670471+00:00,2026-06-18T11:29:38.749896+00:00,true,,1,,,,,
764a5c75600246beab1976f7b4959f5b,duckdb,1.5.4,tpch,10,c8gd.4xlarge,analytical,bench_sf10_512mb_file_size_try2,q14,1,2026-06-18T11:29:38.750779+00:00,2026-06-18T11:29:41.796888+00:00,,,1,,,,,
764a5c75600246beab1976f7b4959f5b,duckdb,1.5.4,tpch,10,c8gd.4xlarge,analytical,bench_sf10_512mb_file_size_try2,q14,2,2026-06-18T11:29:41.796959+00:00,2026-06-18T11:29:44.885710+00:00,,,1,,,,,
764a5c75600246beab1976f7b4959f5b,duckdb,1.5.4,tpch,10,c8gd.4xlarge,analytical,bench_sf10_512mb_file_size_try2,q15,0,2026-06-18T11:29:47.800930+00:00,2026-06-18T11:29:50.757554+00:00,true,,1,,,,,
764a5c75600246beab1976f7b4959f5b,duckdb,1.5.4,tpch,10,c8gd.4xlarge,analytical,bench_sf10_512mb_file_size_try2,q15,1,2026-06-18T11:29:50.757843+00:00,2026-06-18T11:29:53.642918+00:00,,,1,,,,,
764a5c75600246beab1976f7b4959f5b,duckdb,1.5.4,tpch,10,c8gd.4xlarge,analytical,bench_sf10_512mb_file_size_try2,q15,2,2026-06-18T11:29:53.642991+00:00,2026-06-18T11:29:56.611040+00:00,,,1,,,,,
764a5c75600246beab1976f7b4959f5b,duckdb,1.5.4,tpch,10,c8gd.4xlarge,analytical,bench_sf10_512mb_file_size_try2,q16,0,2026-06-18T11:29:57.692921+00:00,2026-06-18T11:29:58.743792+00:00,true,,27840,,,,,
764a5c75600246beab1976f7b4959f5b,duckdb,1.5.4,tpch,10,c8gd.4xlarge,analytical,bench_sf10_512mb_file_size_try2,q16,1,2026-06-18T11:29:58.894699+00:00,2026-06-18T11:30:00.192217+00:00,,,27840,,,,,
764a5c75600246beab1976f7b4959f5b,duckdb,1.5.4,tpch,10,c8gd.4xlarge,analytical,bench_sf10_512mb_file_size_try2,q16,2,2026-06-18T11:30:00.193580+00:00,2026-06-18T11:30:01.292154+00:00,,,27840,,,,,
764a5c75600246beab1976f7b4959f5b,duckdb,1.5.4,tpch,10,c8gd.4xlarge,analytical,bench_sf10_512mb_file_size_try2,q17,0,2026-06-18T11:30:05.632461+00:00,2026-06-18T11:30:09.824148+00:00,true,,1,,,,,
764a5c75600246beab1976f7b4959f5b,duckdb,1.5.4,tpch,10,c8gd.4xlarge,analytical,bench_sf10_512mb_file_size_try2,q17,1,2026-06-18T11:30:09.824459+00:00,2026-06-18T11:30:14.098927+00:00,,,1,,,,,
764a5c75600246beab1976f7b4959f5b,duckdb,1.5.4,tpch,10,c8gd.4xlarge,analytical,bench_sf10_512mb_file_size_try2,q17,2,2026-06-18T11:30:14.099001+00:00,2026-06-18T11:30:18.365349+00:00,,,1,,,,,
764a5c75600246beab1976f7b4959f5b,duckdb,1.5.4,tpch,10,c8gd.4xlarge,analytical,bench_sf10_512mb_file_size_try2,q18,0,2026-06-18T11:30:23.056291+00:00,2026-06-18T11:30:27.809232+00:00,true,,100,,,,,
764a5c75600246beab1976f7b4959f5b,duckdb,1.5.4,tpch,10,c8gd.4xlarge,analytical,bench_sf10_512mb_file_size_try2,q18,1,2026-06-18T11:30:27.810798+00:00,2026-06-18T11:30:32.602436+00:00,,,100,,,,,
764a5c75600246beab1976f7b4959f5b,duckdb,1.5.4,tpch,10,c8gd.4xlarge,analytical,bench_sf10_512mb_file_size_try2,q18,2,2026-06-18T11:30:32.602521+00:00,2026-06-18T11:30:37.556477+00:00,,,100,,,,,
764a5c75600246beab1976f7b4959f5b,duckdb,1.5.4,tpch,10,c8gd.4xlarge,analytical,bench_sf10_512mb_file_size_try2,q19,0,2026-06-18T11:30:42.208936+00:00,2026-06-18T11:30:46.876030+00:00,true,,1,,,,,
764a5c75600246beab1976f7b4959f5b,duckdb,1.5.4,tpch,10,c8gd.4xlarge,analytical,bench_sf10_512mb_file_size_try2,q19,1,2026-06-18T11:30:46.876965+00:00,2026-06-18T11:30:51.622813+00:00,,,1,,,,,
764a5c75600246beab1976f7b4959f5b,duckdb,1.5.4,tpch,10,c8gd.4xlarge,analytical,bench_sf10_512mb_file_size_try2,q19,2,2026-06-18T11:30:51.622902+00:00,2026-06-18T11:30:56.360223+00:00,,,1,,,,,
764a5c75600246beab1976f7b4959f5b,duckdb,1.5.4,tpch,10,c8gd.4xlarge,analytical,bench_sf10_512mb_file_size_try2,q20,0,2026-06-18T11:31:01.071850+00:00,2026-06-18T11:31:05.866923+00:00,true,,1804,,,,,
764a5c75600246beab1976f7b4959f5b,duckdb,1.5.4,tpch,10,c8gd.4xlarge,analytical,bench_sf10_512mb_file_size_try2,q20,1,2026-06-18T11:31:05.872796+00:00,2026-06-18T11:31:10.567978+00:00,,,1804,,,,,
764a5c75600246beab1976f7b4959f5b,duckdb,1.5.4,tpch,10,c8gd.4xlarge,analytical,bench_sf10_512mb_file_size_try2,q20,2,2026-06-18T11:31:10.568132+00:00,2026-06-18T11:31:15.179185+00:00,,,1804,,,,,
764a5c75600246beab1976f7b4959f5b,duckdb,1.5.4,tpch,10,c8gd.4xlarge,analytical,bench_sf10_512mb_file_size_try2,q21,0,2026-06-18T11:31:23.702782+00:00,2026-06-18T11:31:32.345424+00:00,true,,100,,,,,
764a5c75600246beab1976f7b4959f5b,duckdb,1.5.4,tpch,10,c8gd.4xlarge,analytical,bench_sf10_512mb_file_size_try2,q21,1,2026-06-18T11:31:32.346157+00:00,2026-06-18T11:31:40.974401+00:00,,,100,,,,,
764a5c75600246beab1976f7b4959f5b,duckdb,1.5.4,tpch,10,c8gd.4xlarge,analytical,bench_sf10_512mb_file_size_try2,q21,2,2026-06-18T11:31:40.974488+00:00,2026-06-18T11:31:49.582159+00:00,,,100,,,,,
764a5c75600246beab1976f7b4959f5b,duckdb,1.5.4,tpch,10,c8gd.4xlarge,analytical,bench_sf10_512mb_file_size_try2,q22,0,2026-06-18T11:31:50.667005+00:00,2026-06-18T11:31:51.718602+00:00,true,,7,,,,,
764a5c75600246beab1976f7b4959f5b,duckdb,1.5.4,tpch,10,c8gd.4xlarge,analytical,bench_sf10_512mb_file_size_try2,q22,1,2026-06-18T11:31:51.719041+00:00,2026-06-18T11:31:52.724904+00:00,,,7,,,,,
764a5c75600246beab1976f7b4959f5b,duckdb,1.5.4,tpch,10,c8gd.4xlarge,analytical,bench_sf10_512mb_file_size_try2,q22,2,2026-06-18T11:31:52.724980+00:00,2026-06-18T11:31:53.753390+00:00,,,7,,,,,
a0fd4be11e014c84a865cef20634b8dc,duckdb,1.5.4,tpch,10,c8gd.4xlarge,analytical,bench_iceberg_sf10,q01,0,2026-06-18T11:58:35.495687+00:00,2026-06-18T11:58:36.430368+00:00,true,,4,,,,,
a0fd4be11e014c84a865cef20634b8dc,duckdb,1.5.4,tpch,10,c8gd.4xlarge,analytical,bench_iceberg_sf10,q01,1,2026-06-18T11:58:36.430695+00:00,2026-06-18T11:58:37.326873+00:00,,,4,,,,,
a0fd4be11e014c84a865cef20634b8dc,duckdb,1.5.4,tpch,10,c8gd.4xlarge,analytical,bench_iceberg_sf10,q01,2,2026-06-18T11:58:37.326957+00:00,2026-06-18T11:58:38.234665+00:00,,,4,,,,,
a0fd4be11e014c84a865cef20634b8dc,duckdb,1.5.4,tpch,10,c8gd.4xlarge,analytical,bench_iceberg_sf10,q02,0,2026-06-18T11:58:40.806358+00:00,2026-06-18T11:58:42.559140+00:00,true,,100,,,,,
a0fd4be11e014c84a865cef20634b8dc,duckdb,1.5.4,tpch,10,c8gd.4xlarge,analytical,bench_iceberg_sf10,q02,1,2026-06-18T11:58:42.560569+00:00,2026-06-18T11:58:44.329678+00:00,,,100,,,,,
a0fd4be11e014c84a865cef20634b8dc,duckdb,1.5.4,tpch,10,c8gd.4xlarge,analytical,bench_iceberg_sf10,q02,2,2026-06-18T11:58:44.329775+00:00,2026-06-18T11:58:46.059431+00:00,,,100,,,,,
a0fd4be11e014c84a865cef20634b8dc,duckdb,1.5.4,tpch,10,c8gd.4xlarge,analytical,bench_iceberg_sf10,q03,0,2026-06-18T11:58:48.300079+00:00,2026-06-18T11:58:50.056648+00:00,true,,10,,,,,
a0fd4be11e014c84a865cef20634b8dc,duckdb,1.5.4,tpch,10,c8gd.4xlarge,analytical,bench_iceberg_sf10,q03,1,2026-06-18T11:58:50.056982+00:00,2026-06-18T11:58:51.735639+00:00,,,10,,,,,
a0fd4be11e014c84a865cef20634b8dc,duckdb,1.5.4,tpch,10,c8gd.4xlarge,analytical,bench_iceberg_sf10,q03,2,2026-06-18T11:58:51.735721+00:00,2026-06-18T11:58:53.412071+00:00,,,10,,,,,
a0fd4be11e014c84a865cef20634b8dc,duckdb,1.5.4,tpch,10,c8gd.4xlarge,analytical,bench_iceberg_sf10,q04,0,2026-06-18T11:58:54.317411+00:00,2026-06-18T11:58:55.246738+00:00,true,,5,,,,,
a0fd4be11e014c84a865cef20634b8dc,duckdb,1.5.4,tpch,10,c8gd.4xlarge,analytical,bench_iceberg_sf10,q04,1,2026-06-18T11:58:55.247048+00:00,2026-06-18T11:58:56.221571+00:00,,,5,,,,,
a0fd4be11e014c84a865cef20634b8dc,duckdb,1.5.4,tpch,10,c8gd.4xlarge,analytical,bench_iceberg_sf10,q04,2,2026-06-18T11:58:56.221658+00:00,2026-06-18T11:58:57.128224+00:00,,,5,,,,,
a0fd4be11e014c84a865cef20634b8dc,duckdb,1.5.4,tpch,10,c8gd.4xlarge,analytical,bench_iceberg_sf10,q05,0,2026-06-18T11:58:59.438416+00:00,2026-06-18T11:59:01.597263+00:00,true,,5,,,,,
a0fd4be11e014c84a865cef20634b8dc,duckdb,1.5.4,tpch,10,c8gd.4xlarge,analytical,bench_iceberg_sf10,q05,1,2026-06-18T11:59:01.597552+00:00,2026-06-18T11:59:03.750324+00:00,,,5,,,,,
a0fd4be11e014c84a865cef20634b8dc,duckdb,1.5.4,tpch,10,c8gd.4xlarge,analytical,bench_iceberg_sf10,q05,2,2026-06-18T11:59:03.750403+00:00,2026-06-18T11:59:05.855517+00:00,,,5,,,,,
a0fd4be11e014c84a865cef20634b8dc,duckdb,1.5.4,tpch,10,c8gd.4xlarge,analytical,bench_iceberg_sf10,q06,0,2026-06-18T11:59:06.499954+00:00,2026-06-18T11:59:07.160430+00:00,true,,1,,,,,
a0fd4be11e014c84a865cef20634b8dc,duckdb,1.5.4,tpch,10,c8gd.4xlarge,analytical,bench_iceberg_sf10,q06,1,2026-06-18T11:59:07.160692+00:00,2026-06-18T11:59:07.797105+00:00,,,1,,,,,
a0fd4be11e014c84a865cef20634b8dc,duckdb,1.5.4,tpch,10,c8gd.4xlarge,analytical,bench_iceberg_sf10,q06,2,2026-06-18T11:59:07.797182+00:00,2026-06-18T11:59:08.468146+00:00,,,1,,,,,
a0fd4be11e014c84a865cef20634b8dc,duckdb,1.5.4,tpch,10,c8gd.4xlarge,analytical,bench_iceberg_sf10,q07,0,2026-06-18T11:59:10.341445+00:00,2026-06-18T11:59:12.225701+00:00,true,,4,,,,,
a0fd4be11e014c84a865cef20634b8dc,duckdb,1.5.4,tpch,10,c8gd.4xlarge,analytical,bench_iceberg_sf10,q07,1,2026-06-18T11:59:12.226047+00:00,2026-06-18T11:59:14.135575+00:00,,,4,,,,,
a0fd4be11e014c84a865cef20634b8dc,duckdb,1.5.4,tpch,10,c8gd.4xlarge,analytical,bench_iceberg_sf10,q07,2,2026-06-18T11:59:14.135659+00:00,2026-06-18T11:59:16.030102+00:00,,,4,,,,,
a0fd4be11e014c84a865cef20634b8dc,duckdb,1.5.4,tpch,10,c8gd.4xlarge,analytical,bench_iceberg_sf10,q08,0,2026-06-18T11:59:18.785690+00:00,2026-06-18T11:59:21.616241+00:00,true,,2,,,,,
a0fd4be11e014c84a865cef20634b8dc,duckdb,1.5.4,tpch,10,c8gd.4xlarge,analytical,bench_iceberg_sf10,q08,1,2026-06-18T11:59:21.616578+00:00,2026-06-18T11:59:24.187105+00:00,,,2,,,,,
a0fd4be11e014c84a865cef20634b8dc,duckdb,1.5.4,tpch,10,c8gd.4xlarge,analytical,bench_iceberg_sf10,q08,2,2026-06-18T11:59:24.187175+00:00,2026-06-18T11:59:26.728156+00:00,,,2,,,,,
a0fd4be11e014c84a865cef20634b8dc,duckdb,1.5.4,tpch,10,c8gd.4xlarge,analytical,bench_iceberg_sf10,q09,0,2026-06-18T11:59:29.706958+00:00,2026-06-18T11:59:32.525477+00:00,true,,175,,,,,
a0fd4be11e014c84a865cef20634b8dc,duckdb,1.5.4,tpch,10,c8gd.4xlarge,analytical,bench_iceberg_sf10,q09,1,2026-06-18T11:59:32.526497+00:00,2026-06-18T11:59:35.369236+00:00,,,175,,,,,
a0fd4be11e014c84a865cef20634b8dc,duckdb,1.5.4,tpch,10,c8gd.4xlarge,analytical,bench_iceberg_sf10,q09,2,2026-06-18T11:59:35.369328+00:00,2026-06-18T11:59:38.319701+00:00,,,175,,,,,
a0fd4be11e014c84a865cef20634b8dc,duckdb,1.5.4,tpch,10,c8gd.4xlarge,analytical,bench_iceberg_sf10,q10,0,2026-06-18T11:59:40.180226+00:00,2026-06-18T11:59:42.013571+00:00,true,,20,,,,,
a0fd4be11e014c84a865cef20634b8dc,duckdb,1.5.4,tpch,10,c8gd.4xlarge,analytical,bench_iceberg_sf10,q10,1,2026-06-18T11:59:42.014115+00:00,2026-06-18T11:59:43.847435+00:00,,,20,,,,,
a0fd4be11e014c84a865cef20634b8dc,duckdb,1.5.4,tpch,10,c8gd.4xlarge,analytical,bench_iceberg_sf10,q10,2,2026-06-18T11:59:43.847526+00:00,2026-06-18T11:59:45.689758+00:00,,,20,,,,,
a0fd4be11e014c84a865cef20634b8dc,duckdb,1.5.4,tpch,10,c8gd.4xlarge,analytical,bench_iceberg_sf10,q11,0,2026-06-18T11:59:47.121374+00:00,2026-06-18T11:59:48.533687+00:00,true,,0,,,,,
a0fd4be11e014c84a865cef20634b8dc,duckdb,1.5.4,tpch,10,c8gd.4xlarge,analytical,bench_iceberg_sf10,q11,1,2026-06-18T11:59:48.533968+00:00,2026-06-18T11:59:49.906123+00:00,,,0,,,,,
a0fd4be11e014c84a865cef20634b8dc,duckdb,1.5.4,tpch,10,c8gd.4xlarge,analytical,bench_iceberg_sf10,q11,2,2026-06-18T11:59:49.906195+00:00,2026-06-18T11:59:51.186241+00:00,,,0,,,,,
a0fd4be11e014c84a865cef20634b8dc,duckdb,1.5.4,tpch,10,c8gd.4xlarge,analytical,bench_iceberg_sf10,q12,0,2026-06-18T11:59:52.445299+00:00,2026-06-18T11:59:53.577661+00:00,true,,2,,,,,
a0fd4be11e014c84a865cef20634b8dc,duckdb,1.5.4,tpch,10,c8gd.4xlarge,analytical,bench_iceberg_sf10,q12,1,2026-06-18T11:59:53.577965+00:00,2026-06-18T11:59:54.553271+00:00,,,2,,,,,
a0fd4be11e014c84a865cef20634b8dc,duckdb,1.5.4,tpch,10,c8gd.4xlarge,analytical,bench_iceberg_sf10,q12,2,2026-06-18T11:59:54.553348+00:00,2026-06-18T11:59:55.551611+00:00,,,2,,,,,
a0fd4be11e014c84a865cef20634b8dc,duckdb,1.5.4,tpch,10,c8gd.4xlarge,analytical,bench_iceberg_sf10,q13,0,2026-06-18T11:59:58.405307+00:00,2026-06-18T12:00:01.255625+00:00,true,,46,,,,,
a0fd4be11e014c84a865cef20634b8dc,duckdb,1.5.4,tpch,10,c8gd.4xlarge,analytical,bench_iceberg_sf10,q13,1,2026-06-18T12:00:01.256034+00:00,2026-06-18T12:00:04.121907+00:00,,,46,,,,,
a0fd4be11e014c84a865cef20634b8dc,duckdb,1.5.4,tpch,10,c8gd.4xlarge,analytical,bench_iceberg_sf10,q13,2,2026-06-18T12:00:04.121993+00:00,2026-06-18T12:00:06.974978+00:00,,,46,,,,,
a0fd4be11e014c84a865cef20634b8dc,duckdb,1.5.4,tpch,10,c8gd.4xlarge,analytical,bench_iceberg_sf10,q14,0,2026-06-18T12:00:08.206474+00:00,2026-06-18T12:00:09.353821+00:00,true,,1,,,,,
a0fd4be11e014c84a865cef20634b8dc,duckdb,1.5.4,tpch,10,c8gd.4xlarge,analytical,bench_iceberg_sf10,q14,1,2026-06-18T12:00:09.354188+00:00,2026-06-18T12:00:10.477143+00:00,,,1,,,,,
a0fd4be11e014c84a865cef20634b8dc,duckdb,1.5.4,tpch,10,c8gd.4xlarge,analytical,bench_iceberg_sf10,q14,2,2026-06-18T12:00:10.477223+00:00,2026-06-18T12:00:11.594714+00:00,,,1,,,,,
a0fd4be11e014c84a865cef20634b8dc,duckdb,1.5.4,tpch,10,c8gd.4xlarge,analytical,bench_iceberg_sf10,q15,0,2026-06-18T12:00:12.520426+00:00,2026-06-18T12:00:13.449573+00:00,true,,1,,,,,
a0fd4be11e014c84a865cef20634b8dc,duckdb,1.5.4,tpch,10,c8gd.4xlarge,analytical,bench_iceberg_sf10,q15,1,2026-06-18T12:00:13.449910+00:00,2026-06-18T12:00:14.404836+00:00,,,1,,,,,
a0fd4be11e014c84a865cef20634b8dc,duckdb,1.5.4,tpch,10,c8gd.4xlarge,analytical,bench_iceberg_sf10,q15,2,2026-06-18T12:00:14.404940+00:00,2026-06-18T12:00:15.299084+00:00,,,1,,,,,
a0fd4be11e014c84a865cef20634b8dc,duckdb,1.5.4,tpch,10,c8gd.4xlarge,analytical,bench_iceberg_sf10,q16,0,2026-06-18T12:00:16.355900+00:00,2026-06-18T12:00:17.326453+00:00,true,,27840,,,,,
a0fd4be11e014c84a865cef20634b8dc,duckdb,1.5.4,tpch,10,c8gd.4xlarge,analytical,bench_iceberg_sf10,q16,1,2026-06-18T12:00:17.490131+00:00,2026-06-18T12:00:18.490945+00:00,,,27840,,,,,
a0fd4be11e014c84a865cef20634b8dc,duckdb,1.5.4,tpch,10,c8gd.4xlarge,analytical,bench_iceberg_sf10,q16,2,2026-06-18T12:00:18.492461+00:00,2026-06-18T12:00:19.443448+00:00,,,27840,,,,,
a0fd4be11e014c84a865cef20634b8dc,duckdb,1.5.4,tpch,10,c8gd.4xlarge,analytical,bench_iceberg_sf10,q17,0,2026-06-18T12:00:21.020767+00:00,2026-06-18T12:00:22.754961+00:00,true,,1,,,,,
a0fd4be11e014c84a865cef20634b8dc,duckdb,1.5.4,tpch,10,c8gd.4xlarge,analytical,bench_iceberg_sf10,q17,1,2026-06-18T12:00:22.755266+00:00,2026-06-18T12:00:24.476376+00:00,,,1,,,,,
a0fd4be11e014c84a865cef20634b8dc,duckdb,1.5.4,tpch,10,c8gd.4xlarge,analytical,bench_iceberg_sf10,q17,2,2026-06-18T12:00:24.476458+00:00,2026-06-18T12:00:26.155910+00:00,,,1,,,,,
a0fd4be11e014c84a865cef20634b8dc,duckdb,1.5.4,tpch,10,c8gd.4xlarge,analytical,bench_iceberg_sf10,q18,0,2026-06-18T12:00:28.024947+00:00,2026-06-18T12:00:29.804641+00:00,true,,100,,,,,
a0fd4be11e014c84a865cef20634b8dc,duckdb,1.5.4,tpch,10,c8gd.4xlarge,analytical,bench_iceberg_sf10,q18,1,2026-06-18T12:00:29.805702+00:00,2026-06-18T12:00:31.769480+00:00,,,100,,,,,
a0fd4be11e014c84a865cef20634b8dc,duckdb,1.5.4,tpch,10,c8gd.4xlarge,analytical,bench_iceberg_sf10,q18,2,2026-06-18T12:00:31.769575+00:00,2026-06-18T12:00:33.513670+00:00,,,100,,,,,
a0fd4be11e014c84a865cef20634b8dc,duckdb,1.5.4,tpch,10,c8gd.4xlarge,analytical,bench_iceberg_sf10,q19,0,2026-06-18T12:00:34.948596+00:00,2026-06-18T12:00:36.238717+00:00,true,,1,,,,,
a0fd4be11e014c84a865cef20634b8dc,duckdb,1.5.4,tpch,10,c8gd.4xlarge,analytical,bench_iceberg_sf10,q19,1,2026-06-18T12:00:36.239194+00:00,2026-06-18T12:00:37.618451+00:00,,,1,,,,,
a0fd4be11e014c84a865cef20634b8dc,duckdb,1.5.4,tpch,10,c8gd.4xlarge,analytical,bench_iceberg_sf10,q19,2,2026-06-18T12:00:37.618530+00:00,2026-06-18T12:00:39.205939+00:00,,,1,,,,,
a0fd4be11e014c84a865cef20634b8dc,duckdb,1.5.4,tpch,10,c8gd.4xlarge,analytical,bench_iceberg_sf10,q20,0,2026-06-18T12:00:41.015198+00:00,2026-06-18T12:00:42.816532+00:00,true,,1804,,,,,
a0fd4be11e014c84a865cef20634b8dc,duckdb,1.5.4,tpch,10,c8gd.4xlarge,analytical,bench_iceberg_sf10,q20,1,2026-06-18T12:00:42.824064+00:00,2026-06-18T12:00:44.631111+00:00,,,1804,,,,,
a0fd4be11e014c84a865cef20634b8dc,duckdb,1.5.4,tpch,10,c8gd.4xlarge,analytical,bench_iceberg_sf10,q20,2,2026-06-18T12:00:44.631281+00:00,2026-06-18T12:00:46.414608+00:00,,,1804,,,,,
a0fd4be11e014c84a865cef20634b8dc,duckdb,1.5.4,tpch,10,c8gd.4xlarge,analytical,bench_iceberg_sf10,q21,0,2026-06-18T12:00:49.209090+00:00,2026-06-18T12:00:51.837668+00:00,true,,100,,,,,
a0fd4be11e014c84a865cef20634b8dc,duckdb,1.5.4,tpch,10,c8gd.4xlarge,analytical,bench_iceberg_sf10,q21,1,2026-06-18T12:00:51.838383+00:00,2026-06-18T12:00:54.696456+00:00,,,100,,,,,
a0fd4be11e014c84a865cef20634b8dc,duckdb,1.5.4,tpch,10,c8gd.4xlarge,analytical,bench_iceberg_sf10,q21,2,2026-06-18T12:00:54.696541+00:00,2026-06-18T12:00:57.408466+00:00,,,100,,,,,
a0fd4be11e014c84a865cef20634b8dc,duckdb,1.5.4,tpch,10,c8gd.4xlarge,analytical,bench_iceberg_sf10,q22,0,2026-06-18T12:00:58.558755+00:00,2026-06-18T12:00:59.686951+00:00,true,,7,,,,,
a0fd4be11e014c84a865cef20634b8dc,duckdb,1.5.4,tpch,10,c8gd.4xlarge,analytical,bench_iceberg_sf10,q22,1,2026-06-18T12:00:59.687328+00:00,2026-06-18T12:01:00.841944+00:00,,,7,,,,,
a0fd4be11e014c84a865cef20634b8dc,duckdb,1.5.4,tpch,10,c8gd.4xlarge,analytical,bench_iceberg_sf10,q22,2,2026-06-18T12:01:00.842021+00:00,2026-06-18T12:01:02.016715+00:00,,,7,,,,,
26e81874d1444bbaa8b6913f127d7e2b,duckdb,1.5.4,tpch,10,c8gd.4xlarge,analytical,bench_sf10_512mb_file_size_try3,q01,0,2026-06-18T12:43:53.240598+00:00,2026-06-18T12:43:56.220432+00:00,true,,4,,,,,
26e81874d1444bbaa8b6913f127d7e2b,duckdb,1.5.4,tpch,10,c8gd.4xlarge,analytical,bench_sf10_512mb_file_size_try3,q01,1,2026-06-18T12:43:56.220777+00:00,2026-06-18T12:43:59.062464+00:00,,,4,,,,,
26e81874d1444bbaa8b6913f127d7e2b,duckdb,1.5.4,tpch,10,c8gd.4xlarge,analytical,bench_sf10_512mb_file_size_try3,q01,2,2026-06-18T12:43:59.062545+00:00,2026-06-18T12:44:01.920904+00:00,,,4,,,,,
26e81874d1444bbaa8b6913f127d7e2b,duckdb,1.5.4,tpch,10,c8gd.4xlarge,analytical,bench_sf10_512mb_file_size_try3,q02,0,2026-06-18T12:44:04.850083+00:00,2026-06-18T12:44:07.114391+00:00,true,,100,,,,,
26e81874d1444bbaa8b6913f127d7e2b,duckdb,1.5.4,tpch,10,c8gd.4xlarge,analytical,bench_sf10_512mb_file_size_try3,q02,1,2026-06-18T12:44:07.115961+00:00,2026-06-18T12:44:09.366686+00:00,,,100,,,,,
26e81874d1444bbaa8b6913f127d7e2b,duckdb,1.5.4,tpch,10,c8gd.4xlarge,analytical,bench_sf10_512mb_file_size_try3,q02,2,2026-06-18T12:44:09.366787+00:00,2026-06-18T12:44:11.640611+00:00,,,100,,,,,
26e81874d1444bbaa8b6913f127d7e2b,duckdb,1.5.4,tpch,10,c8gd.4xlarge,analytical,bench_sf10_512mb_file_size_try3,q03,0,2026-06-18T12:44:16.478160+00:00,2026-06-18T12:44:20.614457+00:00,true,,10,,,,,
26e81874d1444bbaa8b6913f127d7e2b,duckdb,1.5.4,tpch,10,c8gd.4xlarge,analytical,bench_sf10_512mb_file_size_try3,q03,1,2026-06-18T12:44:20.614816+00:00,2026-06-18T12:44:24.778501+00:00,,,10,,,,,
26e81874d1444bbaa8b6913f127d7e2b,duckdb,1.5.4,tpch,10,c8gd.4xlarge,analytical,bench_sf10_512mb_file_size_try3,q03,2,2026-06-18T12:44:24.778579+00:00,2026-06-18T12:44:28.851092+00:00,,,10,,,,,
26e81874d1444bbaa8b6913f127d7e2b,duckdb,1.5.4,tpch,10,c8gd.4xlarge,analytical,bench_sf10_512mb_file_size_try3,q04,0,2026-06-18T12:44:31.635500+00:00,2026-06-18T12:44:34.543719+00:00,true,,5,,,,,
26e81874d1444bbaa8b6913f127d7e2b,duckdb,1.5.4,tpch,10,c8gd.4xlarge,analytical,bench_sf10_512mb_file_size_try3,q04,1,2026-06-18T12:44:34.544058+00:00,2026-06-18T12:44:37.324340+00:00,,,5,,,,,
26e81874d1444bbaa8b6913f127d7e2b,duckdb,1.5.4,tpch,10,c8gd.4xlarge,analytical,bench_sf10_512mb_file_size_try3,q04,2,2026-06-18T12:44:37.324420+00:00,2026-06-18T12:44:40.102700+00:00,,,5,,,,,
26e81874d1444bbaa8b6913f127d7e2b,duckdb,1.5.4,tpch,10,c8gd.4xlarge,analytical,bench_sf10_512mb_file_size_try3,q05,0,2026-06-18T12:44:44.622649+00:00,2026-06-18T12:44:49.243318+00:00,true,,5,,,,,
26e81874d1444bbaa8b6913f127d7e2b,duckdb,1.5.4,tpch,10,c8gd.4xlarge,analytical,bench_sf10_512mb_file_size_try3,q05,1,2026-06-18T12:44:49.243712+00:00,2026-06-18T12:44:53.790664+00:00,,,5,,,,,
26e81874d1444bbaa8b6913f127d7e2b,duckdb,1.5.4,tpch,10,c8gd.4xlarge,analytical,bench_sf10_512mb_file_size_try3,q05,2,2026-06-18T12:44:53.790746+00:00,2026-06-18T12:44:58.355556+00:00,,,5,,,,,
26e81874d1444bbaa8b6913f127d7e2b,duckdb,1.5.4,tpch,10,c8gd.4xlarge,analytical,bench_sf10_512mb_file_size_try3,q06,0,2026-06-18T12:45:01.775796+00:00,2026-06-18T12:45:05.211354+00:00,true,,1,,,,,
26e81874d1444bbaa8b6913f127d7e2b,duckdb,1.5.4,tpch,10,c8gd.4xlarge,analytical,bench_sf10_512mb_file_size_try3,q06,1,2026-06-18T12:45:05.211657+00:00,2026-06-18T12:45:08.661313+00:00,,,1,,,,,
26e81874d1444bbaa8b6913f127d7e2b,duckdb,1.5.4,tpch,10,c8gd.4xlarge,analytical,bench_sf10_512mb_file_size_try3,q06,2,2026-06-18T12:45:08.661388+00:00,2026-06-18T12:45:12.120995+00:00,,,1,,,,,
26e81874d1444bbaa8b6913f127d7e2b,duckdb,1.5.4,tpch,10,c8gd.4xlarge,analytical,bench_sf10_512mb_file_size_try3,q07,0,2026-06-18T12:45:17.155464+00:00,2026-06-18T12:45:22.141351+00:00,true,,4,,,,,
26e81874d1444bbaa8b6913f127d7e2b,duckdb,1.5.4,tpch,10,c8gd.4xlarge,analytical,bench_sf10_512mb_file_size_try3,q07,1,2026-06-18T12:45:22.141747+00:00,2026-06-18T12:45:27.027530+00:00,,,4,,,,,
26e81874d1444bbaa8b6913f127d7e2b,duckdb,1.5.4,tpch,10,c8gd.4xlarge,analytical,bench_sf10_512mb_file_size_try3,q07,2,2026-06-18T12:45:27.027608+00:00,2026-06-18T12:45:32.142939+00:00,,,4,,,,,
26e81874d1444bbaa8b6913f127d7e2b,duckdb,1.5.4,tpch,10,c8gd.4xlarge,analytical,bench_sf10_512mb_file_size_try3,q08,0,2026-06-18T12:45:37.721580+00:00,2026-06-18T12:45:43.314776+00:00,true,,2,,,,,
26e81874d1444bbaa8b6913f127d7e2b,duckdb,1.5.4,tpch,10,c8gd.4xlarge,analytical,bench_sf10_512mb_file_size_try3,q08,1,2026-06-18T12:45:43.315132+00:00,2026-06-18T12:45:49.131187+00:00,,,2,,,,,
26e81874d1444bbaa8b6913f127d7e2b,duckdb,1.5.4,tpch,10,c8gd.4xlarge,analytical,bench_sf10_512mb_file_size_try3,q08,2,2026-06-18T12:45:49.131261+00:00,2026-06-18T12:45:55.105222+00:00,,,2,,,,,
26e81874d1444bbaa8b6913f127d7e2b,duckdb,1.5.4,tpch,10,c8gd.4xlarge,analytical,bench_sf10_512mb_file_size_try3,q09,0,2026-06-18T12:46:00.967422+00:00,2026-06-18T12:46:06.787175+00:00,true,,175,,,,,
26e81874d1444bbaa8b6913f127d7e2b,duckdb,1.5.4,tpch,10,c8gd.4xlarge,analytical,bench_sf10_512mb_file_size_try3,q09,1,2026-06-18T12:46:06.788218+00:00,2026-06-18T12:46:12.731692+00:00,,,175,,,,,
26e81874d1444bbaa8b6913f127d7e2b,duckdb,1.5.4,tpch,10,c8gd.4xlarge,analytical,bench_sf10_512mb_file_size_try3,q09,2,2026-06-18T12:46:12.731786+00:00,2026-06-18T12:46:18.494927+00:00,,,175,,,,,
26e81874d1444bbaa8b6913f127d7e2b,duckdb,1.5.4,tpch,10,c8gd.4xlarge,analytical,bench_sf10_512mb_file_size_try3,q10,0,2026-06-18T12:46:23.284364+00:00,2026-06-18T12:46:27.990258+00:00,true,,20,,,,,
26e81874d1444bbaa8b6913f127d7e2b,duckdb,1.5.4,tpch,10,c8gd.4xlarge,analytical,bench_sf10_512mb_file_size_try3,q10,1,2026-06-18T12:46:27.990877+00:00,2026-06-18T12:46:32.784539+00:00,,,20,,,,,
26e81874d1444bbaa8b6913f127d7e2b,duckdb,1.5.4,tpch,10,c8gd.4xlarge,analytical,bench_sf10_512mb_file_size_try3,q10,2,2026-06-18T12:46:32.784632+00:00,2026-06-18T12:46:37.649462+00:00,,,20,,,,,
26e81874d1444bbaa8b6913f127d7e2b,duckdb,1.5.4,tpch,10,c8gd.4xlarge,analytical,bench_sf10_512mb_file_size_try3,q11,0,2026-06-18T12:46:39.155801+00:00,2026-06-18T12:46:40.570926+00:00,true,,0,,,,,
26e81874d1444bbaa8b6913f127d7e2b,duckdb,1.5.4,tpch,10,c8gd.4xlarge,analytical,bench_sf10_512mb_file_size_try3,q11,1,2026-06-18T12:46:40.571313+00:00,2026-06-18T12:46:41.985211+00:00,,,0,,,,,
26e81874d1444bbaa8b6913f127d7e2b,duckdb,1.5.4,tpch,10,c8gd.4xlarge,analytical,bench_sf10_512mb_file_size_try3,q11,2,2026-06-18T12:46:41.985287+00:00,2026-06-18T12:46:43.399185+00:00,,,0,,,,,
26e81874d1444bbaa8b6913f127d7e2b,duckdb,1.5.4,tpch,10,c8gd.4xlarge,analytical,bench_sf10_512mb_file_size_try3,q12,0,2026-06-18T12:46:47.413828+00:00,2026-06-18T12:46:51.540678+00:00,true,,2,,,,,
26e81874d1444bbaa8b6913f127d7e2b,duckdb,1.5.4,tpch,10,c8gd.4xlarge,analytical,bench_sf10_512mb_file_size_try3,q12,1,2026-06-18T12:46:51.541234+00:00,2026-06-18T12:46:55.643279+00:00,,,2,,,,,
26e81874d1444bbaa8b6913f127d7e2b,duckdb,1.5.4,tpch,10,c8gd.4xlarge,analytical,bench_sf10_512mb_file_size_try3,q12,2,2026-06-18T12:46:55.643360+00:00,2026-06-18T12:46:59.826799+00:00,,,2,,,,,
26e81874d1444bbaa8b6913f127d7e2b,duckdb,1.5.4,tpch,10,c8gd.4xlarge,analytical,bench_sf10_512mb_file_size_try3,q13,0,2026-06-18T12:47:01.346536+00:00,2026-06-18T12:47:02.713573+00:00,true,,46,,,,,
26e81874d1444bbaa8b6913f127d7e2b,duckdb,1.5.4,tpch,10,c8gd.4xlarge,analytical,bench_sf10_512mb_file_size_try3,q13,1,2026-06-18T12:47:02.713999+00:00,2026-06-18T12:47:04.086314+00:00,,,46,,,,,
26e81874d1444bbaa8b6913f127d7e2b,duckdb,1.5.4,tpch,10,c8gd.4xlarge,analytical,bench_sf10_512mb_file_size_try3,q13,2,2026-06-18T12:47:04.086394+00:00,2026-06-18T12:47:05.555418+00:00,,,46,,,,,
26e81874d1444bbaa8b6913f127d7e2b,duckdb,1.5.4,tpch,10,c8gd.4xlarge,analytical,bench_sf10_512mb_file_size_try3,q14,0,2026-06-18T12:47:08.625409+00:00,2026-06-18T12:47:11.786074+00:00,true,,1,,,,,
26e81874d1444bbaa8b6913f127d7e2b,duckdb,1.5.4,tpch,10,c8gd.4xlarge,analytical,bench_sf10_512mb_file_size_try3,q14,1,2026-06-18T12:47:11.786428+00:00,2026-06-18T12:47:15.164677+00:00,,,1,,,,,
26e81874d1444bbaa8b6913f127d7e2b,duckdb,1.5.4,tpch,10,c8gd.4xlarge,analytical,bench_sf10_512mb_file_size_try3,q14,2,2026-06-18T12:47:15.164756+00:00,2026-06-18T12:47:18.320080+00:00,,,1,,,,,
26e81874d1444bbaa8b6913f127d7e2b,duckdb,1.5.4,tpch,10,c8gd.4xlarge,analytical,bench_sf10_512mb_file_size_try3,q15,0,2026-06-18T12:47:21.354893+00:00,2026-06-18T12:47:24.377274+00:00,true,,1,,,,,
26e81874d1444bbaa8b6913f127d7e2b,duckdb,1.5.4,tpch,10,c8gd.4xlarge,analytical,bench_sf10_512mb_file_size_try3,q15,1,2026-06-18T12:47:24.377586+00:00,2026-06-18T12:47:27.297528+00:00,,,1,,,,,
26e81874d1444bbaa8b6913f127d7e2b,duckdb,1.5.4,tpch,10,c8gd.4xlarge,analytical,bench_sf10_512mb_file_size_try3,q15,2,2026-06-18T12:47:27.297610+00:00,2026-06-18T12:47:30.176493+00:00,,,1,,,,,
26e81874d1444bbaa8b6913f127d7e2b,duckdb,1.5.4,tpch,10,c8gd.4xlarge,analytical,bench_sf10_512mb_file_size_try3,q16,0,2026-06-18T12:47:31.243362+00:00,2026-06-18T12:47:32.311550+00:00,true,,27840,,,,,
26e81874d1444bbaa8b6913f127d7e2b,duckdb,1.5.4,tpch,10,c8gd.4xlarge,analytical,bench_sf10_512mb_file_size_try3,q16,1,2026-06-18T12:47:32.465084+00:00,2026-06-18T12:47:33.533225+00:00,,,27840,,,,,
26e81874d1444bbaa8b6913f127d7e2b,duckdb,1.5.4,tpch,10,c8gd.4xlarge,analytical,bench_sf10_512mb_file_size_try3,q16,2,2026-06-18T12:47:33.534784+00:00,2026-06-18T12:47:34.560068+00:00,,,27840,,,,,
26e81874d1444bbaa8b6913f127d7e2b,duckdb,1.5.4,tpch,10,c8gd.4xlarge,analytical,bench_sf10_512mb_file_size_try3,q17,0,2026-06-18T12:47:38.754171+00:00,2026-06-18T12:47:42.937748+00:00,true,,1,,,,,
26e81874d1444bbaa8b6913f127d7e2b,duckdb,1.5.4,tpch,10,c8gd.4xlarge,analytical,bench_sf10_512mb_file_size_try3,q17,1,2026-06-18T12:47:42.938138+00:00,2026-06-18T12:47:47.078941+00:00,,,1,,,,,
26e81874d1444bbaa8b6913f127d7e2b,duckdb,1.5.4,tpch,10,c8gd.4xlarge,analytical,bench_sf10_512mb_file_size_try3,q17,2,2026-06-18T12:47:47.079021+00:00,2026-06-18T12:47:51.304847+00:00,,,1,,,,,
26e81874d1444bbaa8b6913f127d7e2b,duckdb,1.5.4,tpch,10,c8gd.4xlarge,analytical,bench_sf10_512mb_file_size_try3,q18,0,2026-06-18T12:47:56.173993+00:00,2026-06-18T12:48:00.916474+00:00,true,,100,,,,,
26e81874d1444bbaa8b6913f127d7e2b,duckdb,1.5.4,tpch,10,c8gd.4xlarge,analytical,bench_sf10_512mb_file_size_try3,q18,1,2026-06-18T12:48:00.917640+00:00,2026-06-18T12:48:05.600243+00:00,,,100,,,,,
26e81874d1444bbaa8b6913f127d7e2b,duckdb,1.5.4,tpch,10,c8gd.4xlarge,analytical,bench_sf10_512mb_file_size_try3,q18,2,2026-06-18T12:48:05.600333+00:00,2026-06-18T12:48:10.277803+00:00,,,100,,,,,
26e81874d1444bbaa8b6913f127d7e2b,duckdb,1.5.4,tpch,10,c8gd.4xlarge,analytical,bench_sf10_512mb_file_size_try3,q19,0,2026-06-18T12:48:14.929742+00:00,2026-06-18T12:48:19.548811+00:00,true,,1,,,,,
26e81874d1444bbaa8b6913f127d7e2b,duckdb,1.5.4,tpch,10,c8gd.4xlarge,analytical,bench_sf10_512mb_file_size_try3,q19,1,2026-06-18T12:48:19.549832+00:00,2026-06-18T12:48:24.213808+00:00,,,1,,,,,
26e81874d1444bbaa8b6913f127d7e2b,duckdb,1.5.4,tpch,10,c8gd.4xlarge,analytical,bench_sf10_512mb_file_size_try3,q19,2,2026-06-18T12:48:24.213891+00:00,2026-06-18T12:48:28.898403+00:00,,,1,,,,,
26e81874d1444bbaa8b6913f127d7e2b,duckdb,1.5.4,tpch,10,c8gd.4xlarge,analytical,bench_sf10_512mb_file_size_try3,q20,0,2026-06-18T12:48:33.608349+00:00,2026-06-18T12:48:38.190697+00:00,true,,1804,,,,,
26e81874d1444bbaa8b6913f127d7e2b,duckdb,1.5.4,tpch,10,c8gd.4xlarge,analytical,bench_sf10_512mb_file_size_try3,q20,1,2026-06-18T12:48:38.196715+00:00,2026-06-18T12:48:43.035111+00:00,,,1804,,,,,
26e81874d1444bbaa8b6913f127d7e2b,duckdb,1.5.4,tpch,10,c8gd.4xlarge,analytical,bench_sf10_512mb_file_size_try3,q20,2,2026-06-18T12:48:43.035257+00:00,2026-06-18T12:48:47.636633+00:00,,,1804,,,,,
26e81874d1444bbaa8b6913f127d7e2b,duckdb,1.5.4,tpch,10,c8gd.4xlarge,analytical,bench_sf10_512mb_file_size_try3,q21,0,2026-06-18T12:48:56.282104+00:00,2026-06-18T12:49:04.886292+00:00,true,,100,,,,,
26e81874d1444bbaa8b6913f127d7e2b,duckdb,1.5.4,tpch,10,c8gd.4xlarge,analytical,bench_sf10_512mb_file_size_try3,q21,1,2026-06-18T12:49:04.887094+00:00,2026-06-18T12:49:13.602098+00:00,,,100,,,,,
26e81874d1444bbaa8b6913f127d7e2b,duckdb,1.5.4,tpch,10,c8gd.4xlarge,analytical,bench_sf10_512mb_file_size_try3,q21,2,2026-06-18T12:49:13.602184+00:00,2026-06-18T12:49:22.354532+00:00,,,100,,,,,
26e81874d1444bbaa8b6913f127d7e2b,duckdb,1.5.4,tpch,10,c8gd.4xlarge,analytical,bench_sf10_512mb_file_size_try3,q22,0,2026-06-18T12:49:23.402052+00:00,2026-06-18T12:49:24.394112+00:00,true,,7,,,,,
26e81874d1444bbaa8b6913f127d7e2b,duckdb,1.5.4,tpch,10,c8gd.4xlarge,analytical,bench_sf10_512mb_file_size_try3,q22,1,2026-06-18T12:49:24.394528+00:00,2026-06-18T12:49:25.431299+00:00,,,7,,,,,
26e81874d1444bbaa8b6913f127d7e2b,duckdb,1.5.4,tpch,10,c8gd.4xlarge,analytical,bench_sf10_512mb_file_size_try3,q22,2,2026-06-18T12:49:25.431376+00:00,2026-06-18T12:49:26.435219+00:00,,,7,,,,,
ced6eabf6adc4185954ae250e10b3e9c,duckdb,1.5.2,tpcds,1,local-test,maintenance,bench_ac43caa1,lf_ss_round1,0,2026-07-09T09:26:57.977602+00:00,2026-07-09T09:26:58.163400+00:00,,,,1,,,,
ced6eabf6adc4185954ae250e10b3e9c,duckdb,1.5.2,tpcds,1,local-test,maintenance,bench_ac43caa1,lf_sr_round1,0,2026-07-09T09:26:58.163696+00:00,2026-07-09T09:26:58.283064+00:00,,,,1,,,,
ced6eabf6adc4185954ae250e10b3e9c,duckdb,1.5.2,tpcds,1,local-test,maintenance,bench_ac43caa1,lf_cs_round1,0,2026-07-09T09:26:58.283383+00:00,2026-07-09T09:26:58.440899+00:00,,,,1,,,,
ced6eabf6adc4185954ae250e10b3e9c,duckdb,1.5.2,tpcds,1,local-test,maintenance,bench_ac43caa1,lf_cr_round1,0,2026-07-09T09:26:58.441204+00:00,2026-07-09T09:26:58.558664+00:00,,,,1,,,,
ced6eabf6adc4185954ae250e10b3e9c,duckdb,1.5.2,tpcds,1,local-test,maintenance,bench_ac43caa1,lf_ws_round1,0,2026-07-09T09:26:58.558972+00:00,2026-07-09T09:26:58.698383+00:00,,,,1,,,,
ced6eabf6adc4185954ae250e10b3e9c,duckdb,1.5.2,tpcds,1,local-test,maintenance,bench_ac43caa1,lf_wr_round1,0,2026-07-09T09:26:58.698793+00:00,2026-07-09T09:26:58.828893+00:00,,,,1,,,,
ced6eabf6adc4185954ae250e10b3e9c,duckdb,1.5.2,tpcds,1,local-test,maintenance,bench_ac43caa1,df_ss_round1,0,2026-07-09T09:26:58.829196+00:00,2026-07-09T09:26:59.083417+00:00,,,,1,,,,
ced6eabf6adc4185954ae250e10b3e9c,duckdb,1.5.2,tpcds,1,local-test,maintenance,bench_ac43caa1,df_cs_round1,0,2026-07-09T09:26:59.084855+00:00,2026-07-09T09:26:59.195616+00:00,,,,1,,,,
ced6eabf6adc4185954ae250e10b3e9c,duckdb,1.5.2,tpcds,1,local-test,maintenance,bench_ac43caa1,df_ws_round1,0,2026-07-09T09:26:59.195935+00:00,2026-07-09T09:26:59.312993+00:00,,,,1,,,,
6fe186f1174447e2bdbabfa7457b9394,duckdb,1.5.2,tpcds,1,local-test,maintenance,bench_aab8756c,lf_ss_round1,0,2026-07-09T09:27:36.762172+00:00,2026-07-09T09:27:36.796886+00:00,,,,1,,,,
6fe186f1174447e2bdbabfa7457b9394,duckdb,1.5.2,tpcds,1,local-test,maintenance,bench_aab8756c,lf_sr_round1,0,2026-07-09T09:27:36.797238+00:00,2026-07-09T09:27:36.822281+00:00,,,,1,,,,
6fe186f1174447e2bdbabfa7457b9394,duckdb,1.5.2,tpcds,1,local-test,maintenance,bench_aab8756c,lf_cs_round1,0,2026-07-09T09:27:36.822528+00:00,2026-07-09T09:27:36.864318+00:00,,,,1,,,,
6fe186f1174447e2bdbabfa7457b9394,duckdb,1.5.2,tpcds,1,local-test,maintenance,bench_aab8756c,lf_cr_round1,0,2026-07-09T09:27:36.864546+00:00,2026-07-09T09:27:36.893808+00:00,,,,1,,,,
6fe186f1174447e2bdbabfa7457b9394,duckdb,1.5.2,tpcds,1,local-test,maintenance,bench_aab8756c,lf_ws_round1,0,2026-07-09T09:27:36.894057+00:00,2026-07-09T09:27:36.926763+00:00,,,,1,,,,
6fe186f1174447e2bdbabfa7457b9394,duckdb,1.5.2,tpcds,1,local-test,maintenance,bench_aab8756c,lf_wr_round1,0,2026-07-09T09:27:36.927073+00:00,2026-07-09T09:27:36.957907+00:00,,,,1,,,,
6fe186f1174447e2bdbabfa7457b9394,duckdb,1.5.2,tpcds,1,local-test,maintenance,bench_aab8756c,df_ss_round1,0,2026-07-09T09:27:36.958162+00:00,2026-07-09T09:27:36.981420+00:00,,,,1,,,,
6fe186f1174447e2bdbabfa7457b9394,duckdb,1.5.2,tpcds,1,local-test,maintenance,bench_aab8756c,df_cs_round1,0,2026-07-09T09:27:36.981655+00:00,2026-07-09T09:27:36.997772+00:00,,,,1,,,,
6fe186f1174447e2bdbabfa7457b9394,duckdb,1.5.2,tpcds,1,local-test,maintenance,bench_aab8756c,df_ws_round1,0,2026-07-09T09:27:36.998614+00:00,2026-07-09T09:27:37.017689+00:00,,,,1,,,,
5383bdb202104fbf81f172aa89e07498,duckdb,1.5.2,tpcds,10,local-test,maintenance,bench_e3eef4a5,lf_ss_round1,0,2026-07-09T09:53:50.377532+00:00,2026-07-09T09:53:50.462494+00:00,,,,1,,,,
5383bdb202104fbf81f172aa89e07498,duckdb,1.5.2,tpcds,10,local-test,maintenance,bench_e3eef4a5,lf_sr_round1,0,2026-07-09T09:53:50.463350+00:00,2026-07-09T09:53:50.495650+00:00,,,,1,,,,
5383bdb202104fbf81f172aa89e07498,duckdb,1.5.2,tpcds,10,local-test,maintenance,bench_e3eef4a5,lf_cs_round1,0,2026-07-09T09:53:50.496198+00:00,2026-07-09T09:53:50.571525+00:00,,,,1,,,,
5383bdb202104fbf81f172aa89e07498,duckdb,1.5.2,tpcds,10,local-test,maintenance,bench_e3eef4a5,lf_cr_round1,0,2026-07-09T09:53:50.571848+00:00,2026-07-09T09:53:50.608590+00:00,,,,1,,,,
5383bdb202104fbf81f172aa89e07498,duckdb,1.5.2,tpcds,10,local-test,maintenance,bench_e3eef4a5,lf_ws_round1,0,2026-07-09T09:53:50.608847+00:00,2026-07-09T09:53:50.665731+00:00,,,,1,,,,
5383bdb202104fbf81f172aa89e07498,duckdb,1.5.2,tpcds,10,local-test,maintenance,bench_e3eef4a5,lf_wr_round1,0,2026-07-09T09:53:50.666168+00:00,2026-07-09T09:53:50.703128+00:00,,,,1,,,,
5383bdb202104fbf81f172aa89e07498,duckdb,1.5.2,tpcds,10,local-test,maintenance,bench_e3eef4a5,df_ss_round1,0,2026-07-09T09:53:50.703432+00:00,2026-07-09T09:53:50.800985+00:00,,,,1,,,,
5383bdb202104fbf81f172aa89e07498,duckdb,1.5.2,tpcds,10,local-test,maintenance,bench_e3eef4a5,df_cs_round1,0,2026-07-09T09:53:50.801240+00:00,2026-07-09T09:53:50.831658+00:00,,,,1,,,,
5383bdb202104fbf81f172aa89e07498,duckdb,1.5.2,tpcds,10,local-test,maintenance,bench_e3eef4a5,df_ws_round1,0,2026-07-09T09:53:50.831880+00:00,2026-07-09T09:53:50.860150+00:00,,,,1,,,,
7ef05fee19bd4868ae91bb95af4b8427,duckdb,1.5.2,tpcds,10,local-test,maintenance,bench_34b454ab,lf_ss_round1,0,2026-07-09T09:54:58.982691+00:00,2026-07-09T09:54:59.333916+00:00,,,,1,,,,
7ef05fee19bd4868ae91bb95af4b8427,duckdb,1.5.2,tpcds,10,local-test,maintenance,bench_34b454ab,lf_sr_round1,0,2026-07-09T09:54:59.334345+00:00,2026-07-09T09:54:59.530582+00:00,,,,1,,,,
7ef05fee19bd4868ae91bb95af4b8427,duckdb,1.5.2,tpcds,10,local-test,maintenance,bench_34b454ab,lf_cs_round1,0,2026-07-09T09:54:59.530892+00:00,2026-07-09T09:54:59.816716+00:00,,,,1,,,,
7ef05fee19bd4868ae91bb95af4b8427,duckdb,1.5.2,tpcds,10,local-test,maintenance,bench_34b454ab,lf_cr_round1,0,2026-07-09T09:54:59.817026+00:00,2026-07-09T09:54:59.998391+00:00,,,,1,,,,
7ef05fee19bd4868ae91bb95af4b8427,duckdb,1.5.2,tpcds,10,local-test,maintenance,bench_34b454ab,lf_ws_round1,0,2026-07-09T09:54:59.998760+00:00,2026-07-09T09:55:00.266748+00:00,,,,1,,,,
7ef05fee19bd4868ae91bb95af4b8427,duckdb,1.5.2,tpcds,10,local-test,maintenance,bench_34b454ab,lf_wr_round1,0,2026-07-09T09:55:00.267110+00:00,2026-07-09T09:55:00.515059+00:00,,,,1,,,,
7ef05fee19bd4868ae91bb95af4b8427,duckdb,1.5.2,tpcds,10,local-test,maintenance,bench_34b454ab,df_ss_round1,0,2026-07-09T09:55:00.515399+00:00,2026-07-09T09:55:02.305842+00:00,,,,1,,,,
7ef05fee19bd4868ae91bb95af4b8427,duckdb,1.5.2,tpcds,10,local-test,maintenance,bench_34b454ab,df_cs_round1,0,2026-07-09T09:55:02.306323+00:00,2026-07-09T09:55:02.543337+00:00,,,,1,,,,
7ef05fee19bd4868ae91bb95af4b8427,duckdb,1.5.2,tpcds,10,local-test,maintenance,bench_34b454ab,df_ws_round1,0,2026-07-09T09:55:02.543664+00:00,2026-07-09T09:55:03.005977+00:00,,,,1,,,,
741cca66d8884207b7a0dd47add2217a,duckdb,1.5.2,tpcds,10,local-dev,maintenance,bench_049438eb,lf_ss_round1,0,2026-07-09T13:47:19.847619+00:00,2026-07-09T13:47:19.940131+00:00,,,,10,,,,
741cca66d8884207b7a0dd47add2217a,duckdb,1.5.2,tpcds,10,local-dev,maintenance,bench_049438eb,lf_sr_round1,0,2026-07-09T13:47:19.940469+00:00,2026-07-09T13:47:19.977667+00:00,,,,10,,,,
741cca66d8884207b7a0dd47add2217a,duckdb,1.5.2,tpcds,10,local-dev,maintenance,bench_049438eb,lf_cs_round1,0,2026-07-09T13:47:19.977950+00:00,2026-07-09T13:47:20.056606+00:00,,,,10,,,,
741cca66d8884207b7a0dd47add2217a,duckdb,1.5.2,tpcds,10,local-dev,maintenance,bench_049438eb,lf_cr_round1,0,2026-07-09T13:47:20.056864+00:00,2026-07-09T13:47:20.099251+00:00,,,,10,,,,
741cca66d8884207b7a0dd47add2217a,duckdb,1.5.2,tpcds,10,local-dev,maintenance,bench_049438eb,lf_ws_round1,0,2026-07-09T13:47:20.099525+00:00,2026-07-09T13:47:20.156908+00:00,,,,10,,,,
741cca66d8884207b7a0dd47add2217a,duckdb,1.5.2,tpcds,10,local-dev,maintenance,bench_049438eb,lf_wr_round1,0,2026-07-09T13:47:20.157417+00:00,2026-07-09T13:47:20.195777+00:00,,,,10,,,,
741cca66d8884207b7a0dd47add2217a,duckdb,1.5.2,tpcds,10,local-dev,maintenance,bench_049438eb,df_ss_round1,0,2026-07-09T13:47:20.196060+00:00,2026-07-09T13:47:20.293175+00:00,,,,10,,,,
741cca66d8884207b7a0dd47add2217a,duckdb,1.5.2,tpcds,10,local-dev,maintenance,bench_049438eb,df_cs_round1,0,2026-07-09T13:47:20.293455+00:00,2026-07-09T13:47:20.339691+00:00,,,,10,,,,
741cca66d8884207b7a0dd47add2217a,duckdb,1.5.2,tpcds,10,local-dev,maintenance,bench_049438eb,df_ws_round1,0,2026-07-09T13:47:20.339935+00:00,2026-07-09T13:47:20.374596+00:00,,,,10,,,,
741cca66d8884207b7a0dd47add2217a,duckdb,1.5.2,tpcds,10,local-dev,maintenance,bench_049438eb,lf_ss_round2,0,2026-07-09T13:47:20.563317+00:00,2026-07-09T13:47:20.645169+00:00,,,,10,,,,
741cca66d8884207b7a0dd47add2217a,duckdb,1.5.2,tpcds,10,local-dev,maintenance,bench_049438eb,lf_sr_round2,0,2026-07-09T13:47:20.645298+00:00,2026-07-09T13:47:20.677612+00:00,,,,10,,,,
741cca66d8884207b7a0dd47add2217a,duckdb,1.5.2,tpcds,10,local-dev,maintenance,bench_049438eb,lf_cs_round2,0,2026-07-09T13:47:20.677727+00:00,2026-07-09T13:47:20.752047+00:00,,,,10,,,,
741cca66d8884207b7a0dd47add2217a,duckdb,1.5.2,tpcds,10,local-dev,maintenance,bench_049438eb,lf_cr_round2,0,2026-07-09T13:47:20.752160+00:00,2026-07-09T13:47:20.793146+00:00,,,,10,,,,
741cca66d8884207b7a0dd47add2217a,duckdb,1.5.2,tpcds,10,local-dev,maintenance,bench_049438eb,lf_ws_round2,0,2026-07-09T13:47:20.793264+00:00,2026-07-09T13:47:20.855031+00:00,,,,10,,,,
741cca66d8884207b7a0dd47add2217a,duckdb,1.5.2,tpcds,10,local-dev,maintenance,bench_049438eb,lf_wr_round2,0,2026-07-09T13:47:20.855170+00:00,2026-07-09T13:47:20.896380+00:00,,,,10,,,,
741cca66d8884207b7a0dd47add2217a,duckdb,1.5.2,tpcds,10,local-dev,maintenance,bench_049438eb,df_ss_round2,0,2026-07-09T13:47:20.896495+00:00,2026-07-09T13:47:21.035505+00:00,,,,10,,,,
741cca66d8884207b7a0dd47add2217a,duckdb,1.5.2,tpcds,10,local-dev,maintenance,bench_049438eb,df_cs_round2,0,2026-07-09T13:47:21.035606+00:00,2026-07-09T13:47:21.078748+00:00,,,,10,,,,
741cca66d8884207b7a0dd47add2217a,duckdb,1.5.2,tpcds,10,local-dev,maintenance,bench_049438eb,df_ws_round2,0,2026-07-09T13:47:21.078837+00:00,2026-07-09T13:47:21.116583+00:00,,,,10,,,,
741cca66d8884207b7a0dd47add2217a,duckdb,1.5.2,tpcds,10,local-dev,maintenance,bench_049438eb,lf_ss_round3,0,2026-07-09T13:47:21.342288+00:00,2026-07-09T13:47:21.417522+00:00,,,,10,,,,
741cca66d8884207b7a0dd47add2217a,duckdb,1.5.2,tpcds,10,local-dev,maintenance,bench_049438eb,lf_sr_round3,0,2026-07-09T13:47:21.417640+00:00,2026-07-09T13:47:21.448628+00:00,,,,10,,,,
741cca66d8884207b7a0dd47add2217a,duckdb,1.5.2,tpcds,10,local-dev,maintenance,bench_049438eb,lf_cs_round3,0,2026-07-09T13:47:21.448733+00:00,2026-07-09T13:47:21.518425+00:00,,,,10,,,,
741cca66d8884207b7a0dd47add2217a,duckdb,1.5.2,tpcds,10,local-dev,maintenance,bench_049438eb,lf_cr_round3,0,2026-07-09T13:47:21.518541+00:00,2026-07-09T13:47:21.557480+00:00,,,,10,,,,
741cca66d8884207b7a0dd47add2217a,duckdb,1.5.2,tpcds,10,local-dev,maintenance,bench_049438eb,lf_ws_round3,0,2026-07-09T13:47:21.557590+00:00,2026-07-09T13:47:21.609952+00:00,,,,10,,,,
741cca66d8884207b7a0dd47add2217a,duckdb,1.5.2,tpcds,10,local-dev,maintenance,bench_049438eb,lf_wr_round3,0,2026-07-09T13:47:21.610053+00:00,2026-07-09T13:47:21.642847+00:00,,,,10,,,,
741cca66d8884207b7a0dd47add2217a,duckdb,1.5.2,tpcds,10,local-dev,maintenance,bench_049438eb,df_ss_round3,0,2026-07-09T13:47:21.642941+00:00,2026-07-09T13:47:21.781145+00:00,,,,10,,,,
741cca66d8884207b7a0dd47add2217a,duckdb,1.5.2,tpcds,10,local-dev,maintenance,bench_049438eb,df_cs_round3,0,2026-07-09T13:47:21.781243+00:00,2026-07-09T13:47:21.836265+00:00,,,,10,,,,
741cca66d8884207b7a0dd47add2217a,duckdb,1.5.2,tpcds,10,local-dev,maintenance,bench_049438eb,df_ws_round3,0,2026-07-09T13:47:21.836360+00:00,2026-07-09T13:47:21.880430+00:00,,,,10,,,,
741cca66d8884207b7a0dd47add2217a,duckdb,1.5.2,tpcds,10,local-dev,maintenance,bench_049438eb,lf_ss_round4,0,2026-07-09T13:47:22.041074+00:00,2026-07-09T13:47:22.129080+00:00,,,,10,,,,
741cca66d8884207b7a0dd47add2217a,duckdb,1.5.2,tpcds,10,local-dev,maintenance,bench_049438eb,lf_sr_round4,0,2026-07-09T13:47:22.129222+00:00,2026-07-09T13:47:22.159166+00:00,,,,10,,,,
741cca66d8884207b7a0dd47add2217a,duckdb,1.5.2,tpcds,10,local-dev,maintenance,bench_049438eb,lf_cs_round4,0,2026-07-09T13:47:22.159287+00:00,2026-07-09T13:47:22.243250+00:00,,,,10,,,,
741cca66d8884207b7a0dd47add2217a,duckdb,1.5.2,tpcds,10,local-dev,maintenance,bench_049438eb,lf_cr_round4,0,2026-07-09T13:47:22.243381+00:00,2026-07-09T13:47:22.286936+00:00,,,,10,,,,
741cca66d8884207b7a0dd47add2217a,duckdb,1.5.2,tpcds,10,local-dev,maintenance,bench_049438eb,lf_ws_round4,0,2026-07-09T13:47:22.287083+00:00,2026-07-09T13:47:22.348293+00:00,,,,10,,,,
741cca66d8884207b7a0dd47add2217a,duckdb,1.5.2,tpcds,10,local-dev,maintenance,bench_049438eb,lf_wr_round4,0,2026-07-09T13:47:22.348403+00:00,2026-07-09T13:47:22.382663+00:00,,,,10,,,,
741cca66d8884207b7a0dd47add2217a,duckdb,1.5.2,tpcds,10,local-dev,maintenance,bench_049438eb,df_ss_round4,0,2026-07-09T13:47:22.382758+00:00,2026-07-09T13:47:22.546425+00:00,,,,10,,,,
741cca66d8884207b7a0dd47add2217a,duckdb,1.5.2,tpcds,10,local-dev,maintenance,bench_049438eb,df_cs_round4,0,2026-07-09T13:47:22.546594+00:00,2026-07-09T13:47:22.611646+00:00,,,,10,,,,
741cca66d8884207b7a0dd47add2217a,duckdb,1.5.2,tpcds,10,local-dev,maintenance,bench_049438eb,df_ws_round4,0,2026-07-09T13:47:22.611766+00:00,2026-07-09T13:47:22.668896+00:00,,,,10,,,,
741cca66d8884207b7a0dd47add2217a,duckdb,1.5.2,tpcds,10,local-dev,maintenance,bench_049438eb,lf_ss_round5,0,2026-07-09T13:47:22.832646+00:00,2026-07-09T13:47:22.902203+00:00,,,,10,,,,
741cca66d8884207b7a0dd47add2217a,duckdb,1.5.2,tpcds,10,local-dev,maintenance,bench_049438eb,lf_sr_round5,0,2026-07-09T13:47:22.902306+00:00,2026-07-09T13:47:22.930856+00:00,,,,10,,,,
741cca66d8884207b7a0dd47add2217a,duckdb,1.5.2,tpcds,10,local-dev,maintenance,bench_049438eb,lf_cs_round5,0,2026-07-09T13:47:22.930949+00:00,2026-07-09T13:47:23.000178+00:00,,,,10,,,,
741cca66d8884207b7a0dd47add2217a,duckdb,1.5.2,tpcds,10,local-dev,maintenance,bench_049438eb,lf_cr_round5,0,2026-07-09T13:47:23.000283+00:00,2026-07-09T13:47:23.036257+00:00,,,,10,,,,
741cca66d8884207b7a0dd47add2217a,duckdb,1.5.2,tpcds,10,local-dev,maintenance,bench_049438eb,lf_ws_round5,0,2026-07-09T13:47:23.036360+00:00,2026-07-09T13:47:23.088362+00:00,,,,10,,,,
741cca66d8884207b7a0dd47add2217a,duckdb,1.5.2,tpcds,10,local-dev,maintenance,bench_049438eb,lf_wr_round5,0,2026-07-09T13:47:23.088469+00:00,2026-07-09T13:47:23.121763+00:00,,,,10,,,,
741cca66d8884207b7a0dd47add2217a,duckdb,1.5.2,tpcds,10,local-dev,maintenance,bench_049438eb,df_ss_round5,0,2026-07-09T13:47:23.121854+00:00,2026-07-09T13:47:23.296562+00:00,,,,10,,,,
741cca66d8884207b7a0dd47add2217a,duckdb,1.5.2,tpcds,10,local-dev,maintenance,bench_049438eb,df_cs_round5,0,2026-07-09T13:47:23.296669+00:00,2026-07-09T13:47:23.373674+00:00,,,,10,,,,
741cca66d8884207b7a0dd47add2217a,duckdb,1.5.2,tpcds,10,local-dev,maintenance,bench_049438eb,df_ws_round5,0,2026-07-09T13:47:23.373765+00:00,2026-07-09T13:47:23.430625+00:00,,,,10,,,,
741cca66d8884207b7a0dd47add2217a,duckdb,1.5.2,tpcds,10,local-dev,maintenance,bench_049438eb,lf_ss_round6,0,2026-07-09T13:47:23.608987+00:00,2026-07-09T13:47:23.684243+00:00,,,,10,,,,
741cca66d8884207b7a0dd47add2217a,duckdb,1.5.2,tpcds,10,local-dev,maintenance,bench_049438eb,lf_sr_round6,0,2026-07-09T13:47:23.684350+00:00,2026-07-09T13:47:23.715108+00:00,,,,10,,,,
741cca66d8884207b7a0dd47add2217a,duckdb,1.5.2,tpcds,10,local-dev,maintenance,bench_049438eb,lf_cs_round6,0,2026-07-09T13:47:23.715241+00:00,2026-07-09T13:47:23.800941+00:00,,,,10,,,,
741cca66d8884207b7a0dd47add2217a,duckdb,1.5.2,tpcds,10,local-dev,maintenance,bench_049438eb,lf_cr_round6,0,2026-07-09T13:47:23.801065+00:00,2026-07-09T13:47:23.840447+00:00,,,,10,,,,
741cca66d8884207b7a0dd47add2217a,duckdb,1.5.2,tpcds,10,local-dev,maintenance,bench_049438eb,lf_ws_round6,0,2026-07-09T13:47:23.840558+00:00,2026-07-09T13:47:23.899120+00:00,,,,10,,,,
741cca66d8884207b7a0dd47add2217a,duckdb,1.5.2,tpcds,10,local-dev,maintenance,bench_049438eb,lf_wr_round6,0,2026-07-09T13:47:23.899225+00:00,2026-07-09T13:47:23.935049+00:00,,,,10,,,,
741cca66d8884207b7a0dd47add2217a,duckdb,1.5.2,tpcds,10,local-dev,maintenance,bench_049438eb,df_ss_round6,0,2026-07-09T13:47:23.935152+00:00,2026-07-09T13:47:24.134138+00:00,,,,10,,,,
741cca66d8884207b7a0dd47add2217a,duckdb,1.5.2,tpcds,10,local-dev,maintenance,bench_049438eb,df_cs_round6,0,2026-07-09T13:47:24.134234+00:00,2026-07-09T13:47:24.224454+00:00,,,,10,,,,
741cca66d8884207b7a0dd47add2217a,duckdb,1.5.2,tpcds,10,local-dev,maintenance,bench_049438eb,df_ws_round6,0,2026-07-09T13:47:24.224555+00:00,2026-07-09T13:47:24.289707+00:00,,,,10,,,,
741cca66d8884207b7a0dd47add2217a,duckdb,1.5.2,tpcds,10,local-dev,maintenance,bench_049438eb,lf_ss_round7,0,2026-07-09T13:47:24.446646+00:00,2026-07-09T13:47:24.522261+00:00,,,,10,,,,
741cca66d8884207b7a0dd47add2217a,duckdb,1.5.2,tpcds,10,local-dev,maintenance,bench_049438eb,lf_sr_round7,0,2026-07-09T13:47:24.522377+00:00,2026-07-09T13:47:24.551080+00:00,,,,10,,,,
741cca66d8884207b7a0dd47add2217a,duckdb,1.5.2,tpcds,10,local-dev,maintenance,bench_049438eb,lf_cs_round7,0,2026-07-09T13:47:24.551179+00:00,2026-07-09T13:47:24.623309+00:00,,,,10,,,,
741cca66d8884207b7a0dd47add2217a,duckdb,1.5.2,tpcds,10,local-dev,maintenance,bench_049438eb,lf_cr_round7,0,2026-07-09T13:47:24.623415+00:00,2026-07-09T13:47:24.658572+00:00,,,,10,,,,
741cca66d8884207b7a0dd47add2217a,duckdb,1.5.2,tpcds,10,local-dev,maintenance,bench_049438eb,lf_ws_round7,0,2026-07-09T13:47:24.658665+00:00,2026-07-09T13:47:24.709979+00:00,,,,10,,,,
741cca66d8884207b7a0dd47add2217a,duckdb,1.5.2,tpcds,10,local-dev,maintenance,bench_049438eb,lf_wr_round7,0,2026-07-09T13:47:24.710091+00:00,2026-07-09T13:47:24.741767+00:00,,,,10,,,,
741cca66d8884207b7a0dd47add2217a,duckdb,1.5.2,tpcds,10,local-dev,maintenance,bench_049438eb,df_ss_round7,0,2026-07-09T13:47:24.741859+00:00,2026-07-09T13:47:24.959271+00:00,,,,10,,,,
741cca66d8884207b7a0dd47add2217a,duckdb,1.5.2,tpcds,10,local-dev,maintenance,bench_049438eb,df_cs_round7,0,2026-07-09T13:47:24.959368+00:00,2026-07-09T13:47:25.058464+00:00,,,,10,,,,
741cca66d8884207b7a0dd47add2217a,duckdb,1.5.2,tpcds,10,local-dev,maintenance,bench_049438eb,df_ws_round7,0,2026-07-09T13:47:25.058553+00:00,2026-07-09T13:47:25.125829+00:00,,,,10,,,,
741cca66d8884207b7a0dd47add2217a,duckdb,1.5.2,tpcds,10,local-dev,maintenance,bench_049438eb,lf_ss_round8,0,2026-07-09T13:47:25.277714+00:00,2026-07-09T13:47:25.346824+00:00,,,,10,,,,
741cca66d8884207b7a0dd47add2217a,duckdb,1.5.2,tpcds,10,local-dev,maintenance,bench_049438eb,lf_sr_round8,0,2026-07-09T13:47:25.346932+00:00,2026-07-09T13:47:25.374111+00:00,,,,10,,,,
741cca66d8884207b7a0dd47add2217a,duckdb,1.5.2,tpcds,10,local-dev,maintenance,bench_049438eb,lf_cs_round8,0,2026-07-09T13:47:25.374211+00:00,2026-07-09T13:47:25.442603+00:00,,,,10,,,,
741cca66d8884207b7a0dd47add2217a,duckdb,1.5.2,tpcds,10,local-dev,maintenance,bench_049438eb,lf_cr_round8,0,2026-07-09T13:47:25.442704+00:00,2026-07-09T13:47:25.477951+00:00,,,,10,,,,
741cca66d8884207b7a0dd47add2217a,duckdb,1.5.2,tpcds,10,local-dev,maintenance,bench_049438eb,lf_ws_round8,0,2026-07-09T13:47:25.478048+00:00,2026-07-09T13:47:25.530505+00:00,,,,10,,,,
741cca66d8884207b7a0dd47add2217a,duckdb,1.5.2,tpcds,10,local-dev,maintenance,bench_049438eb,lf_wr_round8,0,2026-07-09T13:47:25.530614+00:00,2026-07-09T13:47:25.563649+00:00,,,,10,,,,
741cca66d8884207b7a0dd47add2217a,duckdb,1.5.2,tpcds,10,local-dev,maintenance,bench_049438eb,df_ss_round8,0,2026-07-09T13:47:25.563744+00:00,2026-07-09T13:47:25.805851+00:00,,,,10,,,,
741cca66d8884207b7a0dd47add2217a,duckdb,1.5.2,tpcds,10,local-dev,maintenance,bench_049438eb,df_cs_round8,0,2026-07-09T13:47:25.805951+00:00,2026-07-09T13:47:25.916652+00:00,,,,10,,,,
741cca66d8884207b7a0dd47add2217a,duckdb,1.5.2,tpcds,10,local-dev,maintenance,bench_049438eb,df_ws_round8,0,2026-07-09T13:47:25.916753+00:00,2026-07-09T13:47:25.991352+00:00,,,,10,,,,
741cca66d8884207b7a0dd47add2217a,duckdb,1.5.2,tpcds,10,local-dev,maintenance,bench_049438eb,lf_ss_round9,0,2026-07-09T13:47:26.148130+00:00,2026-07-09T13:47:26.216903+00:00,,,,10,,,,
741cca66d8884207b7a0dd47add2217a,duckdb,1.5.2,tpcds,10,local-dev,maintenance,bench_049438eb,lf_sr_round9,0,2026-07-09T13:47:26.217008+00:00,2026-07-09T13:47:26.244736+00:00,,,,10,,,,
741cca66d8884207b7a0dd47add2217a,duckdb,1.5.2,tpcds,10,local-dev,maintenance,bench_049438eb,lf_cs_round9,0,2026-07-09T13:47:26.244841+00:00,2026-07-09T13:47:26.316528+00:00,,,,10,,,,
741cca66d8884207b7a0dd47add2217a,duckdb,1.5.2,tpcds,10,local-dev,maintenance,bench_049438eb,lf_cr_round9,0,2026-07-09T13:47:26.316629+00:00,2026-07-09T13:47:26.352071+00:00,,,,10,,,,
741cca66d8884207b7a0dd47add2217a,duckdb,1.5.2,tpcds,10,local-dev,maintenance,bench_049438eb,lf_ws_round9,0,2026-07-09T13:47:26.352162+00:00,2026-07-09T13:47:26.404500+00:00,,,,10,,,,
741cca66d8884207b7a0dd47add2217a,duckdb,1.5.2,tpcds,10,local-dev,maintenance,bench_049438eb,lf_wr_round9,0,2026-07-09T13:47:26.404596+00:00,2026-07-09T13:47:26.436981+00:00,,,,10,,,,
741cca66d8884207b7a0dd47add2217a,duckdb,1.5.2,tpcds,10,local-dev,maintenance,bench_049438eb,df_ss_round9,0,2026-07-09T13:47:26.437086+00:00,2026-07-09T13:47:26.690501+00:00,,,,10,,,,
741cca66d8884207b7a0dd47add2217a,duckdb,1.5.2,tpcds,10,local-dev,maintenance,bench_049438eb,df_cs_round9,0,2026-07-09T13:47:26.690602+00:00,2026-07-09T13:47:26.810830+00:00,,,,10,,,,
741cca66d8884207b7a0dd47add2217a,duckdb,1.5.2,tpcds,10,local-dev,maintenance,bench_049438eb,df_ws_round9,0,2026-07-09T13:47:26.810924+00:00,2026-07-09T13:47:26.887158+00:00,,,,10,,,,
741cca66d8884207b7a0dd47add2217a,duckdb,1.5.2,tpcds,10,local-dev,maintenance,bench_049438eb,lf_ss_round10,0,2026-07-09T13:47:27.043786+00:00,2026-07-09T13:47:27.113906+00:00,,,,10,,,,
741cca66d8884207b7a0dd47add2217a,duckdb,1.5.2,tpcds,10,local-dev,maintenance,bench_049438eb,lf_sr_round10,0,2026-07-09T13:47:27.114010+00:00,2026-07-09T13:47:27.142541+00:00,,,,10,,,,
741cca66d8884207b7a0dd47add2217a,duckdb,1.5.2,tpcds,10,local-dev,maintenance,bench_049438eb,lf_cs_round10,0,2026-07-09T13:47:27.142635+00:00,2026-07-09T13:47:27.215484+00:00,,,,10,,,,
741cca66d8884207b7a0dd47add2217a,duckdb,1.5.2,tpcds,10,local-dev,maintenance,bench_049438eb,lf_cr_round10,0,2026-07-09T13:47:27.215586+00:00,2026-07-09T13:47:27.252857+00:00,,,,10,,,,
741cca66d8884207b7a0dd47add2217a,duckdb,1.5.2,tpcds,10,local-dev,maintenance,bench_049438eb,lf_ws_round10,0,2026-07-09T13:47:27.252950+00:00,2026-07-09T13:47:27.304389+00:00,,,,10,,,,
741cca66d8884207b7a0dd47add2217a,duckdb,1.5.2,tpcds,10,local-dev,maintenance,bench_049438eb,lf_wr_round10,0,2026-07-09T13:47:27.304487+00:00,2026-07-09T13:47:27.338596+00:00,,,,10,,,,
741cca66d8884207b7a0dd47add2217a,duckdb,1.5.2,tpcds,10,local-dev,maintenance,bench_049438eb,df_ss_round10,0,2026-07-09T13:47:27.338695+00:00,2026-07-09T13:47:27.620476+00:00,,,,10,,,,
741cca66d8884207b7a0dd47add2217a,duckdb,1.5.2,tpcds,10,local-dev,maintenance,bench_049438eb,df_cs_round10,0,2026-07-09T13:47:27.620579+00:00,2026-07-09T13:47:27.753344+00:00,,,,10,,,,
741cca66d8884207b7a0dd47add2217a,duckdb,1.5.2,tpcds,10,local-dev,maintenance,bench_049438eb,df_ws_round10,0,2026-07-09T13:47:27.753438+00:00,2026-07-09T13:47:27.837452+00:00,,,,10,,,,
6a9b4e63860640b69165b7cb5c66a83e,duckdb,1.5.2,tpcds,10,local-dev,maintenance,bench_6e260267,lf_ss_round1,0,2026-07-09T13:48:47.387554+00:00,2026-07-09T13:48:47.672436+00:00,,,,10,,,,
6a9b4e63860640b69165b7cb5c66a83e,duckdb,1.5.2,tpcds,10,local-dev,maintenance,bench_6e260267,lf_sr_round1,0,2026-07-09T13:48:47.672797+00:00,2026-07-09T13:48:47.858334+00:00,,,,10,,,,
6a9b4e63860640b69165b7cb5c66a83e,duckdb,1.5.2,tpcds,10,local-dev,maintenance,bench_6e260267,lf_cs_round1,0,2026-07-09T13:48:47.858658+00:00,2026-07-09T13:48:48.160950+00:00,,,,10,,,,
6a9b4e63860640b69165b7cb5c66a83e,duckdb,1.5.2,tpcds,10,local-dev,maintenance,bench_6e260267,lf_cr_round1,0,2026-07-09T13:48:48.161264+00:00,2026-07-09T13:48:48.362685+00:00,,,,10,,,,
6a9b4e63860640b69165b7cb5c66a83e,duckdb,1.5.2,tpcds,10,local-dev,maintenance,bench_6e260267,lf_ws_round1,0,2026-07-09T13:48:48.362986+00:00,2026-07-09T13:48:48.621100+00:00,,,,10,,,,
6a9b4e63860640b69165b7cb5c66a83e,duckdb,1.5.2,tpcds,10,local-dev,maintenance,bench_6e260267,lf_wr_round1,0,2026-07-09T13:48:48.621454+00:00,2026-07-09T13:48:48.782993+00:00,,,,10,,,,
6a9b4e63860640b69165b7cb5c66a83e,duckdb,1.5.2,tpcds,10,local-dev,maintenance,bench_6e260267,df_ss_round1,0,2026-07-09T13:48:48.783277+00:00,2026-07-09T13:48:51.181840+00:00,,,,10,,,,
6a9b4e63860640b69165b7cb5c66a83e,duckdb,1.5.2,tpcds,10,local-dev,maintenance,bench_6e260267,df_cs_round1,0,2026-07-09T13:48:51.182551+00:00,2026-07-09T13:48:51.471507+00:00,,,,10,,,,
6a9b4e63860640b69165b7cb5c66a83e,duckdb,1.5.2,tpcds,10,local-dev,maintenance,bench_6e260267,df_ws_round1,0,2026-07-09T13:48:51.471752+00:00,2026-07-09T13:48:51.966905+00:00,,,,10,,,,
6a9b4e63860640b69165b7cb5c66a83e,duckdb,1.5.2,tpcds,10,local-dev,maintenance,bench_6e260267,lf_ss_round2,0,2026-07-09T13:48:52.197376+00:00,2026-07-09T13:48:52.548024+00:00,,,,10,,,,
6a9b4e63860640b69165b7cb5c66a83e,duckdb,1.5.2,tpcds,10,local-dev,maintenance,bench_6e260267,lf_sr_round2,0,2026-07-09T13:48:52.548304+00:00,2026-07-09T13:48:52.706500+00:00,,,,10,,,,
6a9b4e63860640b69165b7cb5c66a83e,duckdb,1.5.2,tpcds,10,local-dev,maintenance,bench_6e260267,lf_cs_round2,0,2026-07-09T13:48:52.706800+00:00,2026-07-09T13:48:53.000588+00:00,,,,10,,,,
6a9b4e63860640b69165b7cb5c66a83e,duckdb,1.5.2,tpcds,10,local-dev,maintenance,bench_6e260267,lf_cr_round2,0,2026-07-09T13:48:53.000877+00:00,2026-07-09T13:48:53.164785+00:00,,,,10,,,,
6a9b4e63860640b69165b7cb5c66a83e,duckdb,1.5.2,tpcds,10,local-dev,maintenance,bench_6e260267,lf_ws_round2,0,2026-07-09T13:48:53.165028+00:00,2026-07-09T13:48:53.369955+00:00,,,,10,,,,
6a9b4e63860640b69165b7cb5c66a83e,duckdb,1.5.2,tpcds,10,local-dev,maintenance,bench_6e260267,lf_wr_round2,0,2026-07-09T13:48:53.370295+00:00,2026-07-09T13:48:53.518036+00:00,,,,10,,,,
6a9b4e63860640b69165b7cb5c66a83e,duckdb,1.5.2,tpcds,10,local-dev,maintenance,bench_6e260267,df_ss_round2,0,2026-07-09T13:48:53.518281+00:00,2026-07-09T13:48:55.617140+00:00,,,,10,,,,
6a9b4e63860640b69165b7cb5c66a83e,duckdb,1.5.2,tpcds,10,local-dev,maintenance,bench_6e260267,df_cs_round2,0,2026-07-09T13:48:55.618174+00:00,2026-07-09T13:48:55.924750+00:00,,,,10,,,,
6a9b4e63860640b69165b7cb5c66a83e,duckdb,1.5.2,tpcds,10,local-dev,maintenance,bench_6e260267,df_ws_round2,0,2026-07-09T13:48:55.925291+00:00,2026-07-09T13:48:56.638515+00:00,,,,10,,,,
6a9b4e63860640b69165b7cb5c66a83e,duckdb,1.5.2,tpcds,10,local-dev,maintenance,bench_6e260267,lf_ss_round3,0,2026-07-09T13:48:56.829591+00:00,2026-07-09T13:48:57.138375+00:00,,,,10,,,,
6a9b4e63860640b69165b7cb5c66a83e,duckdb,1.5.2,tpcds,10,local-dev,maintenance,bench_6e260267,lf_sr_round3,0,2026-07-09T13:48:57.138684+00:00,2026-07-09T13:48:57.350065+00:00,,,,10,,,,
6a9b4e63860640b69165b7cb5c66a83e,duckdb,1.5.2,tpcds,10,local-dev,maintenance,bench_6e260267,lf_cs_round3,0,2026-07-09T13:48:57.350511+00:00,2026-07-09T13:48:57.760458+00:00,,,,10,,,,
6a9b4e63860640b69165b7cb5c66a83e,duckdb,1.5.2,tpcds,10,local-dev,maintenance,bench_6e260267,lf_cr_round3,0,2026-07-09T13:48:57.760873+00:00,2026-07-09T13:48:58.020221+00:00,,,,10,,,,
6a9b4e63860640b69165b7cb5c66a83e,duckdb,1.5.2,tpcds,10,local-dev,maintenance,bench_6e260267,lf_ws_round3,0,2026-07-09T13:48:58.020579+00:00,2026-07-09T13:48:58.365586+00:00,,,,10,,,,
6a9b4e63860640b69165b7cb5c66a83e,duckdb,1.5.2,tpcds,10,local-dev,maintenance,bench_6e260267,lf_wr_round3,0,2026-07-09T13:48:58.365893+00:00,2026-07-09T13:48:58.554503+00:00,,,,10,,,,
6a9b4e63860640b69165b7cb5c66a83e,duckdb,1.5.2,tpcds,10,local-dev,maintenance,bench_6e260267,df_ss_round3,0,2026-07-09T13:48:58.554755+00:00,2026-07-09T13:49:02.617962+00:00,,,,10,,,,
6a9b4e63860640b69165b7cb5c66a83e,duckdb,1.5.2,tpcds,10,local-dev,maintenance,bench_6e260267,df_cs_round3,0,2026-07-09T13:49:02.618481+00:00,2026-07-09T13:49:03.080044+00:00,,,,10,,,,
6a9b4e63860640b69165b7cb5c66a83e,duckdb,1.5.2,tpcds,10,local-dev,maintenance,bench_6e260267,df_ws_round3,0,2026-07-09T13:49:03.080382+00:00,2026-07-09T13:49:04.222026+00:00,,,,10,,,,
6a9b4e63860640b69165b7cb5c66a83e,duckdb,1.5.2,tpcds,10,local-dev,maintenance,bench_6e260267,lf_ss_round4,0,2026-07-09T13:49:04.460691+00:00,2026-07-09T13:49:04.789394+00:00,,,,10,,,,
6a9b4e63860640b69165b7cb5c66a83e,duckdb,1.5.2,tpcds,10,local-dev,maintenance,bench_6e260267,lf_sr_round4,0,2026-07-09T13:49:04.789668+00:00,2026-07-09T13:49:04.964314+00:00,,,,10,,,,
6a9b4e63860640b69165b7cb5c66a83e,duckdb,1.5.2,tpcds,10,local-dev,maintenance,bench_6e260267,lf_cs_round4,0,2026-07-09T13:49:04.964635+00:00,2026-07-09T13:49:05.327416+00:00,,,,10,,,,
6a9b4e63860640b69165b7cb5c66a83e,duckdb,1.5.2,tpcds,10,local-dev,maintenance,bench_6e260267,lf_cr_round4,0,2026-07-09T13:49:05.327735+00:00,2026-07-09T13:49:05.665681+00:00,,,,10,,,,
6a9b4e63860640b69165b7cb5c66a83e,duckdb,1.5.2,tpcds,10,local-dev,maintenance,bench_6e260267,lf_ws_round4,0,2026-07-09T13:49:05.666370+00:00,2026-07-09T13:49:06.179143+00:00,,,,10,,,,
6a9b4e63860640b69165b7cb5c66a83e,duckdb,1.5.2,tpcds,10,local-dev,maintenance,bench_6e260267,lf_wr_round4,0,2026-07-09T13:49:06.179440+00:00,2026-07-09T13:49:06.438084+00:00,,,,10,,,,
6a9b4e63860640b69165b7cb5c66a83e,duckdb,1.5.2,tpcds,10,local-dev,maintenance,bench_6e260267,df_ss_round4,0,2026-07-09T13:49:06.438412+00:00,2026-07-09T13:49:10.398810+00:00,,,,10,,,,
6a9b4e63860640b69165b7cb5c66a83e,duckdb,1.5.2,tpcds,10,local-dev,maintenance,bench_6e260267,df_cs_round4,0,2026-07-09T13:49:10.399262+00:00,2026-07-09T13:49:10.837313+00:00,,,,10,,,,
6a9b4e63860640b69165b7cb5c66a83e,duckdb,1.5.2,tpcds,10,local-dev,maintenance,bench_6e260267,df_ws_round4,0,2026-07-09T13:49:10.837784+00:00,2026-07-09T13:49:11.971813+00:00,,,,10,,,,
6a9b4e63860640b69165b7cb5c66a83e,duckdb,1.5.2,tpcds,10,local-dev,maintenance,bench_6e260267,lf_ss_round5,0,2026-07-09T13:49:12.180876+00:00,2026-07-09T13:49:12.468762+00:00,,,,10,,,,
6a9b4e63860640b69165b7cb5c66a83e,duckdb,1.5.2,tpcds,10,local-dev,maintenance,bench_6e260267,lf_sr_round5,0,2026-07-09T13:49:12.469023+00:00,2026-07-09T13:49:12.618465+00:00,,,,10,,,,
6a9b4e63860640b69165b7cb5c66a83e,duckdb,1.5.2,tpcds,10,local-dev,maintenance,bench_6e260267,lf_cs_round5,0,2026-07-09T13:49:12.618818+00:00,2026-07-09T13:49:12.901281+00:00,,,,10,,,,
6a9b4e63860640b69165b7cb5c66a83e,duckdb,1.5.2,tpcds,10,local-dev,maintenance,bench_6e260267,lf_cr_round5,0,2026-07-09T13:49:12.901649+00:00,2026-07-09T13:49:13.139338+00:00,,,,10,,,,
6a9b4e63860640b69165b7cb5c66a83e,duckdb,1.5.2,tpcds,10,local-dev,maintenance,bench_6e260267,lf_ws_round5,0,2026-07-09T13:49:13.139677+00:00,2026-07-09T13:49:13.390820+00:00,,,,10,,,,
6a9b4e63860640b69165b7cb5c66a83e,duckdb,1.5.2,tpcds,10,local-dev,maintenance,bench_6e260267,lf_wr_round5,0,2026-07-09T13:49:13.391129+00:00,2026-07-09T13:49:13.565993+00:00,,,,10,,,,
6a9b4e63860640b69165b7cb5c66a83e,duckdb,1.5.2,tpcds,10,local-dev,maintenance,bench_6e260267,df_ss_round5,0,2026-07-09T13:49:13.566313+00:00,2026-07-09T13:49:18.081609+00:00,,,,10,,,,
6a9b4e63860640b69165b7cb5c66a83e,duckdb,1.5.2,tpcds,10,local-dev,maintenance,bench_6e260267,df_cs_round5,0,2026-07-09T13:49:18.081919+00:00,2026-07-09T13:49:18.451625+00:00,,,,10,,,,
6a9b4e63860640b69165b7cb5c66a83e,duckdb,1.5.2,tpcds,10,local-dev,maintenance,bench_6e260267,df_ws_round5,0,2026-07-09T13:49:18.451937+00:00,2026-07-09T13:49:20.282996+00:00,,,,10,,,,
6a9b4e63860640b69165b7cb5c66a83e,duckdb,1.5.2,tpcds,10,local-dev,maintenance,bench_6e260267,lf_ss_round6,0,2026-07-09T13:49:20.491351+00:00,2026-07-09T13:49:20.738150+00:00,,,,10,,,,
6a9b4e63860640b69165b7cb5c66a83e,duckdb,1.5.2,tpcds,10,local-dev,maintenance,bench_6e260267,lf_sr_round6,0,2026-07-09T13:49:20.738450+00:00,2026-07-09T13:49:20.860589+00:00,,,,10,,,,
6a9b4e63860640b69165b7cb5c66a83e,duckdb,1.5.2,tpcds,10,local-dev,maintenance,bench_6e260267,lf_cs_round6,0,2026-07-09T13:49:20.860913+00:00,2026-07-09T13:49:21.088323+00:00,,,,10,,,,
6a9b4e63860640b69165b7cb5c66a83e,duckdb,1.5.2,tpcds,10,local-dev,maintenance,bench_6e260267,lf_cr_round6,0,2026-07-09T13:49:21.088635+00:00,2026-07-09T13:49:21.233641+00:00,,,,10,,,,
6a9b4e63860640b69165b7cb5c66a83e,duckdb,1.5.2,tpcds,10,local-dev,maintenance,bench_6e260267,lf_ws_round6,0,2026-07-09T13:49:21.233951+00:00,2026-07-09T13:49:21.430301+00:00,,,,10,,,,
6a9b4e63860640b69165b7cb5c66a83e,duckdb,1.5.2,tpcds,10,local-dev,maintenance,bench_6e260267,lf_wr_round6,0,2026-07-09T13:49:21.430793+00:00,2026-07-09T13:49:21.656698+00:00,,,,10,,,,
6a9b4e63860640b69165b7cb5c66a83e,duckdb,1.5.2,tpcds,10,local-dev,maintenance,bench_6e260267,df_ss_round6,0,2026-07-09T13:49:21.658957+00:00,2026-07-09T13:49:28.248651+00:00,,,,10,,,,
6a9b4e63860640b69165b7cb5c66a83e,duckdb,1.5.2,tpcds,10,local-dev,maintenance,bench_6e260267,df_cs_round6,0,2026-07-09T13:49:28.248997+00:00,2026-07-09T13:49:28.624494+00:00,,,,10,,,,
6a9b4e63860640b69165b7cb5c66a83e,duckdb,1.5.2,tpcds,10,local-dev,maintenance,bench_6e260267,df_ws_round6,0,2026-07-09T13:49:28.624812+00:00,2026-07-09T13:49:30.514063+00:00,,,,10,,,,
6a9b4e63860640b69165b7cb5c66a83e,duckdb,1.5.2,tpcds,10,local-dev,maintenance,bench_6e260267,lf_ss_round7,0,2026-07-09T13:49:30.713277+00:00,2026-07-09T13:49:30.939108+00:00,,,,10,,,,
6a9b4e63860640b69165b7cb5c66a83e,duckdb,1.5.2,tpcds,10,local-dev,maintenance,bench_6e260267,lf_sr_round7,0,2026-07-09T13:49:30.939527+00:00,2026-07-09T13:49:31.058386+00:00,,,,10,,,,
6a9b4e63860640b69165b7cb5c66a83e,duckdb,1.5.2,tpcds,10,local-dev,maintenance,bench_6e260267,lf_cs_round7,0,2026-07-09T13:49:31.058646+00:00,2026-07-09T13:49:31.384779+00:00,,,,10,,,,
6a9b4e63860640b69165b7cb5c66a83e,duckdb,1.5.2,tpcds,10,local-dev,maintenance,bench_6e260267,lf_cr_round7,0,2026-07-09T13:49:31.385088+00:00,2026-07-09T13:49:31.535879+00:00,,,,10,,,,
6a9b4e63860640b69165b7cb5c66a83e,duckdb,1.5.2,tpcds,10,local-dev,maintenance,bench_6e260267,lf_ws_round7,0,2026-07-09T13:49:31.536198+00:00,2026-07-09T13:49:31.740767+00:00,,,,10,,,,
6a9b4e63860640b69165b7cb5c66a83e,duckdb,1.5.2,tpcds,10,local-dev,maintenance,bench_6e260267,lf_wr_round7,0,2026-07-09T13:49:31.741084+00:00,2026-07-09T13:49:31.877547+00:00,,,,10,,,,
6a9b4e63860640b69165b7cb5c66a83e,duckdb,1.5.2,tpcds,10,local-dev,maintenance,bench_6e260267,df_ss_round7,0,2026-07-09T13:49:31.877847+00:00,2026-07-09T13:49:38.398702+00:00,,,,10,,,,
6a9b4e63860640b69165b7cb5c66a83e,duckdb,1.5.2,tpcds,10,local-dev,maintenance,bench_6e260267,df_cs_round7,0,2026-07-09T13:49:38.398986+00:00,2026-07-09T13:49:38.763429+00:00,,,,10,,,,
6a9b4e63860640b69165b7cb5c66a83e,duckdb,1.5.2,tpcds,10,local-dev,maintenance,bench_6e260267,df_ws_round7,0,2026-07-09T13:49:38.765767+00:00,2026-07-09T13:49:41.345981+00:00,,,,10,,,,
6a9b4e63860640b69165b7cb5c66a83e,duckdb,1.5.2,tpcds,10,local-dev,maintenance,bench_6e260267,lf_ss_round8,0,2026-07-09T13:49:41.535258+00:00,2026-07-09T13:49:41.796951+00:00,,,,10,,,,
6a9b4e63860640b69165b7cb5c66a83e,duckdb,1.5.2,tpcds,10,local-dev,maintenance,bench_6e260267,lf_sr_round8,0,2026-07-09T13:49:41.797337+00:00,2026-07-09T13:49:41.924340+00:00,,,,10,,,,
6a9b4e63860640b69165b7cb5c66a83e,duckdb,1.5.2,tpcds,10,local-dev,maintenance,bench_6e260267,lf_cs_round8,0,2026-07-09T13:49:41.924646+00:00,2026-07-09T13:49:42.173736+00:00,,,,10,,,,
6a9b4e63860640b69165b7cb5c66a83e,duckdb,1.5.2,tpcds,10,local-dev,maintenance,bench_6e260267,lf_cr_round8,0,2026-07-09T13:49:42.174059+00:00,2026-07-09T13:49:42.432328+00:00,,,,10,,,,
6a9b4e63860640b69165b7cb5c66a83e,duckdb,1.5.2,tpcds,10,local-dev,maintenance,bench_6e260267,lf_ws_round8,0,2026-07-09T13:49:42.432711+00:00,2026-07-09T13:49:42.634720+00:00,,,,10,,,,
6a9b4e63860640b69165b7cb5c66a83e,duckdb,1.5.2,tpcds,10,local-dev,maintenance,bench_6e260267,lf_wr_round8,0,2026-07-09T13:49:42.635075+00:00,2026-07-09T13:49:42.795491+00:00,,,,10,,,,
6a9b4e63860640b69165b7cb5c66a83e,duckdb,1.5.2,tpcds,10,local-dev,maintenance,bench_6e260267,df_ss_round8,0,2026-07-09T13:49:42.795812+00:00,2026-07-09T13:49:53.111362+00:00,,,,10,,,,
6a9b4e63860640b69165b7cb5c66a83e,duckdb,1.5.2,tpcds,10,local-dev,maintenance,bench_6e260267,df_cs_round8,0,2026-07-09T13:49:53.111953+00:00,2026-07-09T13:49:53.960457+00:00,,,,10,,,,
6a9b4e63860640b69165b7cb5c66a83e,duckdb,1.5.2,tpcds,10,local-dev,maintenance,bench_6e260267,df_ws_round8,0,2026-07-09T13:49:53.961009+00:00,2026-07-09T13:49:56.208011+00:00,,,,10,,,,
6a9b4e63860640b69165b7cb5c66a83e,duckdb,1.5.2,tpcds,10,local-dev,maintenance,bench_6e260267,lf_ss_round9,0,2026-07-09T13:49:56.389841+00:00,2026-07-09T13:49:56.628078+00:00,,,,10,,,,
6a9b4e63860640b69165b7cb5c66a83e,duckdb,1.5.2,tpcds,10,local-dev,maintenance,bench_6e260267,lf_sr_round9,0,2026-07-09T13:49:56.628396+00:00,2026-07-09T13:49:56.763357+00:00,,,,10,,,,
6a9b4e63860640b69165b7cb5c66a83e,duckdb,1.5.2,tpcds,10,local-dev,maintenance,bench_6e260267,lf_cs_round9,0,2026-07-09T13:49:56.763683+00:00,2026-07-09T13:49:57.158544+00:00,,,,10,,,,
6a9b4e63860640b69165b7cb5c66a83e,duckdb,1.5.2,tpcds,10,local-dev,maintenance,bench_6e260267,lf_cr_round9,0,2026-07-09T13:49:57.158855+00:00,2026-07-09T13:49:57.314892+00:00,,,,10,,,,
6a9b4e63860640b69165b7cb5c66a83e,duckdb,1.5.2,tpcds,10,local-dev,maintenance,bench_6e260267,lf_ws_round9,0,2026-07-09T13:49:57.315217+00:00,2026-07-09T13:49:57.520058+00:00,,,,10,,,,
6a9b4e63860640b69165b7cb5c66a83e,duckdb,1.5.2,tpcds,10,local-dev,maintenance,bench_6e260267,lf_wr_round9,0,2026-07-09T13:49:57.520440+00:00,2026-07-09T13:49:57.672629+00:00,,,,10,,,,
6a9b4e63860640b69165b7cb5c66a83e,duckdb,1.5.2,tpcds,10,local-dev,maintenance,bench_6e260267,df_ss_round9,0,2026-07-09T13:49:57.672979+00:00,2026-07-09T13:50:10.461865+00:00,,,,10,,,,
6a9b4e63860640b69165b7cb5c66a83e,duckdb,1.5.2,tpcds,10,local-dev,maintenance,bench_6e260267,df_cs_round9,0,2026-07-09T13:50:10.462387+00:00,2026-07-09T13:50:11.514842+00:00,,,,10,,,,
6a9b4e63860640b69165b7cb5c66a83e,duckdb,1.5.2,tpcds,10,local-dev,maintenance,bench_6e260267,df_ws_round9,0,2026-07-09T13:50:11.515294+00:00,2026-07-09T13:50:15.405415+00:00,,,,10,,,,
6a9b4e63860640b69165b7cb5c66a83e,duckdb,1.5.2,tpcds,10,local-dev,maintenance,bench_6e260267,lf_ss_round10,0,2026-07-09T13:50:15.586486+00:00,2026-07-09T13:50:15.852720+00:00,,,,10,,,,
6a9b4e63860640b69165b7cb5c66a83e,duckdb,1.5.2,tpcds,10,local-dev,maintenance,bench_6e260267,lf_sr_round10,0,2026-07-09T13:50:15.853053+00:00,2026-07-09T13:50:16.136473+00:00,,,,10,,,,
6a9b4e63860640b69165b7cb5c66a83e,duckdb,1.5.2,tpcds,10,local-dev,maintenance,bench_6e260267,lf_cs_round10,0,2026-07-09T13:50:16.137149+00:00,2026-07-09T13:50:16.464777+00:00,,,,10,,,,
6a9b4e63860640b69165b7cb5c66a83e,duckdb,1.5.2,tpcds,10,local-dev,maintenance,bench_6e260267,lf_cr_round10,0,2026-07-09T13:50:16.465221+00:00,2026-07-09T13:50:16.757303+00:00,,,,10,,,,
6a9b4e63860640b69165b7cb5c66a83e,duckdb,1.5.2,tpcds,10,local-dev,maintenance,bench_6e260267,lf_ws_round10,0,2026-07-09T13:50:16.757675+00:00,2026-07-09T13:50:17.029748+00:00,,,,10,,,,
6a9b4e63860640b69165b7cb5c66a83e,duckdb,1.5.2,tpcds,10,local-dev,maintenance,bench_6e260267,lf_wr_round10,0,2026-07-09T13:50:17.030102+00:00,2026-07-09T13:50:17.393117+00:00,,,,10,,,,
6a9b4e63860640b69165b7cb5c66a83e,duckdb,1.5.2,tpcds,10,local-dev,maintenance,bench_6e260267,df_ss_round10,0,2026-07-09T13:50:17.393531+00:00,2026-07-09T13:50:30.614661+00:00,,,,10,,,,
6a9b4e63860640b69165b7cb5c66a83e,duckdb,1.5.2,tpcds,10,local-dev,maintenance,bench_6e260267,df_cs_round10,0,2026-07-09T13:50:30.615297+00:00,2026-07-09T13:50:31.209508+00:00,,,,10,,,,
6a9b4e63860640b69165b7cb5c66a83e,duckdb,1.5.2,tpcds,10,local-dev,maintenance,bench_6e260267,df_ws_round10,0,2026-07-09T13:50:31.209830+00:00,2026-07-09T13:50:34.865051+00:00,,,,10,,,,
8d3ac996af1d4fe68121ce46e76117ef,duckdb,1.5.2,tpcds,10,local-dev,maintenance,bench_998e0179,lf_ss_round1,0,2026-07-09T13:58:33.850977+00:00,2026-07-09T13:58:34.127888+00:00,,,,10,,,,
8d3ac996af1d4fe68121ce46e76117ef,duckdb,1.5.2,tpcds,10,local-dev,maintenance,bench_998e0179,lf_sr_round1,0,2026-07-09T13:58:34.128306+00:00,2026-07-09T13:58:34.420821+00:00,,,,10,,,,
8d3ac996af1d4fe68121ce46e76117ef,duckdb,1.5.2,tpcds,10,local-dev,maintenance,bench_998e0179,lf_cs_round1,0,2026-07-09T13:58:34.421524+00:00,2026-07-09T13:58:34.826853+00:00,,,,10,,,,
8d3ac996af1d4fe68121ce46e76117ef,duckdb,1.5.2,tpcds,10,local-dev,maintenance,bench_998e0179,lf_cr_round1,0,2026-07-09T13:58:34.827154+00:00,2026-07-09T13:58:35.047087+00:00,,,,10,,,,
8d3ac996af1d4fe68121ce46e76117ef,duckdb,1.5.2,tpcds,10,local-dev,maintenance,bench_998e0179,lf_ws_round1,0,2026-07-09T13:58:35.047427+00:00,2026-07-09T13:58:35.339663+00:00,,,,10,,,,
8d3ac996af1d4fe68121ce46e76117ef,duckdb,1.5.2,tpcds,10,local-dev,maintenance,bench_998e0179,lf_wr_round1,0,2026-07-09T13:58:35.340091+00:00,2026-07-09T13:58:35.529696+00:00,,,,10,,,,
8d3ac996af1d4fe68121ce46e76117ef,duckdb,1.5.2,tpcds,10,local-dev,maintenance,bench_998e0179,df_ss_round1,0,2026-07-09T13:58:35.530113+00:00,2026-07-09T13:58:38.155125+00:00,,,,10,,,,
8d3ac996af1d4fe68121ce46e76117ef,duckdb,1.5.2,tpcds,10,local-dev,maintenance,bench_998e0179,df_cs_round1,0,2026-07-09T13:58:38.155465+00:00,2026-07-09T13:58:38.357837+00:00,,,,10,,,,
8d3ac996af1d4fe68121ce46e76117ef,duckdb,1.5.2,tpcds,10,local-dev,maintenance,bench_998e0179,df_ws_round1,0,2026-07-09T13:58:38.358184+00:00,2026-07-09T13:58:39.095389+00:00,,,,10,,,,
8d3ac996af1d4fe68121ce46e76117ef,duckdb,1.5.2,tpcds,10,local-dev,maintenance,bench_998e0179,lf_ss_round2,0,2026-07-09T13:58:39.289146+00:00,2026-07-09T13:58:39.563494+00:00,,,,10,,,,
8d3ac996af1d4fe68121ce46e76117ef,duckdb,1.5.2,tpcds,10,local-dev,maintenance,bench_998e0179,lf_sr_round2,0,2026-07-09T13:58:39.563721+00:00,2026-07-09T13:58:39.709771+00:00,,,,10,,,,
8d3ac996af1d4fe68121ce46e76117ef,duckdb,1.5.2,tpcds,10,local-dev,maintenance,bench_998e0179,lf_cs_round2,0,2026-07-09T13:58:39.710091+00:00,2026-07-09T13:58:39.990077+00:00,,,,10,,,,
8d3ac996af1d4fe68121ce46e76117ef,duckdb,1.5.2,tpcds,10,local-dev,maintenance,bench_998e0179,lf_cr_round2,0,2026-07-09T13:58:39.990456+00:00,2026-07-09T13:58:40.238230+00:00,,,,10,,,,
8d3ac996af1d4fe68121ce46e76117ef,duckdb,1.5.2,tpcds,10,local-dev,maintenance,bench_998e0179,lf_ws_round2,0,2026-07-09T13:58:40.238552+00:00,2026-07-09T13:58:40.475790+00:00,,,,10,,,,
8d3ac996af1d4fe68121ce46e76117ef,duckdb,1.5.2,tpcds,10,local-dev,maintenance,bench_998e0179,lf_wr_round2,0,2026-07-09T13:58:40.476106+00:00,2026-07-09T13:58:40.698399+00:00,,,,10,,,,
8d3ac996af1d4fe68121ce46e76117ef,duckdb,1.5.2,tpcds,10,local-dev,maintenance,bench_998e0179,df_ss_round2,0,2026-07-09T13:58:40.698703+00:00,2026-07-09T13:58:42.994588+00:00,,,,10,,,,
8d3ac996af1d4fe68121ce46e76117ef,duckdb,1.5.2,tpcds,10,local-dev,maintenance,bench_998e0179,df_cs_round2,0,2026-07-09T13:58:42.994896+00:00,2026-07-09T13:58:43.198047+00:00,,,,10,,,,
8d3ac996af1d4fe68121ce46e76117ef,duckdb,1.5.2,tpcds,10,local-dev,maintenance,bench_998e0179,df_ws_round2,0,2026-07-09T13:58:43.198344+00:00,2026-07-09T13:58:43.783090+00:00,,,,10,,,,
8d3ac996af1d4fe68121ce46e76117ef,duckdb,1.5.2,tpcds,10,local-dev,maintenance,bench_998e0179,lf_ss_round3,0,2026-07-09T13:58:43.973764+00:00,2026-07-09T13:58:44.268234+00:00,,,,10,,,,
8d3ac996af1d4fe68121ce46e76117ef,duckdb,1.5.2,tpcds,10,local-dev,maintenance,bench_998e0179,lf_sr_round3,0,2026-07-09T13:58:44.268370+00:00,2026-07-09T13:58:44.428999+00:00,,,,10,,,,
8d3ac996af1d4fe68121ce46e76117ef,duckdb,1.5.2,tpcds,10,local-dev,maintenance,bench_998e0179,lf_cs_round3,0,2026-07-09T13:58:44.429145+00:00,2026-07-09T13:58:44.765983+00:00,,,,10,,,,
8d3ac996af1d4fe68121ce46e76117ef,duckdb,1.5.2,tpcds,10,local-dev,maintenance,bench_998e0179,lf_cr_round3,0,2026-07-09T13:58:44.766355+00:00,2026-07-09T13:58:44.939579+00:00,,,,10,,,,
8d3ac996af1d4fe68121ce46e76117ef,duckdb,1.5.2,tpcds,10,local-dev,maintenance,bench_998e0179,lf_ws_round3,0,2026-07-09T13:58:44.939710+00:00,2026-07-09T13:58:45.180518+00:00,,,,10,,,,
8d3ac996af1d4fe68121ce46e76117ef,duckdb,1.5.2,tpcds,10,local-dev,maintenance,bench_998e0179,lf_wr_round3,0,2026-07-09T13:58:45.181120+00:00,2026-07-09T13:58:45.405376+00:00,,,,10,,,,
8d3ac996af1d4fe68121ce46e76117ef,duckdb,1.5.2,tpcds,10,local-dev,maintenance,bench_998e0179,df_ss_round3,0,2026-07-09T13:58:45.405521+00:00,2026-07-09T13:58:48.707311+00:00,,,,10,,,,
8d3ac996af1d4fe68121ce46e76117ef,duckdb,1.5.2,tpcds,10,local-dev,maintenance,bench_998e0179,df_cs_round3,0,2026-07-09T13:58:48.707630+00:00,2026-07-09T13:58:48.997230+00:00,,,,10,,,,
8d3ac996af1d4fe68121ce46e76117ef,duckdb,1.5.2,tpcds,10,local-dev,maintenance,bench_998e0179,df_ws_round3,0,2026-07-09T13:58:48.997540+00:00,2026-07-09T13:58:49.890223+00:00,,,,10,,,,
8d3ac996af1d4fe68121ce46e76117ef,duckdb,1.5.2,tpcds,10,local-dev,maintenance,bench_998e0179,lf_ss_round4,0,2026-07-09T13:58:50.103440+00:00,2026-07-09T13:58:50.373319+00:00,,,,10,,,,
8d3ac996af1d4fe68121ce46e76117ef,duckdb,1.5.2,tpcds,10,local-dev,maintenance,bench_998e0179,lf_sr_round4,0,2026-07-09T13:58:50.373450+00:00,2026-07-09T13:58:50.511275+00:00,,,,10,,,,
8d3ac996af1d4fe68121ce46e76117ef,duckdb,1.5.2,tpcds,10,local-dev,maintenance,bench_998e0179,lf_cs_round4,0,2026-07-09T13:58:50.511417+00:00,2026-07-09T13:58:50.758835+00:00,,,,10,,,,
8d3ac996af1d4fe68121ce46e76117ef,duckdb,1.5.2,tpcds,10,local-dev,maintenance,bench_998e0179,lf_cr_round4,0,2026-07-09T13:58:50.759124+00:00,2026-07-09T13:58:50.916298+00:00,,,,10,,,,
8d3ac996af1d4fe68121ce46e76117ef,duckdb,1.5.2,tpcds,10,local-dev,maintenance,bench_998e0179,lf_ws_round4,0,2026-07-09T13:58:50.916444+00:00,2026-07-09T13:58:51.147140+00:00,,,,10,,,,
8d3ac996af1d4fe68121ce46e76117ef,duckdb,1.5.2,tpcds,10,local-dev,maintenance,bench_998e0179,lf_wr_round4,0,2026-07-09T13:58:51.147464+00:00,2026-07-09T13:58:51.350231+00:00,,,,10,,,,
8d3ac996af1d4fe68121ce46e76117ef,duckdb,1.5.2,tpcds,10,local-dev,maintenance,bench_998e0179,df_ss_round4,0,2026-07-09T13:58:51.350383+00:00,2026-07-09T13:58:54.740606+00:00,,,,10,,,,
8d3ac996af1d4fe68121ce46e76117ef,duckdb,1.5.2,tpcds,10,local-dev,maintenance,bench_998e0179,df_cs_round4,0,2026-07-09T13:58:54.740779+00:00,2026-07-09T13:58:55.116293+00:00,,,,10,,,,
8d3ac996af1d4fe68121ce46e76117ef,duckdb,1.5.2,tpcds,10,local-dev,maintenance,bench_998e0179,df_ws_round4,0,2026-07-09T13:58:55.116618+00:00,2026-07-09T13:58:56.059656+00:00,,,,10,,,,
8d3ac996af1d4fe68121ce46e76117ef,duckdb,1.5.2,tpcds,10,local-dev,maintenance,bench_998e0179,lf_ss_round5,0,2026-07-09T13:58:56.226190+00:00,2026-07-09T13:58:56.492794+00:00,,,,10,,,,
8d3ac996af1d4fe68121ce46e76117ef,duckdb,1.5.2,tpcds,10,local-dev,maintenance,bench_998e0179,lf_sr_round5,0,2026-07-09T13:58:56.493101+00:00,2026-07-09T13:58:56.686592+00:00,,,,10,,,,
8d3ac996af1d4fe68121ce46e76117ef,duckdb,1.5.2,tpcds,10,local-dev,maintenance,bench_998e0179,lf_cs_round5,0,2026-07-09T13:58:56.686743+00:00,2026-07-09T13:58:56.966177+00:00,,,,10,,,,
8d3ac996af1d4fe68121ce46e76117ef,duckdb,1.5.2,tpcds,10,local-dev,maintenance,bench_998e0179,lf_cr_round5,0,2026-07-09T13:58:56.966529+00:00,2026-07-09T13:58:57.153240+00:00,,,,10,,,,
8d3ac996af1d4fe68121ce46e76117ef,duckdb,1.5.2,tpcds,10,local-dev,maintenance,bench_998e0179,lf_ws_round5,0,2026-07-09T13:58:57.153383+00:00,2026-07-09T13:58:57.364497+00:00,,,,10,,,,
8d3ac996af1d4fe68121ce46e76117ef,duckdb,1.5.2,tpcds,10,local-dev,maintenance,bench_998e0179,lf_wr_round5,0,2026-07-09T13:58:57.364821+00:00,2026-07-09T13:58:57.524418+00:00,,,,10,,,,
8d3ac996af1d4fe68121ce46e76117ef,duckdb,1.5.2,tpcds,10,local-dev,maintenance,bench_998e0179,df_ss_round5,0,2026-07-09T13:58:57.524543+00:00,2026-07-09T13:59:01.330551+00:00,,,,10,,,,
8d3ac996af1d4fe68121ce46e76117ef,duckdb,1.5.2,tpcds,10,local-dev,maintenance,bench_998e0179,df_cs_round5,0,2026-07-09T13:59:01.330764+00:00,2026-07-09T13:59:01.666110+00:00,,,,10,,,,
8d3ac996af1d4fe68121ce46e76117ef,duckdb,1.5.2,tpcds,10,local-dev,maintenance,bench_998e0179,df_ws_round5,0,2026-07-09T13:59:01.666437+00:00,2026-07-09T13:59:02.718472+00:00,,,,10,,,,
8d3ac996af1d4fe68121ce46e76117ef,duckdb,1.5.2,tpcds,10,local-dev,maintenance,bench_998e0179,lf_ss_round6,0,2026-07-09T13:59:02.876143+00:00,2026-07-09T13:59:03.090451+00:00,,,,10,,,,
8d3ac996af1d4fe68121ce46e76117ef,duckdb,1.5.2,tpcds,10,local-dev,maintenance,bench_998e0179,lf_sr_round6,0,2026-07-09T13:59:03.090591+00:00,2026-07-09T13:59:03.209330+00:00,,,,10,,,,
8d3ac996af1d4fe68121ce46e76117ef,duckdb,1.5.2,tpcds,10,local-dev,maintenance,bench_998e0179,lf_cs_round6,0,2026-07-09T13:59:03.209474+00:00,2026-07-09T13:59:03.455666+00:00,,,,10,,,,
8d3ac996af1d4fe68121ce46e76117ef,duckdb,1.5.2,tpcds,10,local-dev,maintenance,bench_998e0179,lf_cr_round6,0,2026-07-09T13:59:03.455792+00:00,2026-07-09T13:59:03.594038+00:00,,,,10,,,,
8d3ac996af1d4fe68121ce46e76117ef,duckdb,1.5.2,tpcds,10,local-dev,maintenance,bench_998e0179,lf_ws_round6,0,2026-07-09T13:59:03.594169+00:00,2026-07-09T13:59:03.776343+00:00,,,,10,,,,
8d3ac996af1d4fe68121ce46e76117ef,duckdb,1.5.2,tpcds,10,local-dev,maintenance,bench_998e0179,lf_wr_round6,0,2026-07-09T13:59:03.776474+00:00,2026-07-09T13:59:03.917889+00:00,,,,10,,,,
8d3ac996af1d4fe68121ce46e76117ef,duckdb,1.5.2,tpcds,10,local-dev,maintenance,bench_998e0179,df_ss_round6,0,2026-07-09T13:59:03.918006+00:00,2026-07-09T13:59:10.589201+00:00,,,,10,,,,
8d3ac996af1d4fe68121ce46e76117ef,duckdb,1.5.2,tpcds,10,local-dev,maintenance,bench_998e0179,df_cs_round6,0,2026-07-09T13:59:10.589719+00:00,2026-07-09T13:59:11.004666+00:00,,,,10,,,,
8d3ac996af1d4fe68121ce46e76117ef,duckdb,1.5.2,tpcds,10,local-dev,maintenance,bench_998e0179,df_ws_round6,0,2026-07-09T13:59:11.004979+00:00,2026-07-09T13:59:12.370464+00:00,,,,10,,,,
8d3ac996af1d4fe68121ce46e76117ef,duckdb,1.5.2,tpcds,10,local-dev,maintenance,bench_998e0179,lf_ss_round7,0,2026-07-09T13:59:12.537374+00:00,2026-07-09T13:59:12.765115+00:00,,,,10,,,,
8d3ac996af1d4fe68121ce46e76117ef,duckdb,1.5.2,tpcds,10,local-dev,maintenance,bench_998e0179,lf_sr_round7,0,2026-07-09T13:59:12.765595+00:00,2026-07-09T13:59:12.904250+00:00,,,,10,,,,
8d3ac996af1d4fe68121ce46e76117ef,duckdb,1.5.2,tpcds,10,local-dev,maintenance,bench_998e0179,lf_cs_round7,0,2026-07-09T13:59:12.904667+00:00,2026-07-09T13:59:13.254159+00:00,,,,10,,,,
8d3ac996af1d4fe68121ce46e76117ef,duckdb,1.5.2,tpcds,10,local-dev,maintenance,bench_998e0179,lf_cr_round7,0,2026-07-09T13:59:13.254286+00:00,2026-07-09T13:59:13.402463+00:00,,,,10,,,,
8d3ac996af1d4fe68121ce46e76117ef,duckdb,1.5.2,tpcds,10,local-dev,maintenance,bench_998e0179,lf_ws_round7,0,2026-07-09T13:59:13.402774+00:00,2026-07-09T13:59:13.592189+00:00,,,,10,,,,
8d3ac996af1d4fe68121ce46e76117ef,duckdb,1.5.2,tpcds,10,local-dev,maintenance,bench_998e0179,lf_wr_round7,0,2026-07-09T13:59:13.592553+00:00,2026-07-09T13:59:13.724189+00:00,,,,10,,,,
8d3ac996af1d4fe68121ce46e76117ef,duckdb,1.5.2,tpcds,10,local-dev,maintenance,bench_998e0179,df_ss_round7,0,2026-07-09T13:59:13.724492+00:00,2026-07-09T13:59:22.724299+00:00,,,,10,,,,
8d3ac996af1d4fe68121ce46e76117ef,duckdb,1.5.2,tpcds,10,local-dev,maintenance,bench_998e0179,df_cs_round7,0,2026-07-09T13:59:22.724837+00:00,2026-07-09T13:59:23.434347+00:00,,,,10,,,,
8d3ac996af1d4fe68121ce46e76117ef,duckdb,1.5.2,tpcds,10,local-dev,maintenance,bench_998e0179,df_ws_round7,0,2026-07-09T13:59:23.434949+00:00,2026-07-09T13:59:25.709880+00:00,,,,10,,,,
8d3ac996af1d4fe68121ce46e76117ef,duckdb,1.5.2,tpcds,10,local-dev,maintenance,bench_998e0179,lf_ss_round8,0,2026-07-09T13:59:25.918127+00:00,2026-07-09T13:59:26.170762+00:00,,,,10,,,,
8d3ac996af1d4fe68121ce46e76117ef,duckdb,1.5.2,tpcds,10,local-dev,maintenance,bench_998e0179,lf_sr_round8,0,2026-07-09T13:59:26.171092+00:00,2026-07-09T13:59:26.293951+00:00,,,,10,,,,
8d3ac996af1d4fe68121ce46e76117ef,duckdb,1.5.2,tpcds,10,local-dev,maintenance,bench_998e0179,lf_cs_round8,0,2026-07-09T13:59:26.294278+00:00,2026-07-09T13:59:26.641881+00:00,,,,10,,,,
8d3ac996af1d4fe68121ce46e76117ef,duckdb,1.5.2,tpcds,10,local-dev,maintenance,bench_998e0179,lf_cr_round8,0,2026-07-09T13:59:26.642379+00:00,2026-07-09T13:59:26.779923+00:00,,,,10,,,,
8d3ac996af1d4fe68121ce46e76117ef,duckdb,1.5.2,tpcds,10,local-dev,maintenance,bench_998e0179,lf_ws_round8,0,2026-07-09T13:59:26.780257+00:00,2026-07-09T13:59:26.973938+00:00,,,,10,,,,
8d3ac996af1d4fe68121ce46e76117ef,duckdb,1.5.2,tpcds,10,local-dev,maintenance,bench_998e0179,lf_wr_round8,0,2026-07-09T13:59:26.974237+00:00,2026-07-09T13:59:27.106516+00:00,,,,10,,,,
8d3ac996af1d4fe68121ce46e76117ef,duckdb,1.5.2,tpcds,10,local-dev,maintenance,bench_998e0179,df_ss_round8,0,2026-07-09T13:59:27.106799+00:00,2026-07-09T13:59:36.672715+00:00,,,,10,,,,
8d3ac996af1d4fe68121ce46e76117ef,duckdb,1.5.2,tpcds,10,local-dev,maintenance,bench_998e0179,df_cs_round8,0,2026-07-09T13:59:36.673108+00:00,2026-07-09T13:59:37.342943+00:00,,,,10,,,,
8d3ac996af1d4fe68121ce46e76117ef,duckdb,1.5.2,tpcds,10,local-dev,maintenance,bench_998e0179,df_ws_round8,0,2026-07-09T13:59:37.343397+00:00,2026-07-09T13:59:39.457610+00:00,,,,10,,,,
8d3ac996af1d4fe68121ce46e76117ef,duckdb,1.5.2,tpcds,10,local-dev,maintenance,bench_998e0179,lf_ss_round9,0,2026-07-09T13:59:39.626318+00:00,2026-07-09T13:59:39.849982+00:00,,,,10,,,,
8d3ac996af1d4fe68121ce46e76117ef,duckdb,1.5.2,tpcds,10,local-dev,maintenance,bench_998e0179,lf_sr_round9,0,2026-07-09T13:59:39.850305+00:00,2026-07-09T13:59:39.975089+00:00,,,,10,,,,
8d3ac996af1d4fe68121ce46e76117ef,duckdb,1.5.2,tpcds,10,local-dev,maintenance,bench_998e0179,lf_cs_round9,0,2026-07-09T13:59:39.975485+00:00,2026-07-09T13:59:40.360558+00:00,,,,10,,,,
8d3ac996af1d4fe68121ce46e76117ef,duckdb,1.5.2,tpcds,10,local-dev,maintenance,bench_998e0179,lf_cr_round9,0,2026-07-09T13:59:40.360881+00:00,2026-07-09T13:59:40.495731+00:00,,,,10,,,,
8d3ac996af1d4fe68121ce46e76117ef,duckdb,1.5.2,tpcds,10,local-dev,maintenance,bench_998e0179,lf_ws_round9,0,2026-07-09T13:59:40.496133+00:00,2026-07-09T13:59:40.675833+00:00,,,,10,,,,
8d3ac996af1d4fe68121ce46e76117ef,duckdb,1.5.2,tpcds,10,local-dev,maintenance,bench_998e0179,lf_wr_round9,0,2026-07-09T13:59:40.676139+00:00,2026-07-09T13:59:40.806934+00:00,,,,10,,,,
8d3ac996af1d4fe68121ce46e76117ef,duckdb,1.5.2,tpcds,10,local-dev,maintenance,bench_998e0179,df_ss_round9,0,2026-07-09T13:59:40.807247+00:00,2026-07-09T13:59:51.766933+00:00,,,,10,,,,
8d3ac996af1d4fe68121ce46e76117ef,duckdb,1.5.2,tpcds,10,local-dev,maintenance,bench_998e0179,df_cs_round9,0,2026-07-09T13:59:51.767513+00:00,2026-07-09T13:59:52.312423+00:00,,,,10,,,,
8d3ac996af1d4fe68121ce46e76117ef,duckdb,1.5.2,tpcds,10,local-dev,maintenance,bench_998e0179,df_ws_round9,0,2026-07-09T13:59:52.312857+00:00,2026-07-09T13:59:55.440736+00:00,,,,10,,,,
8d3ac996af1d4fe68121ce46e76117ef,duckdb,1.5.2,tpcds,10,local-dev,maintenance,bench_998e0179,lf_ss_round10,0,2026-07-09T13:59:55.638297+00:00,2026-07-09T13:59:55.944599+00:00,,,,10,,,,
8d3ac996af1d4fe68121ce46e76117ef,duckdb,1.5.2,tpcds,10,local-dev,maintenance,bench_998e0179,lf_sr_round10,0,2026-07-09T13:59:55.945059+00:00,2026-07-09T13:59:56.070720+00:00,,,,10,,,,
8d3ac996af1d4fe68121ce46e76117ef,duckdb,1.5.2,tpcds,10,local-dev,maintenance,bench_998e0179,lf_cs_round10,0,2026-07-09T13:59:56.071058+00:00,2026-07-09T13:59:56.302226+00:00,,,,10,,,,
8d3ac996af1d4fe68121ce46e76117ef,duckdb,1.5.2,tpcds,10,local-dev,maintenance,bench_998e0179,lf_cr_round10,0,2026-07-09T13:59:56.302535+00:00,2026-07-09T13:59:56.447995+00:00,,,,10,,,,
8d3ac996af1d4fe68121ce46e76117ef,duckdb,1.5.2,tpcds,10,local-dev,maintenance,bench_998e0179,lf_ws_round10,0,2026-07-09T13:59:56.448321+00:00,2026-07-09T13:59:56.645358+00:00,,,,10,,,,
8d3ac996af1d4fe68121ce46e76117ef,duckdb,1.5.2,tpcds,10,local-dev,maintenance,bench_998e0179,lf_wr_round10,0,2026-07-09T13:59:56.645783+00:00,2026-07-09T13:59:56.785280+00:00,,,,10,,,,
8d3ac996af1d4fe68121ce46e76117ef,duckdb,1.5.2,tpcds,10,local-dev,maintenance,bench_998e0179,df_ss_round10,0,2026-07-09T13:59:56.785561+00:00,2026-07-09T14:00:09.144118+00:00,,,,10,,,,
8d3ac996af1d4fe68121ce46e76117ef,duckdb,1.5.2,tpcds,10,local-dev,maintenance,bench_998e0179,df_cs_round10,0,2026-07-09T14:00:09.144769+00:00,2026-07-09T14:00:09.961272+00:00,,,,10,,,,
8d3ac996af1d4fe68121ce46e76117ef,duckdb,1.5.2,tpcds,10,local-dev,maintenance,bench_998e0179,df_ws_round10,0,2026-07-09T14:00:09.961603+00:00,2026-07-09T14:00:13.095290+00:00,,,,10,,,,
806ee2863b414f9d9af15849d3b6acec,spark,4.1.2,tpcds,10,c8gd.12xlarge,maintenance,bench_7ff8311d,lf_ss_round1,0,2026-07-09T19:41:19.673850+00:00,2026-07-09T19:41:24.572752+00:00,,,,5,,,,
806ee2863b414f9d9af15849d3b6acec,spark,4.1.2,tpcds,10,c8gd.12xlarge,maintenance,bench_7ff8311d,lf_sr_round1,0,2026-07-09T19:41:24.572903+00:00,2026-07-09T19:41:25.775523+00:00,,,,5,,,,
806ee2863b414f9d9af15849d3b6acec,spark,4.1.2,tpcds,10,c8gd.12xlarge,maintenance,bench_7ff8311d,lf_cs_round1,0,2026-07-09T19:41:25.775671+00:00,2026-07-09T19:41:27.379595+00:00,,,,5,,,,
806ee2863b414f9d9af15849d3b6acec,spark,4.1.2,tpcds,10,c8gd.12xlarge,maintenance,bench_7ff8311d,lf_cr_round1,0,2026-07-09T19:41:27.379741+00:00,2026-07-09T19:41:28.435552+00:00,,,,5,,,,
806ee2863b414f9d9af15849d3b6acec,spark,4.1.2,tpcds,10,c8gd.12xlarge,maintenance,bench_7ff8311d,lf_ws_round1,0,2026-07-09T19:41:28.435705+00:00,2026-07-09T19:41:29.586314+00:00,,,,5,,,,
806ee2863b414f9d9af15849d3b6acec,spark,4.1.2,tpcds,10,c8gd.12xlarge,maintenance,bench_7ff8311d,lf_wr_round1,0,2026-07-09T19:41:29.586461+00:00,2026-07-09T19:41:30.569751+00:00,,,,5,,,,
806ee2863b414f9d9af15849d3b6acec,spark,4.1.2,tpcds,10,c8gd.12xlarge,maintenance,bench_7ff8311d,df_ss_round1,0,2026-07-09T19:41:30.569898+00:00,2026-07-09T19:42:00.546672+00:00,,,,5,,,,
806ee2863b414f9d9af15849d3b6acec,spark,4.1.2,tpcds,10,c8gd.12xlarge,maintenance,bench_7ff8311d,df_cs_round1,0,2026-07-09T19:42:00.546820+00:00,2026-07-09T19:42:21.678213+00:00,,,,5,,,,
806ee2863b414f9d9af15849d3b6acec,spark,4.1.2,tpcds,10,c8gd.12xlarge,maintenance,bench_7ff8311d,df_ws_round1,0,2026-07-09T19:42:21.678352+00:00,2026-07-09T19:42:36.892329+00:00,,,,5,,,,
806ee2863b414f9d9af15849d3b6acec,spark,4.1.2,tpcds,10,c8gd.12xlarge,maintenance,bench_7ff8311d,lf_ss_round2,0,2026-07-09T19:42:37.403951+00:00,2026-07-09T19:42:38.359454+00:00,,,,5,,,,
806ee2863b414f9d9af15849d3b6acec,spark,4.1.2,tpcds,10,c8gd.12xlarge,maintenance,bench_7ff8311d,lf_sr_round2,0,2026-07-09T19:42:38.359601+00:00,2026-07-09T19:42:39.087889+00:00,,,,5,,,,
806ee2863b414f9d9af15849d3b6acec,spark,4.1.2,tpcds,10,c8gd.12xlarge,maintenance,bench_7ff8311d,lf_cs_round2,0,2026-07-09T19:42:39.088053+00:00,2026-07-09T19:42:40.276844+00:00,,,,5,,,,
806ee2863b414f9d9af15849d3b6acec,spark,4.1.2,tpcds,10,c8gd.12xlarge,maintenance,bench_7ff8311d,lf_cr_round2,0,2026-07-09T19:42:40.277000+00:00,2026-07-09T19:42:41.218972+00:00,,,,5,,,,
806ee2863b414f9d9af15849d3b6acec,spark,4.1.2,tpcds,10,c8gd.12xlarge,maintenance,bench_7ff8311d,lf_ws_round2,0,2026-07-09T19:42:41.219134+00:00,2026-07-09T19:42:42.220959+00:00,,,,5,,,,
806ee2863b414f9d9af15849d3b6acec,spark,4.1.2,tpcds,10,c8gd.12xlarge,maintenance,bench_7ff8311d,lf_wr_round2,0,2026-07-09T19:42:42.221123+00:00,2026-07-09T19:42:43.097703+00:00,,,,5,,,,
806ee2863b414f9d9af15849d3b6acec,spark,4.1.2,tpcds,10,c8gd.12xlarge,maintenance,bench_7ff8311d,df_ss_round2,0,2026-07-09T19:42:43.097845+00:00,2026-07-09T19:43:16.198854+00:00,,,,5,,,,
806ee2863b414f9d9af15849d3b6acec,spark,4.1.2,tpcds,10,c8gd.12xlarge,maintenance,bench_7ff8311d,df_cs_round2,0,2026-07-09T19:43:16.198998+00:00,2026-07-09T19:43:44.169792+00:00,,,,5,,,,
806ee2863b414f9d9af15849d3b6acec,spark,4.1.2,tpcds,10,c8gd.12xlarge,maintenance,bench_7ff8311d,df_ws_round2,0,2026-07-09T19:43:44.169942+00:00,2026-07-09T19:44:04.432712+00:00,,,,5,,,,
806ee2863b414f9d9af15849d3b6acec,spark,4.1.2,tpcds,10,c8gd.12xlarge,maintenance,bench_7ff8311d,lf_ss_round3,0,2026-07-09T19:44:04.914359+00:00,2026-07-09T19:44:05.798206+00:00,,,,5,,,,
806ee2863b414f9d9af15849d3b6acec,spark,4.1.2,tpcds,10,c8gd.12xlarge,maintenance,bench_7ff8311d,lf_sr_round3,0,2026-07-09T19:44:05.798350+00:00,2026-07-09T19:44:06.491947+00:00,,,,5,,,,
806ee2863b414f9d9af15849d3b6acec,spark,4.1.2,tpcds,10,c8gd.12xlarge,maintenance,bench_7ff8311d,lf_cs_round3,0,2026-07-09T19:44:06.492100+00:00,2026-07-09T19:44:07.668147+00:00,,,,5,,,,
806ee2863b414f9d9af15849d3b6acec,spark,4.1.2,tpcds,10,c8gd.12xlarge,maintenance,bench_7ff8311d,lf_cr_round3,0,2026-07-09T19:44:07.668297+00:00,2026-07-09T19:44:08.535375+00:00,,,,5,,,,
806ee2863b414f9d9af15849d3b6acec,spark,4.1.2,tpcds,10,c8gd.12xlarge,maintenance,bench_7ff8311d,lf_ws_round3,0,2026-07-09T19:44:08.535531+00:00,2026-07-09T19:44:09.511392+00:00,,,,5,,,,
806ee2863b414f9d9af15849d3b6acec,spark,4.1.2,tpcds,10,c8gd.12xlarge,maintenance,bench_7ff8311d,lf_wr_round3,0,2026-07-09T19:44:09.511537+00:00,2026-07-09T19:44:10.297273+00:00,,,,5,,,,
806ee2863b414f9d9af15849d3b6acec,spark,4.1.2,tpcds,10,c8gd.12xlarge,maintenance,bench_7ff8311d,df_ss_round3,0,2026-07-09T19:44:10.297420+00:00,2026-07-09T19:44:45.341597+00:00,,,,5,,,,
806ee2863b414f9d9af15849d3b6acec,spark,4.1.2,tpcds,10,c8gd.12xlarge,maintenance,bench_7ff8311d,df_cs_round3,0,2026-07-09T19:44:45.341737+00:00,2026-07-09T19:45:11.686654+00:00,,,,5,,,,
806ee2863b414f9d9af15849d3b6acec,spark,4.1.2,tpcds,10,c8gd.12xlarge,maintenance,bench_7ff8311d,df_ws_round3,0,2026-07-09T19:45:11.686802+00:00,2026-07-09T19:45:31.209341+00:00,,,,5,,,,
806ee2863b414f9d9af15849d3b6acec,spark,4.1.2,tpcds,10,c8gd.12xlarge,maintenance,bench_7ff8311d,lf_ss_round4,0,2026-07-09T19:45:31.679619+00:00,2026-07-09T19:45:32.702856+00:00,,,,5,,,,
806ee2863b414f9d9af15849d3b6acec,spark,4.1.2,tpcds,10,c8gd.12xlarge,maintenance,bench_7ff8311d,lf_sr_round4,0,2026-07-09T19:45:32.703017+00:00,2026-07-09T19:45:33.411315+00:00,,,,5,,,,
806ee2863b414f9d9af15849d3b6acec,spark,4.1.2,tpcds,10,c8gd.12xlarge,maintenance,bench_7ff8311d,lf_cs_round4,0,2026-07-09T19:45:33.411465+00:00,2026-07-09T19:45:34.527031+00:00,,,,5,,,,
806ee2863b414f9d9af15849d3b6acec,spark,4.1.2,tpcds,10,c8gd.12xlarge,maintenance,bench_7ff8311d,lf_cr_round4,0,2026-07-09T19:45:34.527178+00:00,2026-07-09T19:45:35.363674+00:00,,,,5,,,,
806ee2863b414f9d9af15849d3b6acec,spark,4.1.2,tpcds,10,c8gd.12xlarge,maintenance,bench_7ff8311d,lf_ws_round4,0,2026-07-09T19:45:35.363819+00:00,2026-07-09T19:45:36.333014+00:00,,,,5,,,,
806ee2863b414f9d9af15849d3b6acec,spark,4.1.2,tpcds,10,c8gd.12xlarge,maintenance,bench_7ff8311d,lf_wr_round4,0,2026-07-09T19:45:36.333160+00:00,2026-07-09T19:45:37.109365+00:00,,,,5,,,,
806ee2863b414f9d9af15849d3b6acec,spark,4.1.2,tpcds,10,c8gd.12xlarge,maintenance,bench_7ff8311d,df_ss_round4,0,2026-07-09T19:45:37.109518+00:00,2026-07-09T19:46:06.885771+00:00,,,,5,,,,
806ee2863b414f9d9af15849d3b6acec,spark,4.1.2,tpcds,10,c8gd.12xlarge,maintenance,bench_7ff8311d,df_cs_round4,0,2026-07-09T19:46:06.885912+00:00,2026-07-09T19:46:31.828001+00:00,,,,5,,,,
806ee2863b414f9d9af15849d3b6acec,spark,4.1.2,tpcds,10,c8gd.12xlarge,maintenance,bench_7ff8311d,df_ws_round4,0,2026-07-09T19:46:31.828156+00:00,2026-07-09T19:46:51.789163+00:00,,,,5,,,,
806ee2863b414f9d9af15849d3b6acec,spark,4.1.2,tpcds,10,c8gd.12xlarge,maintenance,bench_7ff8311d,lf_ss_round5,0,2026-07-09T19:46:52.255842+00:00,2026-07-09T19:46:53.082679+00:00,,,,5,,,,
806ee2863b414f9d9af15849d3b6acec,spark,4.1.2,tpcds,10,c8gd.12xlarge,maintenance,bench_7ff8311d,lf_sr_round5,0,2026-07-09T19:46:53.082830+00:00,2026-07-09T19:46:53.743139+00:00,,,,5,,,,
806ee2863b414f9d9af15849d3b6acec,spark,4.1.2,tpcds,10,c8gd.12xlarge,maintenance,bench_7ff8311d,lf_cs_round5,0,2026-07-09T19:46:53.743281+00:00,2026-07-09T19:46:54.820902+00:00,,,,5,,,,
806ee2863b414f9d9af15849d3b6acec,spark,4.1.2,tpcds,10,c8gd.12xlarge,maintenance,bench_7ff8311d,lf_cr_round5,0,2026-07-09T19:46:54.821061+00:00,2026-07-09T19:46:55.636703+00:00,,,,5,,,,
806ee2863b414f9d9af15849d3b6acec,spark,4.1.2,tpcds,10,c8gd.12xlarge,maintenance,bench_7ff8311d,lf_ws_round5,0,2026-07-09T19:46:55.636850+00:00,2026-07-09T19:46:56.585309+00:00,,,,5,,,,
806ee2863b414f9d9af15849d3b6acec,spark,4.1.2,tpcds,10,c8gd.12xlarge,maintenance,bench_7ff8311d,lf_wr_round5,0,2026-07-09T19:46:56.585456+00:00,2026-07-09T19:46:57.334199+00:00,,,,5,,,,
806ee2863b414f9d9af15849d3b6acec,spark,4.1.2,tpcds,10,c8gd.12xlarge,maintenance,bench_7ff8311d,df_ss_round5,0,2026-07-09T19:46:57.334340+00:00,2026-07-09T19:47:29.527737+00:00,,,,5,,,,
806ee2863b414f9d9af15849d3b6acec,spark,4.1.2,tpcds,10,c8gd.12xlarge,maintenance,bench_7ff8311d,df_cs_round5,0,2026-07-09T19:47:29.527887+00:00,2026-07-09T19:47:55.749125+00:00,,,,5,,,,
806ee2863b414f9d9af15849d3b6acec,spark,4.1.2,tpcds,10,c8gd.12xlarge,maintenance,bench_7ff8311d,df_ws_round5,0,2026-07-09T19:47:55.749268+00:00,2026-07-09T19:48:15.066481+00:00,,,,5,,,,
3ac614d5f5fd4ef88ff3a186c311afd3,duckdb,1.5.4,tpcds,10,c8gd.12xlarge,maintenance,bench_36d68ad0,lf_ss_round1,0,2026-07-09T19:48:37.118275+00:00,2026-07-09T19:48:37.428359+00:00,,,,5,,,,
3ac614d5f5fd4ef88ff3a186c311afd3,duckdb,1.5.4,tpcds,10,c8gd.12xlarge,maintenance,bench_36d68ad0,lf_sr_round1,0,2026-07-09T19:48:37.428542+00:00,2026-07-09T19:48:37.574631+00:00,,,,5,,,,
3ac614d5f5fd4ef88ff3a186c311afd3,duckdb,1.5.4,tpcds,10,c8gd.12xlarge,maintenance,bench_36d68ad0,lf_cs_round1,0,2026-07-09T19:48:37.574813+00:00,2026-07-09T19:48:37.824890+00:00,,,,5,,,,
3ac614d5f5fd4ef88ff3a186c311afd3,duckdb,1.5.4,tpcds,10,c8gd.12xlarge,maintenance,bench_36d68ad0,lf_cr_round1,0,2026-07-09T19:48:37.825088+00:00,2026-07-09T19:48:38.170169+00:00,,,,5,,,,
3ac614d5f5fd4ef88ff3a186c311afd3,duckdb,1.5.4,tpcds,10,c8gd.12xlarge,maintenance,bench_36d68ad0,lf_ws_round1,0,2026-07-09T19:48:38.170354+00:00,2026-07-09T19:48:38.369472+00:00,,,,5,,,,
3ac614d5f5fd4ef88ff3a186c311afd3,duckdb,1.5.4,tpcds,10,c8gd.12xlarge,maintenance,bench_36d68ad0,lf_wr_round1,0,2026-07-09T19:48:38.369653+00:00,2026-07-09T19:48:38.500272+00:00,,,,5,,,,
3ac614d5f5fd4ef88ff3a186c311afd3,duckdb,1.5.4,tpcds,10,c8gd.12xlarge,maintenance,bench_36d68ad0,df_ss_round1,0,2026-07-09T19:48:38.500457+00:00,2026-07-09T19:48:38.700899+00:00,,,,5,,,,
3ac614d5f5fd4ef88ff3a186c311afd3,duckdb,1.5.4,tpcds,10,c8gd.12xlarge,maintenance,bench_36d68ad0,df_cs_round1,0,2026-07-09T19:48:38.701080+00:00,2026-07-09T19:48:38.836676+00:00,,,,5,,,,
3ac614d5f5fd4ef88ff3a186c311afd3,duckdb,1.5.4,tpcds,10,c8gd.12xlarge,maintenance,bench_36d68ad0,df_ws_round1,0,2026-07-09T19:48:38.836849+00:00,2026-07-09T19:48:38.958581+00:00,,,,5,,,,
3ac614d5f5fd4ef88ff3a186c311afd3,duckdb,1.5.4,tpcds,10,c8gd.12xlarge,maintenance,bench_36d68ad0,lf_ss_round2,0,2026-07-09T19:48:39.107494+00:00,2026-07-09T19:48:39.348561+00:00,,,,5,,,,
3ac614d5f5fd4ef88ff3a186c311afd3,duckdb,1.5.4,tpcds,10,c8gd.12xlarge,maintenance,bench_36d68ad0,lf_sr_round2,0,2026-07-09T19:48:39.348746+00:00,2026-07-09T19:48:39.482266+00:00,,,,5,,,,
3ac614d5f5fd4ef88ff3a186c311afd3,duckdb,1.5.4,tpcds,10,c8gd.12xlarge,maintenance,bench_36d68ad0,lf_cs_round2,0,2026-07-09T19:48:39.482447+00:00,2026-07-09T19:48:39.713051+00:00,,,,5,,,,
3ac614d5f5fd4ef88ff3a186c311afd3,duckdb,1.5.4,tpcds,10,c8gd.12xlarge,maintenance,bench_36d68ad0,lf_cr_round2,0,2026-07-09T19:48:39.713245+00:00,2026-07-09T19:48:39.847811+00:00,,,,5,,,,
3ac614d5f5fd4ef88ff3a186c311afd3,duckdb,1.5.4,tpcds,10,c8gd.12xlarge,maintenance,bench_36d68ad0,lf_ws_round2,0,2026-07-09T19:48:39.848015+00:00,2026-07-09T19:48:40.035645+00:00,,,,5,,,,
3ac614d5f5fd4ef88ff3a186c311afd3,duckdb,1.5.4,tpcds,10,c8gd.12xlarge,maintenance,bench_36d68ad0,lf_wr_round2,0,2026-07-09T19:48:40.035837+00:00,2026-07-09T19:48:40.164761+00:00,,,,5,,,,
3ac614d5f5fd4ef88ff3a186c311afd3,duckdb,1.5.4,tpcds,10,c8gd.12xlarge,maintenance,bench_36d68ad0,df_ss_round2,0,2026-07-09T19:48:40.164942+00:00,2026-07-09T19:48:40.395935+00:00,,,,5,,,,
3ac614d5f5fd4ef88ff3a186c311afd3,duckdb,1.5.4,tpcds,10,c8gd.12xlarge,maintenance,bench_36d68ad0,df_cs_round2,0,2026-07-09T19:48:40.396139+00:00,2026-07-09T19:48:40.550953+00:00,,,,5,,,,
3ac614d5f5fd4ef88ff3a186c311afd3,duckdb,1.5.4,tpcds,10,c8gd.12xlarge,maintenance,bench_36d68ad0,df_ws_round2,0,2026-07-09T19:48:40.551133+00:00,2026-07-09T19:48:40.685783+00:00,,,,5,,,,
3ac614d5f5fd4ef88ff3a186c311afd3,duckdb,1.5.4,tpcds,10,c8gd.12xlarge,maintenance,bench_36d68ad0,lf_ss_round3,0,2026-07-09T19:48:40.836352+00:00,2026-07-09T19:48:41.070515+00:00,,,,5,,,,
3ac614d5f5fd4ef88ff3a186c311afd3,duckdb,1.5.4,tpcds,10,c8gd.12xlarge,maintenance,bench_36d68ad0,lf_sr_round3,0,2026-07-09T19:48:41.070692+00:00,2026-07-09T19:48:41.197285+00:00,,,,5,,,,
3ac614d5f5fd4ef88ff3a186c311afd3,duckdb,1.5.4,tpcds,10,c8gd.12xlarge,maintenance,bench_36d68ad0,lf_cs_round3,0,2026-07-09T19:48:41.197467+00:00,2026-07-09T19:48:41.431652+00:00,,,,5,,,,
3ac614d5f5fd4ef88ff3a186c311afd3,duckdb,1.5.4,tpcds,10,c8gd.12xlarge,maintenance,bench_36d68ad0,lf_cr_round3,0,2026-07-09T19:48:41.431858+00:00,2026-07-09T19:48:41.564236+00:00,,,,5,,,,
3ac614d5f5fd4ef88ff3a186c311afd3,duckdb,1.5.4,tpcds,10,c8gd.12xlarge,maintenance,bench_36d68ad0,lf_ws_round3,0,2026-07-09T19:48:41.564427+00:00,2026-07-09T19:48:41.756801+00:00,,,,5,,,,
3ac614d5f5fd4ef88ff3a186c311afd3,duckdb,1.5.4,tpcds,10,c8gd.12xlarge,maintenance,bench_36d68ad0,lf_wr_round3,0,2026-07-09T19:48:41.756992+00:00,2026-07-09T19:48:41.880422+00:00,,,,5,,,,
3ac614d5f5fd4ef88ff3a186c311afd3,duckdb,1.5.4,tpcds,10,c8gd.12xlarge,maintenance,bench_36d68ad0,df_ss_round3,0,2026-07-09T19:48:41.880613+00:00,2026-07-09T19:48:42.362913+00:00,,,,5,,,,
3ac614d5f5fd4ef88ff3a186c311afd3,duckdb,1.5.4,tpcds,10,c8gd.12xlarge,maintenance,bench_36d68ad0,df_cs_round3,0,2026-07-09T19:48:42.363102+00:00,2026-07-09T19:48:42.540277+00:00,,,,5,,,,
3ac614d5f5fd4ef88ff3a186c311afd3,duckdb,1.5.4,tpcds,10,c8gd.12xlarge,maintenance,bench_36d68ad0,df_ws_round3,0,2026-07-09T19:48:42.540456+00:00,2026-07-09T19:48:42.691072+00:00,,,,5,,,,
3ac614d5f5fd4ef88ff3a186c311afd3,duckdb,1.5.4,tpcds,10,c8gd.12xlarge,maintenance,bench_36d68ad0,lf_ss_round4,0,2026-07-09T19:48:42.846388+00:00,2026-07-09T19:48:43.077927+00:00,,,,5,,,,
3ac614d5f5fd4ef88ff3a186c311afd3,duckdb,1.5.4,tpcds,10,c8gd.12xlarge,maintenance,bench_36d68ad0,lf_sr_round4,0,2026-07-09T19:48:43.078128+00:00,2026-07-09T19:48:43.206397+00:00,,,,5,,,,
3ac614d5f5fd4ef88ff3a186c311afd3,duckdb,1.5.4,tpcds,10,c8gd.12xlarge,maintenance,bench_36d68ad0,lf_cs_round4,0,2026-07-09T19:48:43.206589+00:00,2026-07-09T19:48:43.443116+00:00,,,,5,,,,
3ac614d5f5fd4ef88ff3a186c311afd3,duckdb,1.5.4,tpcds,10,c8gd.12xlarge,maintenance,bench_36d68ad0,lf_cr_round4,0,2026-07-09T19:48:43.443308+00:00,2026-07-09T19:48:43.576517+00:00,,,,5,,,,
3ac614d5f5fd4ef88ff3a186c311afd3,duckdb,1.5.4,tpcds,10,c8gd.12xlarge,maintenance,bench_36d68ad0,lf_ws_round4,0,2026-07-09T19:48:43.576728+00:00,2026-07-09T19:48:43.766848+00:00,,,,5,,,,
3ac614d5f5fd4ef88ff3a186c311afd3,duckdb,1.5.4,tpcds,10,c8gd.12xlarge,maintenance,bench_36d68ad0,lf_wr_round4,0,2026-07-09T19:48:43.767055+00:00,2026-07-09T19:48:43.887315+00:00,,,,5,,,,
3ac614d5f5fd4ef88ff3a186c311afd3,duckdb,1.5.4,tpcds,10,c8gd.12xlarge,maintenance,bench_36d68ad0,df_ss_round4,0,2026-07-09T19:48:43.887509+00:00,2026-07-09T19:48:44.194174+00:00,,,,5,,,,
3ac614d5f5fd4ef88ff3a186c311afd3,duckdb,1.5.4,tpcds,10,c8gd.12xlarge,maintenance,bench_36d68ad0,df_cs_round4,0,2026-07-09T19:48:44.194350+00:00,2026-07-09T19:48:44.398992+00:00,,,,5,,,,
3ac614d5f5fd4ef88ff3a186c311afd3,duckdb,1.5.4,tpcds,10,c8gd.12xlarge,maintenance,bench_36d68ad0,df_ws_round4,0,2026-07-09T19:48:44.399182+00:00,2026-07-09T19:48:44.569512+00:00,,,,5,,,,
3ac614d5f5fd4ef88ff3a186c311afd3,duckdb,1.5.4,tpcds,10,c8gd.12xlarge,maintenance,bench_36d68ad0,lf_ss_round5,0,2026-07-09T19:48:44.716392+00:00,2026-07-09T19:48:44.944062+00:00,,,,5,,,,
3ac614d5f5fd4ef88ff3a186c311afd3,duckdb,1.5.4,tpcds,10,c8gd.12xlarge,maintenance,bench_36d68ad0,lf_sr_round5,0,2026-07-09T19:48:44.944242+00:00,2026-07-09T19:48:45.065608+00:00,,,,5,,,,
3ac614d5f5fd4ef88ff3a186c311afd3,duckdb,1.5.4,tpcds,10,c8gd.12xlarge,maintenance,bench_36d68ad0,lf_cs_round5,0,2026-07-09T19:48:45.065794+00:00,2026-07-09T19:48:45.297680+00:00,,,,5,,,,
3ac614d5f5fd4ef88ff3a186c311afd3,duckdb,1.5.4,tpcds,10,c8gd.12xlarge,maintenance,bench_36d68ad0,lf_cr_round5,0,2026-07-09T19:48:45.297875+00:00,2026-07-09T19:48:45.430274+00:00,,,,5,,,,
3ac614d5f5fd4ef88ff3a186c311afd3,duckdb,1.5.4,tpcds,10,c8gd.12xlarge,maintenance,bench_36d68ad0,lf_ws_round5,0,2026-07-09T19:48:45.430455+00:00,2026-07-09T19:48:45.616244+00:00,,,,5,,,,
3ac614d5f5fd4ef88ff3a186c311afd3,duckdb,1.5.4,tpcds,10,c8gd.12xlarge,maintenance,bench_36d68ad0,lf_wr_round5,0,2026-07-09T19:48:45.616428+00:00,2026-07-09T19:48:45.737967+00:00,,,,5,,,,
3ac614d5f5fd4ef88ff3a186c311afd3,duckdb,1.5.4,tpcds,10,c8gd.12xlarge,maintenance,bench_36d68ad0,df_ss_round5,0,2026-07-09T19:48:45.738169+00:00,2026-07-09T19:48:46.100199+00:00,,,,5,,,,
3ac614d5f5fd4ef88ff3a186c311afd3,duckdb,1.5.4,tpcds,10,c8gd.12xlarge,maintenance,bench_36d68ad0,df_cs_round5,0,2026-07-09T19:48:46.100383+00:00,2026-07-09T19:48:46.330277+00:00,,,,5,,,,
3ac614d5f5fd4ef88ff3a186c311afd3,duckdb,1.5.4,tpcds,10,c8gd.12xlarge,maintenance,bench_36d68ad0,df_ws_round5,0,2026-07-09T19:48:46.330462+00:00,2026-07-09T19:48:46.525670+00:00,,,,5,,,,
2df4b5e74a204df49775327fd8991e4f,spark,4.1.2,tpcds,10,c8gd.12xlarge,compaction,bench_45fb76e1,compaction,0,2026-07-09T19:56:35.740078+00:00,2026-07-09T19:57:51.585206+00:00,,,,2,51,32,0,0
65857c90b4b84c98bf7101f97f31eead,spark,4.1.2,tpcds,10,c8gd.12xlarge,compaction,bench_52c08863,compaction,0,2026-07-09T20:11:17.866001+00:00,2026-07-09T20:12:01.579432+00:00,,"An error occurred while calling o74.sql.
: java.lang.NoSuchMethodError: 'org.apache.spark.sql.execution.datasources.v2.DataSourceV2Relation org.apache.spark.sql.execution.datasources.v2.DataSourceV2Relation.create(org.apache.spark.sql.connector.catalog.Table, scala.Option, scala.Option, org.apache.spark.sql.util.CaseInsensitiveStringMap)'
	at org.apache.iceberg.spark.SparkTableUtil.createRelation(SparkTableUtil.java:1000)
	at org.apache.iceberg.spark.SparkTableUtil.loadMetadataTable(SparkTableUtil.java:987)
	at org.apache.iceberg.spark.SparkTableUtil.loadMetadataTable(SparkTableUtil.java:980)
	at org.apache.iceberg.spark.actions.SparkRewritePositionDeleteRunner.dataFiles(SparkRewritePositionDeleteRunner.java:147)
	at org.apache.iceberg.spark.actions.SparkRewritePositionDeleteRunner.doRewrite(SparkRewritePositionDeleteRunner.java:114)
	at org.apache.iceberg.spark.actions.SparkRewritePositionDeleteRunner.rewrite(SparkRewritePositionDeleteRunner.java:86)
	at org.apache.iceberg.spark.actions.RewritePositionDeleteFilesSparkAction.lambda$rewriteDeleteFiles$2(RewritePositionDeleteFilesSparkAction.java:173)
	at org.apache.iceberg.spark.JobGroupUtils.withJobGroupInfo(JobGroupUtils.java:59)
	at org.apache.iceberg.spark.JobGroupUtils.withJobGroupInfo(JobGroupUtils.java:51)
	at org.apache.iceberg.spark.actions.BaseSparkAction.withJobGroupInfo(BaseSparkAction.java:130)
	at org.apache.iceberg.spark.actions.RewritePositionDeleteFilesSparkAction.rewriteDeleteFiles(RewritePositionDeleteFilesSparkAction.java:172)
	at org.apache.iceberg.spark.actions.RewritePositionDeleteFilesSparkAction.lambda$doExecute$4(RewritePositionDeleteFilesSparkAction.java:217)
	at org.apache.iceberg.util.Tasks$Builder.runTaskWithRetry(Tasks.java:413)
	at org.apache.iceberg.util.Tasks$Builder$1.run(Tasks.java:315)
	at java.base/java.util.concurrent.Executors$RunnableAdapter.call(Executors.java:572)
	at java.base/java.util.concurrent.FutureTask.run(FutureTask.java:317)
	at java.base/java.util.concurrent.ThreadPoolExecutor.runWorker(ThreadPoolExecutor.java:1144)
	at java.base/java.util.concurrent.ThreadPoolExecutor$Worker.run(ThreadPoolExecutor.java:642)
	at java.base/java.lang.Thread.run(Thread.java:1583)
",,1,106,81,75,75
59732fcac628446e9da9b7544244b7b6,duckdb,1.5.4,tpcds,10,c8gd.12xlarge,compaction,bench_01080467,compaction,0,2026-07-09T20:12:52.234093+00:00,2026-07-09T20:12:56.279452+00:00,,,,1,33,27,12,0
0b15f0924d79478a896aa63c6b0511e8,spark,4.0.3,tpcds,10,c8gd.12xlarge,compaction,bench_90c03025,compaction,0,2026-07-09T20:16:14.685578+00:00,2026-07-09T20:17:51.277723+00:00,,,,1,106,30,74,3
bf3387aa24c84bd5a99b09e87e6e64cd,spark,4.0.3,tpcds,10,c8gd.12xlarge,maintenance,bench_3e24e45a,lf_ss_round1,0,2026-07-09T20:20:36.471648+00:00,2026-07-09T20:20:41.405631+00:00,,,,5,,,,
bf3387aa24c84bd5a99b09e87e6e64cd,spark,4.0.3,tpcds,10,c8gd.12xlarge,maintenance,bench_3e24e45a,lf_sr_round1,0,2026-07-09T20:20:41.405788+00:00,2026-07-09T20:20:42.580835+00:00,,,,5,,,,
bf3387aa24c84bd5a99b09e87e6e64cd,spark,4.0.3,tpcds,10,c8gd.12xlarge,maintenance,bench_3e24e45a,lf_cs_round1,0,2026-07-09T20:20:42.580986+00:00,2026-07-09T20:20:44.287894+00:00,,,,5,,,,
bf3387aa24c84bd5a99b09e87e6e64cd,spark,4.0.3,tpcds,10,c8gd.12xlarge,maintenance,bench_3e24e45a,lf_cr_round1,0,2026-07-09T20:20:44.288053+00:00,2026-07-09T20:20:45.302359+00:00,,,,5,,,,
bf3387aa24c84bd5a99b09e87e6e64cd,spark,4.0.3,tpcds,10,c8gd.12xlarge,maintenance,bench_3e24e45a,lf_ws_round1,0,2026-07-09T20:20:45.302509+00:00,2026-07-09T20:20:46.460381+00:00,,,,5,,,,
bf3387aa24c84bd5a99b09e87e6e64cd,spark,4.0.3,tpcds,10,c8gd.12xlarge,maintenance,bench_3e24e45a,lf_wr_round1,0,2026-07-09T20:20:46.460524+00:00,2026-07-09T20:20:47.332683+00:00,,,,5,,,,
bf3387aa24c84bd5a99b09e87e6e64cd,spark,4.0.3,tpcds,10,c8gd.12xlarge,maintenance,bench_3e24e45a,df_ss_round1,0,2026-07-09T20:20:47.332824+00:00,2026-07-09T20:20:50.444274+00:00,,,,5,,,,
bf3387aa24c84bd5a99b09e87e6e64cd,spark,4.0.3,tpcds,10,c8gd.12xlarge,maintenance,bench_3e24e45a,df_cs_round1,0,2026-07-09T20:20:50.444411+00:00,2026-07-09T20:20:51.817292+00:00,,,,5,,,,
bf3387aa24c84bd5a99b09e87e6e64cd,spark,4.0.3,tpcds,10,c8gd.12xlarge,maintenance,bench_3e24e45a,df_ws_round1,0,2026-07-09T20:20:51.817435+00:00,2026-07-09T20:20:52.987420+00:00,,,,5,,,,
bf3387aa24c84bd5a99b09e87e6e64cd,spark,4.0.3,tpcds,10,c8gd.12xlarge,maintenance,bench_3e24e45a,lf_ss_round2,0,2026-07-09T20:20:53.519576+00:00,2026-07-09T20:20:54.422792+00:00,,,,5,,,,
bf3387aa24c84bd5a99b09e87e6e64cd,spark,4.0.3,tpcds,10,c8gd.12xlarge,maintenance,bench_3e24e45a,lf_sr_round2,0,2026-07-09T20:20:54.422937+00:00,2026-07-09T20:20:55.145896+00:00,,,,5,,,,
bf3387aa24c84bd5a99b09e87e6e64cd,spark,4.0.3,tpcds,10,c8gd.12xlarge,maintenance,bench_3e24e45a,lf_cs_round2,0,2026-07-09T20:20:55.146052+00:00,2026-07-09T20:20:56.278607+00:00,,,,5,,,,
bf3387aa24c84bd5a99b09e87e6e64cd,spark,4.0.3,tpcds,10,c8gd.12xlarge,maintenance,bench_3e24e45a,lf_cr_round2,0,2026-07-09T20:20:56.278753+00:00,2026-07-09T20:20:57.210284+00:00,,,,5,,,,
bf3387aa24c84bd5a99b09e87e6e64cd,spark,4.0.3,tpcds,10,c8gd.12xlarge,maintenance,bench_3e24e45a,lf_ws_round2,0,2026-07-09T20:20:57.210437+00:00,2026-07-09T20:20:58.191100+00:00,,,,5,,,,
bf3387aa24c84bd5a99b09e87e6e64cd,spark,4.0.3,tpcds,10,c8gd.12xlarge,maintenance,bench_3e24e45a,lf_wr_round2,0,2026-07-09T20:20:58.191238+00:00,2026-07-09T20:20:58.990183+00:00,,,,5,,,,
bf3387aa24c84bd5a99b09e87e6e64cd,spark,4.0.3,tpcds,10,c8gd.12xlarge,maintenance,bench_3e24e45a,df_ss_round2,0,2026-07-09T20:20:58.990317+00:00,2026-07-09T20:21:01.771557+00:00,,,,5,,,,
bf3387aa24c84bd5a99b09e87e6e64cd,spark,4.0.3,tpcds,10,c8gd.12xlarge,maintenance,bench_3e24e45a,df_cs_round2,0,2026-07-09T20:21:01.771705+00:00,2026-07-09T20:21:03.295444+00:00,,,,5,,,,
bf3387aa24c84bd5a99b09e87e6e64cd,spark,4.0.3,tpcds,10,c8gd.12xlarge,maintenance,bench_3e24e45a,df_ws_round2,0,2026-07-09T20:21:03.295593+00:00,2026-07-09T20:21:04.550839+00:00,,,,5,,,,
bf3387aa24c84bd5a99b09e87e6e64cd,spark,4.0.3,tpcds,10,c8gd.12xlarge,maintenance,bench_3e24e45a,lf_ss_round3,0,2026-07-09T20:21:05.032756+00:00,2026-07-09T20:21:05.888319+00:00,,,,5,,,,
bf3387aa24c84bd5a99b09e87e6e64cd,spark,4.0.3,tpcds,10,c8gd.12xlarge,maintenance,bench_3e24e45a,lf_sr_round3,0,2026-07-09T20:21:05.888455+00:00,2026-07-09T20:21:06.592416+00:00,,,,5,,,,
bf3387aa24c84bd5a99b09e87e6e64cd,spark,4.0.3,tpcds,10,c8gd.12xlarge,maintenance,bench_3e24e45a,lf_cs_round3,0,2026-07-09T20:21:06.592561+00:00,2026-07-09T20:21:07.666556+00:00,,,,5,,,,
bf3387aa24c84bd5a99b09e87e6e64cd,spark,4.0.3,tpcds,10,c8gd.12xlarge,maintenance,bench_3e24e45a,lf_cr_round3,0,2026-07-09T20:21:07.666703+00:00,2026-07-09T20:21:08.518098+00:00,,,,5,,,,
bf3387aa24c84bd5a99b09e87e6e64cd,spark,4.0.3,tpcds,10,c8gd.12xlarge,maintenance,bench_3e24e45a,lf_ws_round3,0,2026-07-09T20:21:08.518240+00:00,2026-07-09T20:21:09.484776+00:00,,,,5,,,,
bf3387aa24c84bd5a99b09e87e6e64cd,spark,4.0.3,tpcds,10,c8gd.12xlarge,maintenance,bench_3e24e45a,lf_wr_round3,0,2026-07-09T20:21:09.484917+00:00,2026-07-09T20:21:10.268112+00:00,,,,5,,,,
bf3387aa24c84bd5a99b09e87e6e64cd,spark,4.0.3,tpcds,10,c8gd.12xlarge,maintenance,bench_3e24e45a,df_ss_round3,0,2026-07-09T20:21:10.268247+00:00,2026-07-09T20:21:13.234969+00:00,,,,5,,,,
bf3387aa24c84bd5a99b09e87e6e64cd,spark,4.0.3,tpcds,10,c8gd.12xlarge,maintenance,bench_3e24e45a,df_cs_round3,0,2026-07-09T20:21:13.235119+00:00,2026-07-09T20:21:14.977047+00:00,,,,5,,,,
bf3387aa24c84bd5a99b09e87e6e64cd,spark,4.0.3,tpcds,10,c8gd.12xlarge,maintenance,bench_3e24e45a,df_ws_round3,0,2026-07-09T20:21:14.977185+00:00,2026-07-09T20:21:16.492258+00:00,,,,5,,,,
bf3387aa24c84bd5a99b09e87e6e64cd,spark,4.0.3,tpcds,10,c8gd.12xlarge,maintenance,bench_3e24e45a,lf_ss_round4,0,2026-07-09T20:21:16.960191+00:00,2026-07-09T20:21:17.743770+00:00,,,,5,,,,
bf3387aa24c84bd5a99b09e87e6e64cd,spark,4.0.3,tpcds,10,c8gd.12xlarge,maintenance,bench_3e24e45a,lf_sr_round4,0,2026-07-09T20:21:17.743908+00:00,2026-07-09T20:21:18.405300+00:00,,,,5,,,,
bf3387aa24c84bd5a99b09e87e6e64cd,spark,4.0.3,tpcds,10,c8gd.12xlarge,maintenance,bench_3e24e45a,lf_cs_round4,0,2026-07-09T20:21:18.405447+00:00,2026-07-09T20:21:19.491968+00:00,,,,5,,,,
bf3387aa24c84bd5a99b09e87e6e64cd,spark,4.0.3,tpcds,10,c8gd.12xlarge,maintenance,bench_3e24e45a,lf_cr_round4,0,2026-07-09T20:21:19.492126+00:00,2026-07-09T20:21:20.336269+00:00,,,,5,,,,
bf3387aa24c84bd5a99b09e87e6e64cd,spark,4.0.3,tpcds,10,c8gd.12xlarge,maintenance,bench_3e24e45a,lf_ws_round4,0,2026-07-09T20:21:20.336416+00:00,2026-07-09T20:21:21.280934+00:00,,,,5,,,,
bf3387aa24c84bd5a99b09e87e6e64cd,spark,4.0.3,tpcds,10,c8gd.12xlarge,maintenance,bench_3e24e45a,lf_wr_round4,0,2026-07-09T20:21:21.281090+00:00,2026-07-09T20:21:22.053894+00:00,,,,5,,,,
bf3387aa24c84bd5a99b09e87e6e64cd,spark,4.0.3,tpcds,10,c8gd.12xlarge,maintenance,bench_3e24e45a,df_ss_round4,0,2026-07-09T20:21:22.054046+00:00,2026-07-09T20:21:24.728857+00:00,,,,5,,,,
bf3387aa24c84bd5a99b09e87e6e64cd,spark,4.0.3,tpcds,10,c8gd.12xlarge,maintenance,bench_3e24e45a,df_cs_round4,0,2026-07-09T20:21:24.728997+00:00,2026-07-09T20:21:26.427169+00:00,,,,5,,,,
bf3387aa24c84bd5a99b09e87e6e64cd,spark,4.0.3,tpcds,10,c8gd.12xlarge,maintenance,bench_3e24e45a,df_ws_round4,0,2026-07-09T20:21:26.427315+00:00,2026-07-09T20:21:27.706705+00:00,,,,5,,,,
bf3387aa24c84bd5a99b09e87e6e64cd,spark,4.0.3,tpcds,10,c8gd.12xlarge,maintenance,bench_3e24e45a,lf_ss_round5,0,2026-07-09T20:21:28.168299+00:00,2026-07-09T20:21:28.937308+00:00,,,,5,,,,
bf3387aa24c84bd5a99b09e87e6e64cd,spark,4.0.3,tpcds,10,c8gd.12xlarge,maintenance,bench_3e24e45a,lf_sr_round5,0,2026-07-09T20:21:28.937455+00:00,2026-07-09T20:21:29.572304+00:00,,,,5,,,,
bf3387aa24c84bd5a99b09e87e6e64cd,spark,4.0.3,tpcds,10,c8gd.12xlarge,maintenance,bench_3e24e45a,lf_cs_round5,0,2026-07-09T20:21:29.572454+00:00,2026-07-09T20:21:30.600184+00:00,,,,5,,,,
bf3387aa24c84bd5a99b09e87e6e64cd,spark,4.0.3,tpcds,10,c8gd.12xlarge,maintenance,bench_3e24e45a,lf_cr_round5,0,2026-07-09T20:21:30.600329+00:00,2026-07-09T20:21:31.409929+00:00,,,,5,,,,
bf3387aa24c84bd5a99b09e87e6e64cd,spark,4.0.3,tpcds,10,c8gd.12xlarge,maintenance,bench_3e24e45a,lf_ws_round5,0,2026-07-09T20:21:31.410084+00:00,2026-07-09T20:21:32.334073+00:00,,,,5,,,,
bf3387aa24c84bd5a99b09e87e6e64cd,spark,4.0.3,tpcds,10,c8gd.12xlarge,maintenance,bench_3e24e45a,lf_wr_round5,0,2026-07-09T20:21:32.334214+00:00,2026-07-09T20:21:33.086906+00:00,,,,5,,,,
bf3387aa24c84bd5a99b09e87e6e64cd,spark,4.0.3,tpcds,10,c8gd.12xlarge,maintenance,bench_3e24e45a,df_ss_round5,0,2026-07-09T20:21:33.087073+00:00,2026-07-09T20:21:36.533001+00:00,,,,5,,,,
bf3387aa24c84bd5a99b09e87e6e64cd,spark,4.0.3,tpcds,10,c8gd.12xlarge,maintenance,bench_3e24e45a,df_cs_round5,0,2026-07-09T20:21:36.533153+00:00,2026-07-09T20:21:38.487963+00:00,,,,5,,,,
bf3387aa24c84bd5a99b09e87e6e64cd,spark,4.0.3,tpcds,10,c8gd.12xlarge,maintenance,bench_3e24e45a,df_ws_round5,0,2026-07-09T20:21:38.488123+00:00,2026-07-09T20:21:40.251214+00:00,,,,5,,,,
9e5de01acf28426fa8b32ed1e5d669db,duckdb,1.5.4,tpcds,10,c8gd.12xlarge,maintenance,bench_76726f43,lf_ss_round1,0,2026-07-09T20:27:51.608122+00:00,2026-07-09T20:27:51.726286+00:00,,,,5,,,,
9e5de01acf28426fa8b32ed1e5d669db,duckdb,1.5.4,tpcds,10,c8gd.12xlarge,maintenance,bench_76726f43,lf_sr_round1,0,2026-07-09T20:27:51.726486+00:00,2026-07-09T20:27:51.787014+00:00,,,,5,,,,
9e5de01acf28426fa8b32ed1e5d669db,duckdb,1.5.4,tpcds,10,c8gd.12xlarge,maintenance,bench_76726f43,lf_cs_round1,0,2026-07-09T20:27:51.787206+00:00,2026-07-09T20:27:51.903685+00:00,,,,5,,,,
9e5de01acf28426fa8b32ed1e5d669db,duckdb,1.5.4,tpcds,10,c8gd.12xlarge,maintenance,bench_76726f43,lf_cr_round1,0,2026-07-09T20:27:51.903882+00:00,2026-07-09T20:27:51.970733+00:00,,,,5,,,,
9e5de01acf28426fa8b32ed1e5d669db,duckdb,1.5.4,tpcds,10,c8gd.12xlarge,maintenance,bench_76726f43,lf_ws_round1,0,2026-07-09T20:27:51.970920+00:00,2026-07-09T20:27:52.069649+00:00,,,,5,,,,
9e5de01acf28426fa8b32ed1e5d669db,duckdb,1.5.4,tpcds,10,c8gd.12xlarge,maintenance,bench_76726f43,lf_wr_round1,0,2026-07-09T20:27:52.069837+00:00,2026-07-09T20:27:52.133107+00:00,,,,5,,,,
9e5de01acf28426fa8b32ed1e5d669db,duckdb,1.5.4,tpcds,10,c8gd.12xlarge,maintenance,bench_76726f43,df_ss_round1,0,2026-07-09T20:27:52.133290+00:00,2026-07-09T20:27:52.236049+00:00,,,,5,,,,
9e5de01acf28426fa8b32ed1e5d669db,duckdb,1.5.4,tpcds,10,c8gd.12xlarge,maintenance,bench_76726f43,df_cs_round1,0,2026-07-09T20:27:52.236233+00:00,2026-07-09T20:27:52.303224+00:00,,,,5,,,,
9e5de01acf28426fa8b32ed1e5d669db,duckdb,1.5.4,tpcds,10,c8gd.12xlarge,maintenance,bench_76726f43,df_ws_round1,0,2026-07-09T20:27:52.303399+00:00,2026-07-09T20:27:52.357514+00:00,,,,5,,,,
9e5de01acf28426fa8b32ed1e5d669db,duckdb,1.5.4,tpcds,10,c8gd.12xlarge,maintenance,bench_76726f43,lf_ss_round2,0,2026-07-09T20:27:52.500607+00:00,2026-07-09T20:27:52.610370+00:00,,,,5,,,,
9e5de01acf28426fa8b32ed1e5d669db,duckdb,1.5.4,tpcds,10,c8gd.12xlarge,maintenance,bench_76726f43,lf_sr_round2,0,2026-07-09T20:27:52.610554+00:00,2026-07-09T20:27:52.669590+00:00,,,,5,,,,
9e5de01acf28426fa8b32ed1e5d669db,duckdb,1.5.4,tpcds,10,c8gd.12xlarge,maintenance,bench_76726f43,lf_cs_round2,0,2026-07-09T20:27:52.669793+00:00,2026-07-09T20:27:52.783864+00:00,,,,5,,,,
9e5de01acf28426fa8b32ed1e5d669db,duckdb,1.5.4,tpcds,10,c8gd.12xlarge,maintenance,bench_76726f43,lf_cr_round2,0,2026-07-09T20:27:52.784075+00:00,2026-07-09T20:27:52.854945+00:00,,,,5,,,,
9e5de01acf28426fa8b32ed1e5d669db,duckdb,1.5.4,tpcds,10,c8gd.12xlarge,maintenance,bench_76726f43,lf_ws_round2,0,2026-07-09T20:27:52.855143+00:00,2026-07-09T20:27:52.954985+00:00,,,,5,,,,
9e5de01acf28426fa8b32ed1e5d669db,duckdb,1.5.4,tpcds,10,c8gd.12xlarge,maintenance,bench_76726f43,lf_wr_round2,0,2026-07-09T20:27:52.955182+00:00,2026-07-09T20:27:53.019665+00:00,,,,5,,,,
9e5de01acf28426fa8b32ed1e5d669db,duckdb,1.5.4,tpcds,10,c8gd.12xlarge,maintenance,bench_76726f43,df_ss_round2,0,2026-07-09T20:27:53.019868+00:00,2026-07-09T20:27:53.178522+00:00,,,,5,,,,
9e5de01acf28426fa8b32ed1e5d669db,duckdb,1.5.4,tpcds,10,c8gd.12xlarge,maintenance,bench_76726f43,df_cs_round2,0,2026-07-09T20:27:53.178695+00:00,2026-07-09T20:27:53.279089+00:00,,,,5,,,,
9e5de01acf28426fa8b32ed1e5d669db,duckdb,1.5.4,tpcds,10,c8gd.12xlarge,maintenance,bench_76726f43,df_ws_round2,0,2026-07-09T20:27:53.279287+00:00,2026-07-09T20:27:53.349663+00:00,,,,5,,,,
9e5de01acf28426fa8b32ed1e5d669db,duckdb,1.5.4,tpcds,10,c8gd.12xlarge,maintenance,bench_76726f43,lf_ss_round3,0,2026-07-09T20:27:53.496743+00:00,2026-07-09T20:27:53.611172+00:00,,,,5,,,,
9e5de01acf28426fa8b32ed1e5d669db,duckdb,1.5.4,tpcds,10,c8gd.12xlarge,maintenance,bench_76726f43,lf_sr_round3,0,2026-07-09T20:27:53.611366+00:00,2026-07-09T20:27:53.675720+00:00,,,,5,,,,
9e5de01acf28426fa8b32ed1e5d669db,duckdb,1.5.4,tpcds,10,c8gd.12xlarge,maintenance,bench_76726f43,lf_cs_round3,0,2026-07-09T20:27:53.675923+00:00,2026-07-09T20:27:53.786543+00:00,,,,5,,,,
9e5de01acf28426fa8b32ed1e5d669db,duckdb,1.5.4,tpcds,10,c8gd.12xlarge,maintenance,bench_76726f43,lf_cr_round3,0,2026-07-09T20:27:53.786742+00:00,2026-07-09T20:27:53.859873+00:00,,,,5,,,,
9e5de01acf28426fa8b32ed1e5d669db,duckdb,1.5.4,tpcds,10,c8gd.12xlarge,maintenance,bench_76726f43,lf_ws_round3,0,2026-07-09T20:27:53.860090+00:00,2026-07-09T20:27:53.958549+00:00,,,,5,,,,
9e5de01acf28426fa8b32ed1e5d669db,duckdb,1.5.4,tpcds,10,c8gd.12xlarge,maintenance,bench_76726f43,lf_wr_round3,0,2026-07-09T20:27:53.958747+00:00,2026-07-09T20:27:54.018835+00:00,,,,5,,,,
9e5de01acf28426fa8b32ed1e5d669db,duckdb,1.5.4,tpcds,10,c8gd.12xlarge,maintenance,bench_76726f43,df_ss_round3,0,2026-07-09T20:27:54.019049+00:00,2026-07-09T20:27:54.219724+00:00,,,,5,,,,
9e5de01acf28426fa8b32ed1e5d669db,duckdb,1.5.4,tpcds,10,c8gd.12xlarge,maintenance,bench_76726f43,df_cs_round3,0,2026-07-09T20:27:54.219914+00:00,2026-07-09T20:27:54.349423+00:00,,,,5,,,,
9e5de01acf28426fa8b32ed1e5d669db,duckdb,1.5.4,tpcds,10,c8gd.12xlarge,maintenance,bench_76726f43,df_ws_round3,0,2026-07-09T20:27:54.349611+00:00,2026-07-09T20:27:54.433249+00:00,,,,5,,,,
9e5de01acf28426fa8b32ed1e5d669db,duckdb,1.5.4,tpcds,10,c8gd.12xlarge,maintenance,bench_76726f43,lf_ss_round4,0,2026-07-09T20:27:54.580524+00:00,2026-07-09T20:27:54.692750+00:00,,,,5,,,,
9e5de01acf28426fa8b32ed1e5d669db,duckdb,1.5.4,tpcds,10,c8gd.12xlarge,maintenance,bench_76726f43,lf_sr_round4,0,2026-07-09T20:27:54.692960+00:00,2026-07-09T20:27:54.754758+00:00,,,,5,,,,
9e5de01acf28426fa8b32ed1e5d669db,duckdb,1.5.4,tpcds,10,c8gd.12xlarge,maintenance,bench_76726f43,lf_cs_round4,0,2026-07-09T20:27:54.754964+00:00,2026-07-09T20:27:54.870415+00:00,,,,5,,,,
9e5de01acf28426fa8b32ed1e5d669db,duckdb,1.5.4,tpcds,10,c8gd.12xlarge,maintenance,bench_76726f43,lf_cr_round4,0,2026-07-09T20:27:54.870632+00:00,2026-07-09T20:27:54.939639+00:00,,,,5,,,,
9e5de01acf28426fa8b32ed1e5d669db,duckdb,1.5.4,tpcds,10,c8gd.12xlarge,maintenance,bench_76726f43,lf_ws_round4,0,2026-07-09T20:27:54.939839+00:00,2026-07-09T20:27:55.036474+00:00,,,,5,,,,
9e5de01acf28426fa8b32ed1e5d669db,duckdb,1.5.4,tpcds,10,c8gd.12xlarge,maintenance,bench_76726f43,lf_wr_round4,0,2026-07-09T20:27:55.036690+00:00,2026-07-09T20:27:55.099370+00:00,,,,5,,,,
9e5de01acf28426fa8b32ed1e5d669db,duckdb,1.5.4,tpcds,10,c8gd.12xlarge,maintenance,bench_76726f43,df_ss_round4,0,2026-07-09T20:27:55.099562+00:00,2026-07-09T20:27:55.358120+00:00,,,,5,,,,
9e5de01acf28426fa8b32ed1e5d669db,duckdb,1.5.4,tpcds,10,c8gd.12xlarge,maintenance,bench_76726f43,df_cs_round4,0,2026-07-09T20:27:55.358309+00:00,2026-07-09T20:27:55.509649+00:00,,,,5,,,,
9e5de01acf28426fa8b32ed1e5d669db,duckdb,1.5.4,tpcds,10,c8gd.12xlarge,maintenance,bench_76726f43,df_ws_round4,0,2026-07-09T20:27:55.509838+00:00,2026-07-09T20:27:55.605257+00:00,,,,5,,,,
9e5de01acf28426fa8b32ed1e5d669db,duckdb,1.5.4,tpcds,10,c8gd.12xlarge,maintenance,bench_76726f43,lf_ss_round5,0,2026-07-09T20:27:55.749581+00:00,2026-07-09T20:27:55.856823+00:00,,,,5,,,,
9e5de01acf28426fa8b32ed1e5d669db,duckdb,1.5.4,tpcds,10,c8gd.12xlarge,maintenance,bench_76726f43,lf_sr_round5,0,2026-07-09T20:27:55.857044+00:00,2026-07-09T20:27:55.925807+00:00,,,,5,,,,
9e5de01acf28426fa8b32ed1e5d669db,duckdb,1.5.4,tpcds,10,c8gd.12xlarge,maintenance,bench_76726f43,lf_cs_round5,0,2026-07-09T20:27:55.926029+00:00,2026-07-09T20:27:56.045624+00:00,,,,5,,,,
9e5de01acf28426fa8b32ed1e5d669db,duckdb,1.5.4,tpcds,10,c8gd.12xlarge,maintenance,bench_76726f43,lf_cr_round5,0,2026-07-09T20:27:56.045837+00:00,2026-07-09T20:27:56.112925+00:00,,,,5,,,,
9e5de01acf28426fa8b32ed1e5d669db,duckdb,1.5.4,tpcds,10,c8gd.12xlarge,maintenance,bench_76726f43,lf_ws_round5,0,2026-07-09T20:27:56.113125+00:00,2026-07-09T20:27:56.211458+00:00,,,,5,,,,
9e5de01acf28426fa8b32ed1e5d669db,duckdb,1.5.4,tpcds,10,c8gd.12xlarge,maintenance,bench_76726f43,lf_wr_round5,0,2026-07-09T20:27:56.211649+00:00,2026-07-09T20:27:56.274438+00:00,,,,5,,,,
9e5de01acf28426fa8b32ed1e5d669db,duckdb,1.5.4,tpcds,10,c8gd.12xlarge,maintenance,bench_76726f43,df_ss_round5,0,2026-07-09T20:27:56.274643+00:00,2026-07-09T20:27:56.575149+00:00,,,,5,,,,
9e5de01acf28426fa8b32ed1e5d669db,duckdb,1.5.4,tpcds,10,c8gd.12xlarge,maintenance,bench_76726f43,df_cs_round5,0,2026-07-09T20:27:56.575355+00:00,2026-07-09T20:27:56.766092+00:00,,,,5,,,,
9e5de01acf28426fa8b32ed1e5d669db,duckdb,1.5.4,tpcds,10,c8gd.12xlarge,maintenance,bench_76726f43,df_ws_round5,0,2026-07-09T20:27:56.766284+00:00,2026-07-09T20:27:56.876761+00:00,,,,5,,,,
16502887a20640ff9c8d98f93fdb7df1,spark,unknown,tpcds,10,c8gd.12xlarge,compaction,bench_6752e2c1,compaction,0,2026-07-09T20:44:25.498860+00:00,2026-07-09T20:46:04.087022+00:00,,,,1,106,30,75,3
16502887a20640ff9c8d98f93fdb7df1,spark,unknown,tpcds,10,c8gd.12xlarge,compaction,bench_6752e2c1,compaction,0,2026-07-09T20:46:42.604928+00:00,2026-07-09T20:49:15.067891+00:00,,,,2,185,30,151,0
16502887a20640ff9c8d98f93fdb7df1,spark,unknown,tpcds,10,c8gd.12xlarge,compaction,bench_6752e2c1,compaction,0,2026-07-09T20:50:03.413467+00:00,2026-07-09T20:51:35.114979+00:00,,,,3,264,30,231,0
16502887a20640ff9c8d98f93fdb7df1,spark,unknown,tpcds,10,c8gd.12xlarge,compaction,bench_6752e2c1,compaction,0,2026-07-09T20:52:33.373340+00:00,2026-07-09T20:54:07.291502+00:00,,,,4,343,30,308,0
16502887a20640ff9c8d98f93fdb7df1,spark,unknown,tpcds,10,c8gd.12xlarge,compaction,bench_6752e2c1,compaction,0,2026-07-09T20:55:17.050929+00:00,2026-07-09T20:56:55.971036+00:00,,,,5,422,30,401,0
bc2784238d7d4f1099930b042d57ebff,duckdb,1.5.4,tpcds,10,c8gd.12xlarge,compaction,bench_42ce6ed1,compaction,0,2026-07-09T20:59:05.189719+00:00,2026-07-09T20:59:09.587048+00:00,,,,1,33,27,12,0
bc2784238d7d4f1099930b042d57ebff,duckdb,1.5.4,tpcds,10,c8gd.12xlarge,compaction,bench_42ce6ed1,compaction,0,2026-07-09T20:59:16.266828+00:00,2026-07-09T20:59:16.408641+00:00,,,,2,30,30,0,0
bc2784238d7d4f1099930b042d57ebff,duckdb,1.5.4,tpcds,10,c8gd.12xlarge,compaction,bench_42ce6ed1,compaction,0,2026-07-09T20:59:23.038696+00:00,2026-07-09T20:59:23.183127+00:00,,,,3,30,30,0,0
bc2784238d7d4f1099930b042d57ebff,duckdb,1.5.4,tpcds,10,c8gd.12xlarge,compaction,bench_42ce6ed1,compaction,0,2026-07-09T20:59:30.008338+00:00,2026-07-09T20:59:30.157628+00:00,,,,4,30,30,0,0
bc2784238d7d4f1099930b042d57ebff,duckdb,1.5.4,tpcds,10,c8gd.12xlarge,compaction,bench_42ce6ed1,compaction,0,2026-07-09T20:59:37.184931+00:00,2026-07-09T20:59:37.334519+00:00,,,,5,30,30,0,0
33b10621fe7a4be1875705f705ff894a,duckdb,1.5.4,tpcds,10,c8gd.12xlarge,compaction,bench_4ad6c883,compaction,0,2026-07-09T21:03:49.209134+00:00,2026-07-09T21:03:53.802914+00:00,,,,1,33,27,12,0
33b10621fe7a4be1875705f705ff894a,duckdb,1.5.4,tpcds,10,c8gd.12xlarge,compaction,bench_4ad6c883,compaction,0,2026-07-09T21:04:02.028279+00:00,2026-07-09T21:04:06.422516+00:00,,,,2,36,27,15,0
33b10621fe7a4be1875705f705ff894a,duckdb,1.5.4,tpcds,10,c8gd.12xlarge,compaction,bench_4ad6c883,compaction,0,2026-07-09T21:04:15.923170+00:00,2026-07-09T21:04:20.594819+00:00,,,,3,39,27,18,0
33b10621fe7a4be1875705f705ff894a,duckdb,1.5.4,tpcds,10,c8gd.12xlarge,compaction,bench_4ad6c883,compaction,0,2026-07-09T21:04:31.165816+00:00,2026-07-09T21:04:37.730485+00:00,,,,4,42,27,21,0
33b10621fe7a4be1875705f705ff894a,duckdb,1.5.4,tpcds,10,c8gd.12xlarge,compaction,bench_4ad6c883,compaction,0,2026-07-09T21:04:49.812516+00:00,2026-07-09T21:04:56.553045+00:00,,,,5,45,27,24,0
5af268b9b94d4169983347a649a10db1,duckdb,1.6.0.dev280,tpch,1,local-dev,analytical,bench_c1515356,q01,0,2026-07-14T16:55:30.153297+00:00,2026-07-14T16:55:31.405164+00:00,true,,4,0,,,,
5af268b9b94d4169983347a649a10db1,duckdb,1.6.0.dev280,tpch,1,local-dev,analytical,bench_c1515356,q01,1,2026-07-14T16:55:31.406901+00:00,2026-07-14T16:55:32.620491+00:00,,,4,0,,,,
5af268b9b94d4169983347a649a10db1,duckdb,1.6.0.dev280,tpch,1,local-dev,analytical,bench_c1515356,q01,2,2026-07-14T16:55:32.620608+00:00,2026-07-14T16:55:33.859045+00:00,,,4,0,,,,
5af268b9b94d4169983347a649a10db1,duckdb,1.6.0.dev280,tpch,1,local-dev,analytical,bench_c1515356,q02,0,2026-07-14T16:55:34.312716+00:00,2026-07-14T16:55:34.741592+00:00,true,,100,0,,,,
5af268b9b94d4169983347a649a10db1,duckdb,1.6.0.dev280,tpch,1,local-dev,analytical,bench_c1515356,q02,1,2026-07-14T16:55:34.746145+00:00,2026-07-14T16:55:35.175327+00:00,,,100,0,,,,
5af268b9b94d4169983347a649a10db1,duckdb,1.6.0.dev280,tpch,1,local-dev,analytical,bench_c1515356,q02,2,2026-07-14T16:55:35.175477+00:00,2026-07-14T16:55:35.607478+00:00,,,100,0,,,,
5af268b9b94d4169983347a649a10db1,duckdb,1.6.0.dev280,tpch,1,local-dev,analytical,bench_c1515356,q03,0,2026-07-14T16:55:38.196215+00:00,2026-07-14T16:55:40.692338+00:00,true,,10,0,,,,
5af268b9b94d4169983347a649a10db1,duckdb,1.6.0.dev280,tpch,1,local-dev,analytical,bench_c1515356,q03,1,2026-07-14T16:55:40.694796+00:00,2026-07-14T16:55:43.201695+00:00,,,10,0,,,,
5af268b9b94d4169983347a649a10db1,duckdb,1.6.0.dev280,tpch,1,local-dev,analytical,bench_c1515356,q03,2,2026-07-14T16:55:43.201798+00:00,2026-07-14T16:55:45.739802+00:00,,,10,0,,,,
5af268b9b94d4169983347a649a10db1,duckdb,1.6.0.dev280,tpch,1,local-dev,analytical,bench_c1515356,q04,0,2026-07-14T16:55:48.168962+00:00,2026-07-14T16:55:50.521499+00:00,true,,5,0,,,,
5af268b9b94d4169983347a649a10db1,duckdb,1.6.0.dev280,tpch,1,local-dev,analytical,bench_c1515356,q04,1,2026-07-14T16:55:50.523215+00:00,2026-07-14T16:55:53.024537+00:00,,,5,0,,,,
5af268b9b94d4169983347a649a10db1,duckdb,1.6.0.dev280,tpch,1,local-dev,analytical,bench_c1515356,q04,2,2026-07-14T16:55:53.024642+00:00,2026-07-14T16:55:55.650738+00:00,,,5,0,,,,
5af268b9b94d4169983347a649a10db1,duckdb,1.6.0.dev280,tpch,1,local-dev,analytical,bench_c1515356,q05,0,2026-07-14T16:55:57.546667+00:00,2026-07-14T16:55:59.292688+00:00,true,,5,0,,,,
5af268b9b94d4169983347a649a10db1,duckdb,1.6.0.dev280,tpch,1,local-dev,analytical,bench_c1515356,q05,1,2026-07-14T16:55:59.293580+00:00,2026-07-14T16:56:01.034942+00:00,,,5,0,,,,
5af268b9b94d4169983347a649a10db1,duckdb,1.6.0.dev280,tpch,1,local-dev,analytical,bench_c1515356,q05,2,2026-07-14T16:56:01.035069+00:00,2026-07-14T16:56:02.748935+00:00,,,5,0,,,,
5af268b9b94d4169983347a649a10db1,duckdb,1.6.0.dev280,tpch,1,local-dev,analytical,bench_c1515356,q06,0,2026-07-14T16:56:03.977062+00:00,2026-07-14T16:56:05.217647+00:00,true,,1,0,,,,
5af268b9b94d4169983347a649a10db1,duckdb,1.6.0.dev280,tpch,1,local-dev,analytical,bench_c1515356,q06,1,2026-07-14T16:56:05.218842+00:00,2026-07-14T16:56:06.463084+00:00,,,1,0,,,,
5af268b9b94d4169983347a649a10db1,duckdb,1.6.0.dev280,tpch,1,local-dev,analytical,bench_c1515356,q06,2,2026-07-14T16:56:06.463177+00:00,2026-07-14T16:56:07.771868+00:00,,,1,0,,,,
5af268b9b94d4169983347a649a10db1,duckdb,1.6.0.dev280,tpch,1,local-dev,analytical,bench_c1515356,q07,0,2026-07-14T16:56:09.665132+00:00,2026-07-14T16:56:11.610130+00:00,true,,4,0,,,,
5af268b9b94d4169983347a649a10db1,duckdb,1.6.0.dev280,tpch,1,local-dev,analytical,bench_c1515356,q07,1,2026-07-14T16:56:11.611939+00:00,2026-07-14T16:56:13.594892+00:00,,,4,0,,,,
5af268b9b94d4169983347a649a10db1,duckdb,1.6.0.dev280,tpch,1,local-dev,analytical,bench_c1515356,q07,2,2026-07-14T16:56:13.594963+00:00,2026-07-14T16:56:15.410047+00:00,,,4,0,,,,
5af268b9b94d4169983347a649a10db1,duckdb,1.6.0.dev280,tpch,1,local-dev,analytical,bench_c1515356,q08,0,2026-07-14T16:56:17.239096+00:00,2026-07-14T16:56:19.131835+00:00,true,,2,0,,,,
5af268b9b94d4169983347a649a10db1,duckdb,1.6.0.dev280,tpch,1,local-dev,analytical,bench_c1515356,q08,1,2026-07-14T16:56:19.132449+00:00,2026-07-14T16:56:20.944802+00:00,,,2,0,,,,
5af268b9b94d4169983347a649a10db1,duckdb,1.6.0.dev280,tpch,1,local-dev,analytical,bench_c1515356,q08,2,2026-07-14T16:56:20.944970+00:00,2026-07-14T16:56:22.735149+00:00,,,2,0,,,,
5af268b9b94d4169983347a649a10db1,duckdb,1.6.0.dev280,tpch,1,local-dev,analytical,bench_c1515356,q09,0,2026-07-14T16:56:24.611960+00:00,2026-07-14T16:56:26.486191+00:00,true,,175,0,,,,
5af268b9b94d4169983347a649a10db1,duckdb,1.6.0.dev280,tpch,1,local-dev,analytical,bench_c1515356,q09,1,2026-07-14T16:56:26.490352+00:00,2026-07-14T16:56:28.351187+00:00,,,175,0,,,,
5af268b9b94d4169983347a649a10db1,duckdb,1.6.0.dev280,tpch,1,local-dev,analytical,bench_c1515356,q09,2,2026-07-14T16:56:28.351275+00:00,2026-07-14T16:56:30.201543+00:00,,,175,0,,,,
5af268b9b94d4169983347a649a10db1,duckdb,1.6.0.dev280,tpch,1,local-dev,analytical,bench_c1515356,q10,0,2026-07-14T16:56:33.892032+00:00,2026-07-14T16:56:37.700132+00:00,true,,20,0,,,,
5af268b9b94d4169983347a649a10db1,duckdb,1.6.0.dev280,tpch,1,local-dev,analytical,bench_c1515356,q10,1,2026-07-14T16:56:37.701571+00:00,2026-07-14T16:56:41.293688+00:00,,,20,0,,,,
5af268b9b94d4169983347a649a10db1,duckdb,1.6.0.dev280,tpch,1,local-dev,analytical,bench_c1515356,q10,2,2026-07-14T16:56:41.293742+00:00,2026-07-14T16:56:44.728521+00:00,,,20,0,,,,
5af268b9b94d4169983347a649a10db1,duckdb,1.6.0.dev280,tpch,1,local-dev,analytical,bench_c1515356,q11,0,2026-07-14T16:56:45.079661+00:00,2026-07-14T16:56:45.457670+00:00,true,,1048,0,,,,
5af268b9b94d4169983347a649a10db1,duckdb,1.6.0.dev280,tpch,1,local-dev,analytical,bench_c1515356,q11,1,2026-07-14T16:56:45.461956+00:00,2026-07-14T16:56:45.914064+00:00,,,1048,0,,,,
5af268b9b94d4169983347a649a10db1,duckdb,1.6.0.dev280,tpch,1,local-dev,analytical,bench_c1515356,q11,2,2026-07-14T16:56:45.914271+00:00,2026-07-14T16:56:46.308515+00:00,,,1048,0,,,,
5af268b9b94d4169983347a649a10db1,duckdb,1.6.0.dev280,tpch,1,local-dev,analytical,bench_c1515356,q12,0,2026-07-14T16:56:48.923088+00:00,2026-07-14T16:56:51.516849+00:00,true,,2,0,,,,
5af268b9b94d4169983347a649a10db1,duckdb,1.6.0.dev280,tpch,1,local-dev,analytical,bench_c1515356,q12,1,2026-07-14T16:56:51.518337+00:00,2026-07-14T16:56:54.117816+00:00,,,2,0,,,,
5af268b9b94d4169983347a649a10db1,duckdb,1.6.0.dev280,tpch,1,local-dev,analytical,bench_c1515356,q12,2,2026-07-14T16:56:54.117888+00:00,2026-07-14T16:56:56.718136+00:00,,,2,0,,,,
5af268b9b94d4169983347a649a10db1,duckdb,1.6.0.dev280,tpch,1,local-dev,analytical,bench_c1515356,q13,0,2026-07-14T16:56:57.391350+00:00,2026-07-14T16:56:58.034000+00:00,true,,42,0,,,,
5af268b9b94d4169983347a649a10db1,duckdb,1.6.0.dev280,tpch,1,local-dev,analytical,bench_c1515356,q13,1,2026-07-14T16:56:58.035239+00:00,2026-07-14T16:56:58.629376+00:00,,,42,0,,,,
5af268b9b94d4169983347a649a10db1,duckdb,1.6.0.dev280,tpch,1,local-dev,analytical,bench_c1515356,q13,2,2026-07-14T16:56:58.629423+00:00,2026-07-14T16:56:59.238611+00:00,,,42,0,,,,
5af268b9b94d4169983347a649a10db1,duckdb,1.6.0.dev280,tpch,1,local-dev,analytical,bench_c1515356,q14,0,2026-07-14T16:57:00.621940+00:00,2026-07-14T16:57:02.003750+00:00,true,,1,0,,,,
5af268b9b94d4169983347a649a10db1,duckdb,1.6.0.dev280,tpch,1,local-dev,analytical,bench_c1515356,q14,1,2026-07-14T16:57:02.005777+00:00,2026-07-14T16:57:03.372274+00:00,,,1,0,,,,
5af268b9b94d4169983347a649a10db1,duckdb,1.6.0.dev280,tpch,1,local-dev,analytical,bench_c1515356,q14,2,2026-07-14T16:57:03.372438+00:00,2026-07-14T16:57:04.792645+00:00,,,1,0,,,,
5af268b9b94d4169983347a649a10db1,duckdb,1.6.0.dev280,tpch,1,local-dev,analytical,bench_c1515356,q15,0,2026-07-14T16:57:06.068433+00:00,2026-07-14T16:57:07.342508+00:00,true,,1,0,,,,
5af268b9b94d4169983347a649a10db1,duckdb,1.6.0.dev280,tpch,1,local-dev,analytical,bench_c1515356,q15,1,2026-07-14T16:57:07.343832+00:00,2026-07-14T16:57:08.633907+00:00,,,1,0,,,,
5af268b9b94d4169983347a649a10db1,duckdb,1.6.0.dev280,tpch,1,local-dev,analytical,bench_c1515356,q15,2,2026-07-14T16:57:08.634004+00:00,2026-07-14T16:57:09.861304+00:00,,,1,0,,,,
5af268b9b94d4169983347a649a10db1,duckdb,1.6.0.dev280,tpch,1,local-dev,analytical,bench_c1515356,q16,0,2026-07-14T16:57:10.186196+00:00,2026-07-14T16:57:10.482138+00:00,true,,18314,0,,,,
5af268b9b94d4169983347a649a10db1,duckdb,1.6.0.dev280,tpch,1,local-dev,analytical,bench_c1515356,q16,1,2026-07-14T16:57:10.549933+00:00,2026-07-14T16:57:10.825588+00:00,,,18314,0,,,,
5af268b9b94d4169983347a649a10db1,duckdb,1.6.0.dev280,tpch,1,local-dev,analytical,bench_c1515356,q16,2,2026-07-14T16:57:10.826151+00:00,2026-07-14T16:57:11.116749+00:00,,,18314,0,,,,
5af268b9b94d4169983347a649a10db1,duckdb,1.6.0.dev280,tpch,1,local-dev,analytical,bench_c1515356,q17,0,2026-07-14T16:57:14.278442+00:00,2026-07-14T16:57:17.422003+00:00,true,,1,0,,,,
5af268b9b94d4169983347a649a10db1,duckdb,1.6.0.dev280,tpch,1,local-dev,analytical,bench_c1515356,q17,1,2026-07-14T16:57:17.423420+00:00,2026-07-14T16:57:20.997831+00:00,,,1,0,,,,
5af268b9b94d4169983347a649a10db1,duckdb,1.6.0.dev280,tpch,1,local-dev,analytical,bench_c1515356,q17,2,2026-07-14T16:57:20.997945+00:00,2026-07-14T16:57:24.338368+00:00,,,1,0,,,,
5af268b9b94d4169983347a649a10db1,duckdb,1.6.0.dev280,tpch,1,local-dev,analytical,bench_c1515356,q18,0,2026-07-14T16:57:25.844893+00:00,2026-07-14T16:57:27.265452+00:00,true,,57,0,,,,
5af268b9b94d4169983347a649a10db1,duckdb,1.6.0.dev280,tpch,1,local-dev,analytical,bench_c1515356,q18,1,2026-07-14T16:57:27.266846+00:00,2026-07-14T16:57:28.704466+00:00,,,57,0,,,,
5af268b9b94d4169983347a649a10db1,duckdb,1.6.0.dev280,tpch,1,local-dev,analytical,bench_c1515356,q18,2,2026-07-14T16:57:28.704514+00:00,2026-07-14T16:57:30.189023+00:00,,,57,0,,,,
5af268b9b94d4169983347a649a10db1,duckdb,1.6.0.dev280,tpch,1,local-dev,analytical,bench_c1515356,q19,0,2026-07-14T16:57:35.023223+00:00,2026-07-14T16:57:40.042245+00:00,true,,1,0,,,,
5af268b9b94d4169983347a649a10db1,duckdb,1.6.0.dev280,tpch,1,local-dev,analytical,bench_c1515356,q19,1,2026-07-14T16:57:40.043758+00:00,2026-07-14T16:57:44.928148+00:00,,,1,0,,,,
5af268b9b94d4169983347a649a10db1,duckdb,1.6.0.dev280,tpch,1,local-dev,analytical,bench_c1515356,q19,2,2026-07-14T16:57:44.928320+00:00,2026-07-14T16:57:50.355226+00:00,,,1,0,,,,
5af268b9b94d4169983347a649a10db1,duckdb,1.6.0.dev280,tpch,1,local-dev,analytical,bench_c1515356,q20,0,2026-07-14T16:57:51.936880+00:00,2026-07-14T16:57:53.517695+00:00,true,,186,0,,,,
5af268b9b94d4169983347a649a10db1,duckdb,1.6.0.dev280,tpch,1,local-dev,analytical,bench_c1515356,q20,1,2026-07-14T16:57:53.520676+00:00,2026-07-14T16:57:55.226773+00:00,,,186,0,,,,
5af268b9b94d4169983347a649a10db1,duckdb,1.6.0.dev280,tpch,1,local-dev,analytical,bench_c1515356,q20,2,2026-07-14T16:57:55.226997+00:00,2026-07-14T16:57:56.980862+00:00,,,186,0,,,,
5af268b9b94d4169983347a649a10db1,duckdb,1.6.0.dev280,tpch,1,local-dev,analytical,bench_c1515356,q21,0,2026-07-14T16:58:03.329950+00:00,2026-07-14T16:58:09.919972+00:00,true,,100,0,,,,
5af268b9b94d4169983347a649a10db1,duckdb,1.6.0.dev280,tpch,1,local-dev,analytical,bench_c1515356,q21,1,2026-07-14T16:58:09.922638+00:00,2026-07-14T16:58:16.234657+00:00,,,100,0,,,,
5af268b9b94d4169983347a649a10db1,duckdb,1.6.0.dev280,tpch,1,local-dev,analytical,bench_c1515356,q21,2,2026-07-14T16:58:16.234777+00:00,2026-07-14T16:58:22.382814+00:00,,,100,0,,,,
5af268b9b94d4169983347a649a10db1,duckdb,1.6.0.dev280,tpch,1,local-dev,analytical,bench_c1515356,q22,0,2026-07-14T16:58:22.833294+00:00,2026-07-14T16:58:23.258746+00:00,true,,7,0,,,,
5af268b9b94d4169983347a649a10db1,duckdb,1.6.0.dev280,tpch,1,local-dev,analytical,bench_c1515356,q22,1,2026-07-14T16:58:23.260099+00:00,2026-07-14T16:58:23.830297+00:00,,,7,0,,,,
5af268b9b94d4169983347a649a10db1,duckdb,1.6.0.dev280,tpch,1,local-dev,analytical,bench_c1515356,q22,2,2026-07-14T16:58:23.830422+00:00,2026-07-14T16:58:24.321933+00:00,,,7,0,,,,
64f5acee0aca451ca0ea245879a80b06,duckdb,1.5.2,tpch,1,local-dev,analytical,bench_957dfc8f,q01,0,2026-07-14T17:03:08.982316+00:00,2026-07-14T17:03:09.198961+00:00,true,,4,0,,,,
64f5acee0aca451ca0ea245879a80b06,duckdb,1.5.2,tpch,1,local-dev,analytical,bench_957dfc8f,q01,1,2026-07-14T17:03:09.200091+00:00,2026-07-14T17:03:09.412130+00:00,,,4,0,,,,
64f5acee0aca451ca0ea245879a80b06,duckdb,1.5.2,tpch,1,local-dev,analytical,bench_957dfc8f,q01,2,2026-07-14T17:03:09.412175+00:00,2026-07-14T17:03:09.620532+00:00,,,4,0,,,,
64f5acee0aca451ca0ea245879a80b06,duckdb,1.5.2,tpch,1,local-dev,analytical,bench_957dfc8f,q02,0,2026-07-14T17:03:09.728069+00:00,2026-07-14T17:03:09.840614+00:00,true,,100,0,,,,
64f5acee0aca451ca0ea245879a80b06,duckdb,1.5.2,tpch,1,local-dev,analytical,bench_957dfc8f,q02,1,2026-07-14T17:03:09.842853+00:00,2026-07-14T17:03:09.959595+00:00,,,100,0,,,,
64f5acee0aca451ca0ea245879a80b06,duckdb,1.5.2,tpch,1,local-dev,analytical,bench_957dfc8f,q02,2,2026-07-14T17:03:09.959645+00:00,2026-07-14T17:03:10.090938+00:00,,,100,0,,,,
64f5acee0aca451ca0ea245879a80b06,duckdb,1.5.2,tpch,1,local-dev,analytical,bench_957dfc8f,q03,0,2026-07-14T17:03:10.357224+00:00,2026-07-14T17:03:10.690067+00:00,true,,10,0,,,,
64f5acee0aca451ca0ea245879a80b06,duckdb,1.5.2,tpch,1,local-dev,analytical,bench_957dfc8f,q03,1,2026-07-14T17:03:10.690510+00:00,2026-07-14T17:03:11.011958+00:00,,,10,0,,,,
64f5acee0aca451ca0ea245879a80b06,duckdb,1.5.2,tpch,1,local-dev,analytical,bench_957dfc8f,q03,2,2026-07-14T17:03:11.012004+00:00,2026-07-14T17:03:11.280350+00:00,,,10,0,,,,
64f5acee0aca451ca0ea245879a80b06,duckdb,1.5.2,tpch,1,local-dev,analytical,bench_957dfc8f,q04,0,2026-07-14T17:03:11.451499+00:00,2026-07-14T17:03:11.617064+00:00,true,,5,0,,,,
64f5acee0aca451ca0ea245879a80b06,duckdb,1.5.2,tpch,1,local-dev,analytical,bench_957dfc8f,q04,1,2026-07-14T17:03:11.618134+00:00,2026-07-14T17:03:11.784898+00:00,,,5,0,,,,
64f5acee0aca451ca0ea245879a80b06,duckdb,1.5.2,tpch,1,local-dev,analytical,bench_957dfc8f,q04,2,2026-07-14T17:03:11.784943+00:00,2026-07-14T17:03:11.952526+00:00,,,5,0,,,,
64f5acee0aca451ca0ea245879a80b06,duckdb,1.5.2,tpch,1,local-dev,analytical,bench_957dfc8f,q05,0,2026-07-14T17:03:12.225489+00:00,2026-07-14T17:03:12.494626+00:00,true,,5,0,,,,
64f5acee0aca451ca0ea245879a80b06,duckdb,1.5.2,tpch,1,local-dev,analytical,bench_957dfc8f,q05,1,2026-07-14T17:03:12.495748+00:00,2026-07-14T17:03:12.766965+00:00,,,5,0,,,,
64f5acee0aca451ca0ea245879a80b06,duckdb,1.5.2,tpch,1,local-dev,analytical,bench_957dfc8f,q05,2,2026-07-14T17:03:12.767012+00:00,2026-07-14T17:03:13.044047+00:00,,,5,0,,,,
64f5acee0aca451ca0ea245879a80b06,duckdb,1.5.2,tpch,1,local-dev,analytical,bench_957dfc8f,q06,0,2026-07-14T17:03:13.250564+00:00,2026-07-14T17:03:13.455975+00:00,true,,1,0,,,,
64f5acee0aca451ca0ea245879a80b06,duckdb,1.5.2,tpch,1,local-dev,analytical,bench_957dfc8f,q06,1,2026-07-14T17:03:13.457572+00:00,2026-07-14T17:03:13.663222+00:00,,,1,0,,,,
64f5acee0aca451ca0ea245879a80b06,duckdb,1.5.2,tpch,1,local-dev,analytical,bench_957dfc8f,q06,2,2026-07-14T17:03:13.663270+00:00,2026-07-14T17:03:13.869603+00:00,,,1,0,,,,
64f5acee0aca451ca0ea245879a80b06,duckdb,1.5.2,tpch,1,local-dev,analytical,bench_957dfc8f,q07,0,2026-07-14T17:03:14.177531+00:00,2026-07-14T17:03:14.477023+00:00,true,,4,0,,,,
64f5acee0aca451ca0ea245879a80b06,duckdb,1.5.2,tpch,1,local-dev,analytical,bench_957dfc8f,q07,1,2026-07-14T17:03:14.478073+00:00,2026-07-14T17:03:14.774047+00:00,,,4,0,,,,
64f5acee0aca451ca0ea245879a80b06,duckdb,1.5.2,tpch,1,local-dev,analytical,bench_957dfc8f,q07,2,2026-07-14T17:03:14.774089+00:00,2026-07-14T17:03:15.073929+00:00,,,4,0,,,,
64f5acee0aca451ca0ea245879a80b06,duckdb,1.5.2,tpch,1,local-dev,analytical,bench_957dfc8f,q08,0,2026-07-14T17:03:15.458927+00:00,2026-07-14T17:03:15.808146+00:00,true,,2,0,,,,
64f5acee0aca451ca0ea245879a80b06,duckdb,1.5.2,tpch,1,local-dev,analytical,bench_957dfc8f,q08,1,2026-07-14T17:03:15.809081+00:00,2026-07-14T17:03:16.181623+00:00,,,2,0,,,,
64f5acee0aca451ca0ea245879a80b06,duckdb,1.5.2,tpch,1,local-dev,analytical,bench_957dfc8f,q08,2,2026-07-14T17:03:16.181674+00:00,2026-07-14T17:03:16.530174+00:00,,,2,0,,,,
64f5acee0aca451ca0ea245879a80b06,duckdb,1.5.2,tpch,1,local-dev,analytical,bench_957dfc8f,q09,0,2026-07-14T17:03:16.909110+00:00,2026-07-14T17:03:17.289770+00:00,true,,175,0,,,,
64f5acee0aca451ca0ea245879a80b06,duckdb,1.5.2,tpch,1,local-dev,analytical,bench_957dfc8f,q09,1,2026-07-14T17:03:17.290675+00:00,2026-07-14T17:03:17.665635+00:00,,,175,0,,,,
64f5acee0aca451ca0ea245879a80b06,duckdb,1.5.2,tpch,1,local-dev,analytical,bench_957dfc8f,q09,2,2026-07-14T17:03:17.665681+00:00,2026-07-14T17:03:18.070581+00:00,,,175,0,,,,
64f5acee0aca451ca0ea245879a80b06,duckdb,1.5.2,tpch,1,local-dev,analytical,bench_957dfc8f,q10,0,2026-07-14T17:03:18.392502+00:00,2026-07-14T17:03:18.705251+00:00,true,,20,0,,,,
64f5acee0aca451ca0ea245879a80b06,duckdb,1.5.2,tpch,1,local-dev,analytical,bench_957dfc8f,q10,1,2026-07-14T17:03:18.706390+00:00,2026-07-14T17:03:19.028673+00:00,,,20,0,,,,
64f5acee0aca451ca0ea245879a80b06,duckdb,1.5.2,tpch,1,local-dev,analytical,bench_957dfc8f,q10,2,2026-07-14T17:03:19.028719+00:00,2026-07-14T17:03:19.344298+00:00,,,20,0,,,,
64f5acee0aca451ca0ea245879a80b06,duckdb,1.5.2,tpch,1,local-dev,analytical,bench_957dfc8f,q11,0,2026-07-14T17:03:19.428539+00:00,2026-07-14T17:03:19.507626+00:00,true,,1048,0,,,,
64f5acee0aca451ca0ea245879a80b06,duckdb,1.5.2,tpch,1,local-dev,analytical,bench_957dfc8f,q11,1,2026-07-14T17:03:19.510523+00:00,2026-07-14T17:03:19.593334+00:00,,,1048,0,,,,
64f5acee0aca451ca0ea245879a80b06,duckdb,1.5.2,tpch,1,local-dev,analytical,bench_957dfc8f,q11,2,2026-07-14T17:03:19.593394+00:00,2026-07-14T17:03:19.674367+00:00,,,1048,0,,,,
64f5acee0aca451ca0ea245879a80b06,duckdb,1.5.2,tpch,1,local-dev,analytical,bench_957dfc8f,q12,0,2026-07-14T17:03:19.905324+00:00,2026-07-14T17:03:20.162223+00:00,true,,2,0,,,,
64f5acee0aca451ca0ea245879a80b06,duckdb,1.5.2,tpch,1,local-dev,analytical,bench_957dfc8f,q12,1,2026-07-14T17:03:20.163297+00:00,2026-07-14T17:03:20.400101+00:00,,,2,0,,,,
64f5acee0aca451ca0ea245879a80b06,duckdb,1.5.2,tpch,1,local-dev,analytical,bench_957dfc8f,q12,2,2026-07-14T17:03:20.400142+00:00,2026-07-14T17:03:20.632343+00:00,,,2,0,,,,
64f5acee0aca451ca0ea245879a80b06,duckdb,1.5.2,tpch,1,local-dev,analytical,bench_957dfc8f,q13,0,2026-07-14T17:03:20.802184+00:00,2026-07-14T17:03:20.968383+00:00,true,,42,0,,,,
64f5acee0aca451ca0ea245879a80b06,duckdb,1.5.2,tpch,1,local-dev,analytical,bench_957dfc8f,q13,1,2026-07-14T17:03:20.969495+00:00,2026-07-14T17:03:21.149955+00:00,,,42,0,,,,
64f5acee0aca451ca0ea245879a80b06,duckdb,1.5.2,tpch,1,local-dev,analytical,bench_957dfc8f,q13,2,2026-07-14T17:03:21.150003+00:00,2026-07-14T17:03:21.321263+00:00,,,42,0,,,,
64f5acee0aca451ca0ea245879a80b06,duckdb,1.5.2,tpch,1,local-dev,analytical,bench_957dfc8f,q14,0,2026-07-14T17:03:21.556599+00:00,2026-07-14T17:03:21.797145+00:00,true,,1,0,,,,
64f5acee0aca451ca0ea245879a80b06,duckdb,1.5.2,tpch,1,local-dev,analytical,bench_957dfc8f,q14,1,2026-07-14T17:03:21.798211+00:00,2026-07-14T17:03:22.034575+00:00,,,1,0,,,,
64f5acee0aca451ca0ea245879a80b06,duckdb,1.5.2,tpch,1,local-dev,analytical,bench_957dfc8f,q14,2,2026-07-14T17:03:22.034623+00:00,2026-07-14T17:03:22.267136+00:00,,,1,0,,,,
64f5acee0aca451ca0ea245879a80b06,duckdb,1.5.2,tpch,1,local-dev,analytical,bench_957dfc8f,q15,0,2026-07-14T17:03:22.484353+00:00,2026-07-14T17:03:22.692488+00:00,true,,1,0,,,,
64f5acee0aca451ca0ea245879a80b06,duckdb,1.5.2,tpch,1,local-dev,analytical,bench_957dfc8f,q15,1,2026-07-14T17:03:22.693517+00:00,2026-07-14T17:03:22.900896+00:00,,,1,0,,,,
64f5acee0aca451ca0ea245879a80b06,duckdb,1.5.2,tpch,1,local-dev,analytical,bench_957dfc8f,q15,2,2026-07-14T17:03:22.900937+00:00,2026-07-14T17:03:23.126578+00:00,,,1,0,,,,
64f5acee0aca451ca0ea245879a80b06,duckdb,1.5.2,tpch,1,local-dev,analytical,bench_957dfc8f,q16,0,2026-07-14T17:03:23.194749+00:00,2026-07-14T17:03:23.256760+00:00,true,,18314,0,,,,
64f5acee0aca451ca0ea245879a80b06,duckdb,1.5.2,tpch,1,local-dev,analytical,bench_957dfc8f,q16,1,2026-07-14T17:03:23.312455+00:00,2026-07-14T17:03:23.375471+00:00,,,18314,0,,,,
64f5acee0aca451ca0ea245879a80b06,duckdb,1.5.2,tpch,1,local-dev,analytical,bench_957dfc8f,q16,2,2026-07-14T17:03:23.375976+00:00,2026-07-14T17:03:23.441170+00:00,,,18314,0,,,,
64f5acee0aca451ca0ea245879a80b06,duckdb,1.5.2,tpch,1,local-dev,analytical,bench_957dfc8f,q17,0,2026-07-14T17:03:23.775312+00:00,2026-07-14T17:03:24.088569+00:00,true,,1,0,,,,
64f5acee0aca451ca0ea245879a80b06,duckdb,1.5.2,tpch,1,local-dev,analytical,bench_957dfc8f,q17,1,2026-07-14T17:03:24.089351+00:00,2026-07-14T17:03:24.425179+00:00,,,1,0,,,,
64f5acee0aca451ca0ea245879a80b06,duckdb,1.5.2,tpch,1,local-dev,analytical,bench_957dfc8f,q17,2,2026-07-14T17:03:24.425230+00:00,2026-07-14T17:03:24.737849+00:00,,,1,0,,,,
64f5acee0aca451ca0ea245879a80b06,duckdb,1.5.2,tpch,1,local-dev,analytical,bench_957dfc8f,q18,0,2026-07-14T17:03:24.997643+00:00,2026-07-14T17:03:25.261390+00:00,true,,57,0,,,,
64f5acee0aca451ca0ea245879a80b06,duckdb,1.5.2,tpch,1,local-dev,analytical,bench_957dfc8f,q18,1,2026-07-14T17:03:25.262127+00:00,2026-07-14T17:03:25.631124+00:00,,,57,0,,,,
64f5acee0aca451ca0ea245879a80b06,duckdb,1.5.2,tpch,1,local-dev,analytical,bench_957dfc8f,q18,2,2026-07-14T17:03:25.631173+00:00,2026-07-14T17:03:25.974814+00:00,,,57,0,,,,
64f5acee0aca451ca0ea245879a80b06,duckdb,1.5.2,tpch,1,local-dev,analytical,bench_957dfc8f,q19,0,2026-07-14T17:03:26.263625+00:00,2026-07-14T17:03:26.563784+00:00,true,,1,0,,,,
64f5acee0aca451ca0ea245879a80b06,duckdb,1.5.2,tpch,1,local-dev,analytical,bench_957dfc8f,q19,1,2026-07-14T17:03:26.564715+00:00,2026-07-14T17:03:26.867184+00:00,,,1,0,,,,
64f5acee0aca451ca0ea245879a80b06,duckdb,1.5.2,tpch,1,local-dev,analytical,bench_957dfc8f,q19,2,2026-07-14T17:03:26.867228+00:00,2026-07-14T17:03:27.162591+00:00,,,1,0,,,,
64f5acee0aca451ca0ea245879a80b06,duckdb,1.5.2,tpch,1,local-dev,analytical,bench_957dfc8f,q20,0,2026-07-14T17:03:27.452145+00:00,2026-07-14T17:03:27.743618+00:00,true,,186,0,,,,
64f5acee0aca451ca0ea245879a80b06,duckdb,1.5.2,tpch,1,local-dev,analytical,bench_957dfc8f,q20,1,2026-07-14T17:03:27.744412+00:00,2026-07-14T17:03:28.066546+00:00,,,186,0,,,,
64f5acee0aca451ca0ea245879a80b06,duckdb,1.5.2,tpch,1,local-dev,analytical,bench_957dfc8f,q20,2,2026-07-14T17:03:28.066591+00:00,2026-07-14T17:03:28.368334+00:00,,,186,0,,,,
64f5acee0aca451ca0ea245879a80b06,duckdb,1.5.2,tpch,1,local-dev,analytical,bench_957dfc8f,q21,0,2026-07-14T17:03:28.891669+00:00,2026-07-14T17:03:29.423713+00:00,true,,100,0,,,,
64f5acee0aca451ca0ea245879a80b06,duckdb,1.5.2,tpch,1,local-dev,analytical,bench_957dfc8f,q21,1,2026-07-14T17:03:29.424294+00:00,2026-07-14T17:03:29.951859+00:00,,,100,0,,,,
64f5acee0aca451ca0ea245879a80b06,duckdb,1.5.2,tpch,1,local-dev,analytical,bench_957dfc8f,q21,2,2026-07-14T17:03:29.951911+00:00,2026-07-14T17:03:30.498816+00:00,,,100,0,,,,
64f5acee0aca451ca0ea245879a80b06,duckdb,1.5.2,tpch,1,local-dev,analytical,bench_957dfc8f,q22,0,2026-07-14T17:03:30.582552+00:00,2026-07-14T17:03:30.663136+00:00,true,,7,0,,,,
64f5acee0aca451ca0ea245879a80b06,duckdb,1.5.2,tpch,1,local-dev,analytical,bench_957dfc8f,q22,1,2026-07-14T17:03:30.663491+00:00,2026-07-14T17:03:30.749571+00:00,,,7,0,,,,
64f5acee0aca451ca0ea245879a80b06,duckdb,1.5.2,tpch,1,local-dev,analytical,bench_957dfc8f,q22,2,2026-07-14T17:03:30.749613+00:00,2026-07-14T17:03:30.831533+00:00,,,7,0,,,,
0adb45e62d314117952f668aba2485f2,duckdb,1.5.2,tpcds,1,local-dev,analytical,bench_eadf583a,q01,0,2026-07-14T19:27:05.492760+00:00,2026-07-14T19:27:05.563664+00:00,true,,100,0,,,,
0adb45e62d314117952f668aba2485f2,duckdb,1.5.2,tpcds,1,local-dev,analytical,bench_eadf583a,q01,1,2026-07-14T19:27:05.564220+00:00,2026-07-14T19:27:05.652855+00:00,,,100,0,,,,
0adb45e62d314117952f668aba2485f2,duckdb,1.5.2,tpcds,1,local-dev,analytical,bench_eadf583a,q01,2,2026-07-14T19:27:05.652911+00:00,2026-07-14T19:27:05.748981+00:00,,,100,0,,,,
0adb45e62d314117952f668aba2485f2,duckdb,1.5.2,tpcds,1,local-dev,analytical,bench_eadf583a,q02,0,2026-07-14T19:27:05.871753+00:00,2026-07-14T19:27:05.976424+00:00,true,,2513,0,,,,
0adb45e62d314117952f668aba2485f2,duckdb,1.5.2,tpcds,1,local-dev,analytical,bench_eadf583a,q02,1,2026-07-14T19:27:05.984239+00:00,2026-07-14T19:27:06.070415+00:00,,,2513,0,,,,
0adb45e62d314117952f668aba2485f2,duckdb,1.5.2,tpcds,1,local-dev,analytical,bench_eadf583a,q02,2,2026-07-14T19:27:06.070581+00:00,2026-07-14T19:27:06.156127+00:00,,,2513,0,,,,
0adb45e62d314117952f668aba2485f2,duckdb,1.5.2,tpcds,1,local-dev,analytical,bench_eadf583a,q03,0,2026-07-14T19:27:06.266728+00:00,2026-07-14T19:27:06.378059+00:00,true,,89,0,,,,
0adb45e62d314117952f668aba2485f2,duckdb,1.5.2,tpcds,1,local-dev,analytical,bench_eadf583a,q03,1,2026-07-14T19:27:06.378650+00:00,2026-07-14T19:27:06.493697+00:00,,,89,0,,,,
0adb45e62d314117952f668aba2485f2,duckdb,1.5.2,tpcds,1,local-dev,analytical,bench_eadf583a,q03,2,2026-07-14T19:27:06.493745+00:00,2026-07-14T19:27:06.604706+00:00,,,89,0,,,,
0adb45e62d314117952f668aba2485f2,duckdb,1.5.2,tpcds,1,local-dev,analytical,bench_eadf583a,q04,0,2026-07-14T19:27:06.979607+00:00,2026-07-14T19:27:07.329377+00:00,true,,6,0,,,,
0adb45e62d314117952f668aba2485f2,duckdb,1.5.2,tpcds,1,local-dev,analytical,bench_eadf583a,q04,1,2026-07-14T19:27:07.330667+00:00,2026-07-14T19:27:07.685917+00:00,,,6,0,,,,
0adb45e62d314117952f668aba2485f2,duckdb,1.5.2,tpcds,1,local-dev,analytical,bench_eadf583a,q04,2,2026-07-14T19:27:07.685962+00:00,2026-07-14T19:27:08.046278+00:00,,,6,0,,,,
0adb45e62d314117952f668aba2485f2,duckdb,1.5.2,tpcds,1,local-dev,analytical,bench_eadf583a,q05,0,2026-07-14T19:27:08.313810+00:00,2026-07-14T19:27:08.543943+00:00,true,,100,0,,,,
0adb45e62d314117952f668aba2485f2,duckdb,1.5.2,tpcds,1,local-dev,analytical,bench_eadf583a,q05,1,2026-07-14T19:27:08.545285+00:00,2026-07-14T19:27:08.804204+00:00,,,100,0,,,,
0adb45e62d314117952f668aba2485f2,duckdb,1.5.2,tpcds,1,local-dev,analytical,bench_eadf583a,q05,2,2026-07-14T19:27:08.804258+00:00,2026-07-14T19:27:09.054193+00:00,,,100,0,,,,
0adb45e62d314117952f668aba2485f2,duckdb,1.5.2,tpcds,1,local-dev,analytical,bench_eadf583a,q06,0,2026-07-14T19:27:09.187588+00:00,2026-07-14T19:27:09.317918+00:00,true,,46,0,,,,
0adb45e62d314117952f668aba2485f2,duckdb,1.5.2,tpcds,1,local-dev,analytical,bench_eadf583a,q06,1,2026-07-14T19:27:09.320189+00:00,2026-07-14T19:27:09.456000+00:00,,,46,0,,,,
0adb45e62d314117952f668aba2485f2,duckdb,1.5.2,tpcds,1,local-dev,analytical,bench_eadf583a,q06,2,2026-07-14T19:27:09.456058+00:00,2026-07-14T19:27:09.585025+00:00,,,46,0,,,,
0adb45e62d314117952f668aba2485f2,duckdb,1.5.2,tpcds,1,local-dev,analytical,bench_eadf583a,q07,0,2026-07-14T19:27:09.865652+00:00,2026-07-14T19:27:10.164842+00:00,true,,100,0,,,,
0adb45e62d314117952f668aba2485f2,duckdb,1.5.2,tpcds,1,local-dev,analytical,bench_eadf583a,q07,1,2026-07-14T19:27:10.166108+00:00,2026-07-14T19:27:10.467075+00:00,,,100,0,,,,
0adb45e62d314117952f668aba2485f2,duckdb,1.5.2,tpcds,1,local-dev,analytical,bench_eadf583a,q07,2,2026-07-14T19:27:10.467120+00:00,2026-07-14T19:27:10.741738+00:00,,,100,0,,,,
0adb45e62d314117952f668aba2485f2,duckdb,1.5.2,tpcds,1,local-dev,analytical,bench_eadf583a,q08,0,2026-07-14T19:27:10.858919+00:00,2026-07-14T19:27:10.981733+00:00,true,,5,0,,,,
0adb45e62d314117952f668aba2485f2,duckdb,1.5.2,tpcds,1,local-dev,analytical,bench_eadf583a,q08,1,2026-07-14T19:27:10.982292+00:00,2026-07-14T19:27:11.104400+00:00,,,5,0,,,,
0adb45e62d314117952f668aba2485f2,duckdb,1.5.2,tpcds,1,local-dev,analytical,bench_eadf583a,q08,2,2026-07-14T19:27:11.104447+00:00,2026-07-14T19:27:11.233337+00:00,,,5,0,,,,
0adb45e62d314117952f668aba2485f2,duckdb,1.5.2,tpcds,1,local-dev,analytical,bench_eadf583a,q09,0,2026-07-14T19:27:11.880823+00:00,2026-07-14T19:27:12.534458+00:00,true,,1,0,,,,
0adb45e62d314117952f668aba2485f2,duckdb,1.5.2,tpcds,1,local-dev,analytical,bench_eadf583a,q09,1,2026-07-14T19:27:12.534860+00:00,2026-07-14T19:27:13.178591+00:00,,,1,0,,,,
0adb45e62d314117952f668aba2485f2,duckdb,1.5.2,tpcds,1,local-dev,analytical,bench_eadf583a,q09,2,2026-07-14T19:27:13.178632+00:00,2026-07-14T19:27:13.832105+00:00,,,1,0,,,,
0adb45e62d314117952f668aba2485f2,duckdb,1.5.2,tpcds,1,local-dev,analytical,bench_eadf583a,q10,0,2026-07-14T19:27:13.983227+00:00,2026-07-14T19:27:14.128137+00:00,true,,6,0,,,,
0adb45e62d314117952f668aba2485f2,duckdb,1.5.2,tpcds,1,local-dev,analytical,bench_eadf583a,q10,1,2026-07-14T19:27:14.129875+00:00,2026-07-14T19:27:14.278047+00:00,,,6,0,,,,
0adb45e62d314117952f668aba2485f2,duckdb,1.5.2,tpcds,1,local-dev,analytical,bench_eadf583a,q10,2,2026-07-14T19:27:14.278094+00:00,2026-07-14T19:27:14.423404+00:00,,,6,0,,,,
0adb45e62d314117952f668aba2485f2,duckdb,1.5.2,tpcds,1,local-dev,analytical,bench_eadf583a,q11,0,2026-07-14T19:27:14.654493+00:00,2026-07-14T19:27:14.891774+00:00,true,,90,0,,,,
0adb45e62d314117952f668aba2485f2,duckdb,1.5.2,tpcds,1,local-dev,analytical,bench_eadf583a,q11,1,2026-07-14T19:27:14.893388+00:00,2026-07-14T19:27:15.126285+00:00,,,90,0,,,,
0adb45e62d314117952f668aba2485f2,duckdb,1.5.2,tpcds,1,local-dev,analytical,bench_eadf583a,q11,2,2026-07-14T19:27:15.126331+00:00,2026-07-14T19:27:15.343799+00:00,,,90,0,,,,
0adb45e62d314117952f668aba2485f2,duckdb,1.5.2,tpcds,1,local-dev,analytical,bench_eadf583a,q12,0,2026-07-14T19:27:15.405083+00:00,2026-07-14T19:27:15.462519+00:00,true,,100,0,,,,
0adb45e62d314117952f668aba2485f2,duckdb,1.5.2,tpcds,1,local-dev,analytical,bench_eadf583a,q12,1,2026-07-14T19:27:15.465858+00:00,2026-07-14T19:27:15.526525+00:00,,,100,0,,,,
0adb45e62d314117952f668aba2485f2,duckdb,1.5.2,tpcds,1,local-dev,analytical,bench_eadf583a,q12,2,2026-07-14T19:27:15.526578+00:00,2026-07-14T19:27:15.583680+00:00,,,100,0,,,,
0adb45e62d314117952f668aba2485f2,duckdb,1.5.2,tpcds,1,local-dev,analytical,bench_eadf583a,q13,0,2026-07-14T19:27:15.880382+00:00,2026-07-14T19:27:16.165721+00:00,true,,1,0,,,,
0adb45e62d314117952f668aba2485f2,duckdb,1.5.2,tpcds,1,local-dev,analytical,bench_eadf583a,q13,1,2026-07-14T19:27:16.167056+00:00,2026-07-14T19:27:16.450963+00:00,,,1,0,,,,
0adb45e62d314117952f668aba2485f2,duckdb,1.5.2,tpcds,1,local-dev,analytical,bench_eadf583a,q13,2,2026-07-14T19:27:16.451004+00:00,2026-07-14T19:27:16.747633+00:00,,,1,0,,,,
0adb45e62d314117952f668aba2485f2,duckdb,1.5.2,tpcds,1,local-dev,analytical,bench_eadf583a,q14,0,2026-07-14T19:27:17.183295+00:00,2026-07-14T19:27:17.614188+00:00,true,,100,0,,,,
0adb45e62d314117952f668aba2485f2,duckdb,1.5.2,tpcds,1,local-dev,analytical,bench_eadf583a,q14,1,2026-07-14T19:27:17.615185+00:00,2026-07-14T19:27:18.023767+00:00,,,100,0,,,,
0adb45e62d314117952f668aba2485f2,duckdb,1.5.2,tpcds,1,local-dev,analytical,bench_eadf583a,q14,2,2026-07-14T19:27:18.023816+00:00,2026-07-14T19:27:18.438112+00:00,,,100,0,,,,
0adb45e62d314117952f668aba2485f2,duckdb,1.5.2,tpcds,1,local-dev,analytical,bench_eadf583a,q15,0,2026-07-14T19:27:18.490567+00:00,2026-07-14T19:27:18.561199+00:00,true,,100,0,,,,
0adb45e62d314117952f668aba2485f2,duckdb,1.5.2,tpcds,1,local-dev,analytical,bench_eadf583a,q15,1,2026-07-14T19:27:18.562645+00:00,2026-07-14T19:27:18.648134+00:00,,,100,0,,,,
0adb45e62d314117952f668aba2485f2,duckdb,1.5.2,tpcds,1,local-dev,analytical,bench_eadf583a,q15,2,2026-07-14T19:27:18.648189+00:00,2026-07-14T19:27:18.725478+00:00,,,100,0,,,,
0adb45e62d314117952f668aba2485f2,duckdb,1.5.2,tpcds,1,local-dev,analytical,bench_eadf583a,q16,0,2026-07-14T19:27:18.842846+00:00,2026-07-14T19:27:18.926367+00:00,true,,1,0,,,,
0adb45e62d314117952f668aba2485f2,duckdb,1.5.2,tpcds,1,local-dev,analytical,bench_eadf583a,q16,1,2026-07-14T19:27:18.927813+00:00,2026-07-14T19:27:19.003153+00:00,,,1,0,,,,
0adb45e62d314117952f668aba2485f2,duckdb,1.5.2,tpcds,1,local-dev,analytical,bench_eadf583a,q16,2,2026-07-14T19:27:19.003195+00:00,2026-07-14T19:27:19.074589+00:00,,,1,0,,,,
0adb45e62d314117952f668aba2485f2,duckdb,1.5.2,tpcds,1,local-dev,analytical,bench_eadf583a,q17,0,2026-07-14T19:27:19.197739+00:00,2026-07-14T19:27:19.315914+00:00,true,,0,0,,,,
0adb45e62d314117952f668aba2485f2,duckdb,1.5.2,tpcds,1,local-dev,analytical,bench_eadf583a,q17,1,2026-07-14T19:27:19.316964+00:00,2026-07-14T19:27:19.443931+00:00,,,0,0,,,,
0adb45e62d314117952f668aba2485f2,duckdb,1.5.2,tpcds,1,local-dev,analytical,bench_eadf583a,q17,2,2026-07-14T19:27:19.443976+00:00,2026-07-14T19:27:19.564587+00:00,,,0,0,,,,
0adb45e62d314117952f668aba2485f2,duckdb,1.5.2,tpcds,1,local-dev,analytical,bench_eadf583a,q18,0,2026-07-14T19:27:19.759974+00:00,2026-07-14T19:27:19.939454+00:00,true,,100,0,,,,
0adb45e62d314117952f668aba2485f2,duckdb,1.5.2,tpcds,1,local-dev,analytical,bench_eadf583a,q18,1,2026-07-14T19:27:19.941116+00:00,2026-07-14T19:27:20.130560+00:00,,,100,0,,,,
0adb45e62d314117952f668aba2485f2,duckdb,1.5.2,tpcds,1,local-dev,analytical,bench_eadf583a,q18,2,2026-07-14T19:27:20.130610+00:00,2026-07-14T19:27:20.313742+00:00,,,100,0,,,,
0adb45e62d314117952f668aba2485f2,duckdb,1.5.2,tpcds,1,local-dev,analytical,bench_eadf583a,q19,0,2026-07-14T19:27:20.474792+00:00,2026-07-14T19:27:20.642290+00:00,true,,100,0,,,,
0adb45e62d314117952f668aba2485f2,duckdb,1.5.2,tpcds,1,local-dev,analytical,bench_eadf583a,q19,1,2026-07-14T19:27:20.644167+00:00,2026-07-14T19:27:20.803062+00:00,,,100,0,,,,
0adb45e62d314117952f668aba2485f2,duckdb,1.5.2,tpcds,1,local-dev,analytical,bench_eadf583a,q19,2,2026-07-14T19:27:20.803109+00:00,2026-07-14T19:27:20.974464+00:00,,,100,0,,,,
0adb45e62d314117952f668aba2485f2,duckdb,1.5.2,tpcds,1,local-dev,analytical,bench_eadf583a,q20,0,2026-07-14T19:27:21.016862+00:00,2026-07-14T19:27:21.059790+00:00,true,,100,0,,,,
0adb45e62d314117952f668aba2485f2,duckdb,1.5.2,tpcds,1,local-dev,analytical,bench_eadf583a,q20,1,2026-07-14T19:27:21.061001+00:00,2026-07-14T19:27:21.107096+00:00,,,100,0,,,,
0adb45e62d314117952f668aba2485f2,duckdb,1.5.2,tpcds,1,local-dev,analytical,bench_eadf583a,q20,2,2026-07-14T19:27:21.107154+00:00,2026-07-14T19:27:21.152814+00:00,,,100,0,,,,
0adb45e62d314117952f668aba2485f2,duckdb,1.5.2,tpcds,1,local-dev,analytical,bench_eadf583a,q21,0,2026-07-14T19:27:21.204056+00:00,2026-07-14T19:27:21.250657+00:00,true,,100,0,,,,
0adb45e62d314117952f668aba2485f2,duckdb,1.5.2,tpcds,1,local-dev,analytical,bench_eadf583a,q21,1,2026-07-14T19:27:21.251277+00:00,2026-07-14T19:27:21.299416+00:00,,,100,0,,,,
0adb45e62d314117952f668aba2485f2,duckdb,1.5.2,tpcds,1,local-dev,analytical,bench_eadf583a,q21,2,2026-07-14T19:27:21.299471+00:00,2026-07-14T19:27:21.348122+00:00,,,100,0,,,,
0adb45e62d314117952f668aba2485f2,duckdb,1.5.2,tpcds,1,local-dev,analytical,bench_eadf583a,q22,0,2026-07-14T19:27:21.496449+00:00,2026-07-14T19:27:21.632801+00:00,true,,100,0,,,,
0adb45e62d314117952f668aba2485f2,duckdb,1.5.2,tpcds,1,local-dev,analytical,bench_eadf583a,q22,1,2026-07-14T19:27:21.634236+00:00,2026-07-14T19:27:21.773120+00:00,,,100,0,,,,
0adb45e62d314117952f668aba2485f2,duckdb,1.5.2,tpcds,1,local-dev,analytical,bench_eadf583a,q22,2,2026-07-14T19:27:21.773167+00:00,2026-07-14T19:27:21.915557+00:00,,,100,0,,,,
0adb45e62d314117952f668aba2485f2,duckdb,1.5.2,tpcds,1,local-dev,analytical,bench_eadf583a,q23,0,2026-07-14T19:27:22.292452+00:00,2026-07-14T19:27:22.659601+00:00,true,,4,0,,,,
0adb45e62d314117952f668aba2485f2,duckdb,1.5.2,tpcds,1,local-dev,analytical,bench_eadf583a,q23,1,2026-07-14T19:27:22.660314+00:00,2026-07-14T19:27:22.999120+00:00,,,4,0,,,,
0adb45e62d314117952f668aba2485f2,duckdb,1.5.2,tpcds,1,local-dev,analytical,bench_eadf583a,q23,2,2026-07-14T19:27:22.999164+00:00,2026-07-14T19:27:23.428132+00:00,,,4,0,,,,
0adb45e62d314117952f668aba2485f2,duckdb,1.5.2,tpcds,1,local-dev,analytical,bench_eadf583a,q24,0,2026-07-14T19:27:23.640364+00:00,2026-07-14T19:27:23.845720+00:00,true,,1,0,,,,
0adb45e62d314117952f668aba2485f2,duckdb,1.5.2,tpcds,1,local-dev,analytical,bench_eadf583a,q24,1,2026-07-14T19:27:23.846699+00:00,2026-07-14T19:27:24.057211+00:00,,,1,0,,,,
0adb45e62d314117952f668aba2485f2,duckdb,1.5.2,tpcds,1,local-dev,analytical,bench_eadf583a,q24,2,2026-07-14T19:27:24.057258+00:00,2026-07-14T19:27:24.375827+00:00,,,1,0,,,,
0adb45e62d314117952f668aba2485f2,duckdb,1.5.2,tpcds,1,local-dev,analytical,bench_eadf583a,q25,0,2026-07-14T19:27:24.526447+00:00,2026-07-14T19:27:24.674010+00:00,true,,1,0,,,,
0adb45e62d314117952f668aba2485f2,duckdb,1.5.2,tpcds,1,local-dev,analytical,bench_eadf583a,q25,1,2026-07-14T19:27:24.676766+00:00,2026-07-14T19:27:24.837341+00:00,,,1,0,,,,
0adb45e62d314117952f668aba2485f2,duckdb,1.5.2,tpcds,1,local-dev,analytical,bench_eadf583a,q25,2,2026-07-14T19:27:24.837390+00:00,2026-07-14T19:27:25.002585+00:00,,,1,0,,,,
0adb45e62d314117952f668aba2485f2,duckdb,1.5.2,tpcds,1,local-dev,analytical,bench_eadf583a,q26,0,2026-07-14T19:27:25.220338+00:00,2026-07-14T19:27:25.405966+00:00,true,,100,0,,,,
0adb45e62d314117952f668aba2485f2,duckdb,1.5.2,tpcds,1,local-dev,analytical,bench_eadf583a,q26,1,2026-07-14T19:27:25.407242+00:00,2026-07-14T19:27:25.584915+00:00,,,100,0,,,,
0adb45e62d314117952f668aba2485f2,duckdb,1.5.2,tpcds,1,local-dev,analytical,bench_eadf583a,q26,2,2026-07-14T19:27:25.584962+00:00,2026-07-14T19:27:25.751473+00:00,,,100,0,,,,
0adb45e62d314117952f668aba2485f2,duckdb,1.5.2,tpcds,1,local-dev,analytical,bench_eadf583a,q27,0,2026-07-14T19:27:26.036720+00:00,2026-07-14T19:27:26.320339+00:00,true,,100,0,,,,
0adb45e62d314117952f668aba2485f2,duckdb,1.5.2,tpcds,1,local-dev,analytical,bench_eadf583a,q27,1,2026-07-14T19:27:26.321656+00:00,2026-07-14T19:27:26.643909+00:00,,,100,0,,,,
0adb45e62d314117952f668aba2485f2,duckdb,1.5.2,tpcds,1,local-dev,analytical,bench_eadf583a,q27,2,2026-07-14T19:27:26.643957+00:00,2026-07-14T19:27:26.990258+00:00,,,100,0,,,,
0adb45e62d314117952f668aba2485f2,duckdb,1.5.2,tpcds,1,local-dev,analytical,bench_eadf583a,q28,0,2026-07-14T19:27:27.545984+00:00,2026-07-14T19:27:28.172284+00:00,true,,1,0,,,,
0adb45e62d314117952f668aba2485f2,duckdb,1.5.2,tpcds,1,local-dev,analytical,bench_eadf583a,q28,1,2026-07-14T19:27:28.173453+00:00,2026-07-14T19:27:28.783379+00:00,,,1,0,,,,
0adb45e62d314117952f668aba2485f2,duckdb,1.5.2,tpcds,1,local-dev,analytical,bench_eadf583a,q28,2,2026-07-14T19:27:28.783419+00:00,2026-07-14T19:27:29.446692+00:00,,,1,0,,,,
0adb45e62d314117952f668aba2485f2,duckdb,1.5.2,tpcds,1,local-dev,analytical,bench_eadf583a,q29,0,2026-07-14T19:27:29.605328+00:00,2026-07-14T19:27:29.752750+00:00,true,,1,0,,,,
0adb45e62d314117952f668aba2485f2,duckdb,1.5.2,tpcds,1,local-dev,analytical,bench_eadf583a,q29,1,2026-07-14T19:27:29.753737+00:00,2026-07-14T19:27:29.900291+00:00,,,1,0,,,,
0adb45e62d314117952f668aba2485f2,duckdb,1.5.2,tpcds,1,local-dev,analytical,bench_eadf583a,q29,2,2026-07-14T19:27:29.900338+00:00,2026-07-14T19:27:30.042963+00:00,,,1,0,,,,
0adb45e62d314117952f668aba2485f2,duckdb,1.5.2,tpcds,1,local-dev,analytical,bench_eadf583a,q30,0,2026-07-14T19:27:30.123619+00:00,2026-07-14T19:27:30.204114+00:00,true,,100,0,,,,
0adb45e62d314117952f668aba2485f2,duckdb,1.5.2,tpcds,1,local-dev,analytical,bench_eadf583a,q30,1,2026-07-14T19:27:30.205873+00:00,2026-07-14T19:27:30.288592+00:00,,,100,0,,,,
0adb45e62d314117952f668aba2485f2,duckdb,1.5.2,tpcds,1,local-dev,analytical,bench_eadf583a,q30,2,2026-07-14T19:27:30.288645+00:00,2026-07-14T19:27:30.379234+00:00,,,100,0,,,,
0adb45e62d314117952f668aba2485f2,duckdb,1.5.2,tpcds,1,local-dev,analytical,bench_eadf583a,q31,0,2026-07-14T19:27:30.541764+00:00,2026-07-14T19:27:30.713368+00:00,true,,44,0,,,,
0adb45e62d314117952f668aba2485f2,duckdb,1.5.2,tpcds,1,local-dev,analytical,bench_eadf583a,q31,1,2026-07-14T19:27:30.713912+00:00,2026-07-14T19:27:30.914714+00:00,,,44,0,,,,
0adb45e62d314117952f668aba2485f2,duckdb,1.5.2,tpcds,1,local-dev,analytical,bench_eadf583a,q31,2,2026-07-14T19:27:30.914762+00:00,2026-07-14T19:27:31.082488+00:00,,,44,0,,,,
0adb45e62d314117952f668aba2485f2,duckdb,1.5.2,tpcds,1,local-dev,analytical,bench_eadf583a,q32,0,2026-07-14T19:27:31.142460+00:00,2026-07-14T19:27:31.196776+00:00,true,,1,0,,,,
0adb45e62d314117952f668aba2485f2,duckdb,1.5.2,tpcds,1,local-dev,analytical,bench_eadf583a,q32,1,2026-07-14T19:27:31.197721+00:00,2026-07-14T19:27:31.256653+00:00,,,1,0,,,,
0adb45e62d314117952f668aba2485f2,duckdb,1.5.2,tpcds,1,local-dev,analytical,bench_eadf583a,q32,2,2026-07-14T19:27:31.256694+00:00,2026-07-14T19:27:31.318811+00:00,,,1,0,,,,
0adb45e62d314117952f668aba2485f2,duckdb,1.5.2,tpcds,1,local-dev,analytical,bench_eadf583a,q33,0,2026-07-14T19:27:31.521540+00:00,2026-07-14T19:27:31.742022+00:00,true,,100,0,,,,
0adb45e62d314117952f668aba2485f2,duckdb,1.5.2,tpcds,1,local-dev,analytical,bench_eadf583a,q33,1,2026-07-14T19:27:31.743148+00:00,2026-07-14T19:27:31.947691+00:00,,,100,0,,,,
0adb45e62d314117952f668aba2485f2,duckdb,1.5.2,tpcds,1,local-dev,analytical,bench_eadf583a,q33,2,2026-07-14T19:27:31.947740+00:00,2026-07-14T19:27:32.160454+00:00,,,100,0,,,,
0adb45e62d314117952f668aba2485f2,duckdb,1.5.2,tpcds,1,local-dev,analytical,bench_eadf583a,q34,0,2026-07-14T19:27:32.306516+00:00,2026-07-14T19:27:32.442933+00:00,true,,455,0,,,,
0adb45e62d314117952f668aba2485f2,duckdb,1.5.2,tpcds,1,local-dev,analytical,bench_eadf583a,q34,1,2026-07-14T19:27:32.445203+00:00,2026-07-14T19:27:32.585403+00:00,,,455,0,,,,
0adb45e62d314117952f668aba2485f2,duckdb,1.5.2,tpcds,1,local-dev,analytical,bench_eadf583a,q34,2,2026-07-14T19:27:32.585464+00:00,2026-07-14T19:27:32.716109+00:00,,,455,0,,,,
0adb45e62d314117952f668aba2485f2,duckdb,1.5.2,tpcds,1,local-dev,analytical,bench_eadf583a,q35,0,2026-07-14T19:27:32.877447+00:00,2026-07-14T19:27:33.036683+00:00,true,,100,0,,,,
0adb45e62d314117952f668aba2485f2,duckdb,1.5.2,tpcds,1,local-dev,analytical,bench_eadf583a,q35,1,2026-07-14T19:27:33.038827+00:00,2026-07-14T19:27:33.235769+00:00,,,100,0,,,,
0adb45e62d314117952f668aba2485f2,duckdb,1.5.2,tpcds,1,local-dev,analytical,bench_eadf583a,q35,2,2026-07-14T19:27:33.235818+00:00,2026-07-14T19:27:33.468883+00:00,,,100,0,,,,
0adb45e62d314117952f668aba2485f2,duckdb,1.5.2,tpcds,1,local-dev,analytical,bench_eadf583a,q36,0,2026-07-14T19:27:33.673580+00:00,2026-07-14T19:27:33.839486+00:00,true,,100,0,,,,
0adb45e62d314117952f668aba2485f2,duckdb,1.5.2,tpcds,1,local-dev,analytical,bench_eadf583a,q36,1,2026-07-14T19:27:33.840225+00:00,2026-07-14T19:27:34.003481+00:00,,,100,0,,,,
0adb45e62d314117952f668aba2485f2,duckdb,1.5.2,tpcds,1,local-dev,analytical,bench_eadf583a,q36,2,2026-07-14T19:27:34.003532+00:00,2026-07-14T19:27:34.170352+00:00,,,100,0,,,,
0adb45e62d314117952f668aba2485f2,duckdb,1.5.2,tpcds,1,local-dev,analytical,bench_eadf583a,q37,0,2026-07-14T19:27:34.248590+00:00,2026-07-14T19:27:34.325924+00:00,true,,1,0,,,,
0adb45e62d314117952f668aba2485f2,duckdb,1.5.2,tpcds,1,local-dev,analytical,bench_eadf583a,q37,1,2026-07-14T19:27:34.326558+00:00,2026-07-14T19:27:34.397120+00:00,,,1,0,,,,
0adb45e62d314117952f668aba2485f2,duckdb,1.5.2,tpcds,1,local-dev,analytical,bench_eadf583a,q37,2,2026-07-14T19:27:34.397167+00:00,2026-07-14T19:27:34.466197+00:00,,,1,0,,,,
0adb45e62d314117952f668aba2485f2,duckdb,1.5.2,tpcds,1,local-dev,analytical,bench_eadf583a,q38,0,2026-07-14T19:27:34.579746+00:00,2026-07-14T19:27:34.735543+00:00,true,,1,0,,,,
0adb45e62d314117952f668aba2485f2,duckdb,1.5.2,tpcds,1,local-dev,analytical,bench_eadf583a,q38,1,2026-07-14T19:27:34.736535+00:00,2026-07-14T19:27:34.844506+00:00,,,1,0,,,,
0adb45e62d314117952f668aba2485f2,duckdb,1.5.2,tpcds,1,local-dev,analytical,bench_eadf583a,q38,2,2026-07-14T19:27:34.844554+00:00,2026-07-14T19:27:34.980120+00:00,,,1,0,,,,
0adb45e62d314117952f668aba2485f2,duckdb,1.5.2,tpcds,1,local-dev,analytical,bench_eadf583a,q39,0,2026-07-14T19:27:35.038476+00:00,2026-07-14T19:27:35.096511+00:00,true,,243,0,,,,
0adb45e62d314117952f668aba2485f2,duckdb,1.5.2,tpcds,1,local-dev,analytical,bench_eadf583a,q39,1,2026-07-14T19:27:35.098700+00:00,2026-07-14T19:27:35.158281+00:00,,,243,0,,,,
0adb45e62d314117952f668aba2485f2,duckdb,1.5.2,tpcds,1,local-dev,analytical,bench_eadf583a,q39,2,2026-07-14T19:27:35.158338+00:00,2026-07-14T19:27:35.216343+00:00,,,243,0,,,,
0adb45e62d314117952f668aba2485f2,duckdb,1.5.2,tpcds,1,local-dev,analytical,bench_eadf583a,q40,0,2026-07-14T19:27:35.273559+00:00,2026-07-14T19:27:35.336880+00:00,true,,100,0,,,,
0adb45e62d314117952f668aba2485f2,duckdb,1.5.2,tpcds,1,local-dev,analytical,bench_eadf583a,q40,1,2026-07-14T19:27:35.337550+00:00,2026-07-14T19:27:35.397630+00:00,,,100,0,,,,
0adb45e62d314117952f668aba2485f2,duckdb,1.5.2,tpcds,1,local-dev,analytical,bench_eadf583a,q40,2,2026-07-14T19:27:35.397672+00:00,2026-07-14T19:27:35.458186+00:00,,,100,0,,,,
0adb45e62d314117952f668aba2485f2,duckdb,1.5.2,tpcds,1,local-dev,analytical,bench_eadf583a,q41,0,2026-07-14T19:27:35.483683+00:00,2026-07-14T19:27:35.507154+00:00,true,,4,0,,,,
0adb45e62d314117952f668aba2485f2,duckdb,1.5.2,tpcds,1,local-dev,analytical,bench_eadf583a,q41,1,2026-07-14T19:27:35.507533+00:00,2026-07-14T19:27:35.529517+00:00,,,4,0,,,,
0adb45e62d314117952f668aba2485f2,duckdb,1.5.2,tpcds,1,local-dev,analytical,bench_eadf583a,q41,2,2026-07-14T19:27:35.529557+00:00,2026-07-14T19:27:35.566494+00:00,,,4,0,,,,
0adb45e62d314117952f668aba2485f2,duckdb,1.5.2,tpcds,1,local-dev,analytical,bench_eadf583a,q42,0,2026-07-14T19:27:35.678889+00:00,2026-07-14T19:27:35.785961+00:00,true,,10,0,,,,
0adb45e62d314117952f668aba2485f2,duckdb,1.5.2,tpcds,1,local-dev,analytical,bench_eadf583a,q42,1,2026-07-14T19:27:35.786305+00:00,2026-07-14T19:27:35.890822+00:00,,,10,0,,,,
0adb45e62d314117952f668aba2485f2,duckdb,1.5.2,tpcds,1,local-dev,analytical,bench_eadf583a,q42,2,2026-07-14T19:27:35.890864+00:00,2026-07-14T19:27:35.994655+00:00,,,10,0,,,,
0adb45e62d314117952f668aba2485f2,duckdb,1.5.2,tpcds,1,local-dev,analytical,bench_eadf583a,q43,0,2026-07-14T19:27:36.083836+00:00,2026-07-14T19:27:36.170107+00:00,true,,6,0,,,,
0adb45e62d314117952f668aba2485f2,duckdb,1.5.2,tpcds,1,local-dev,analytical,bench_eadf583a,q43,1,2026-07-14T19:27:36.170469+00:00,2026-07-14T19:27:36.259206+00:00,,,6,0,,,,
0adb45e62d314117952f668aba2485f2,duckdb,1.5.2,tpcds,1,local-dev,analytical,bench_eadf583a,q43,2,2026-07-14T19:27:36.259248+00:00,2026-07-14T19:27:36.344959+00:00,,,6,0,,,,
0adb45e62d314117952f668aba2485f2,duckdb,1.5.2,tpcds,1,local-dev,analytical,bench_eadf583a,q44,0,2026-07-14T19:27:36.738424+00:00,2026-07-14T19:27:37.123915+00:00,true,,10,0,,,,
0adb45e62d314117952f668aba2485f2,duckdb,1.5.2,tpcds,1,local-dev,analytical,bench_eadf583a,q44,1,2026-07-14T19:27:37.124270+00:00,2026-07-14T19:27:37.468307+00:00,,,10,0,,,,
0adb45e62d314117952f668aba2485f2,duckdb,1.5.2,tpcds,1,local-dev,analytical,bench_eadf583a,q44,2,2026-07-14T19:27:37.468353+00:00,2026-07-14T19:27:37.837468+00:00,,,10,0,,,,
0adb45e62d314117952f668aba2485f2,duckdb,1.5.2,tpcds,1,local-dev,analytical,bench_eadf583a,q45,0,2026-07-14T19:27:37.915465+00:00,2026-07-14T19:27:37.993762+00:00,true,,19,0,,,,
0adb45e62d314117952f668aba2485f2,duckdb,1.5.2,tpcds,1,local-dev,analytical,bench_eadf583a,q45,1,2026-07-14T19:27:37.994250+00:00,2026-07-14T19:27:38.073828+00:00,,,19,0,,,,
0adb45e62d314117952f668aba2485f2,duckdb,1.5.2,tpcds,1,local-dev,analytical,bench_eadf583a,q45,2,2026-07-14T19:27:38.073873+00:00,2026-07-14T19:27:38.159091+00:00,,,19,0,,,,
0adb45e62d314117952f668aba2485f2,duckdb,1.5.2,tpcds,1,local-dev,analytical,bench_eadf583a,q46,0,2026-07-14T19:27:38.400025+00:00,2026-07-14T19:27:38.663911+00:00,true,,100,0,,,,
0adb45e62d314117952f668aba2485f2,duckdb,1.5.2,tpcds,1,local-dev,analytical,bench_eadf583a,q46,1,2026-07-14T19:27:38.665142+00:00,2026-07-14T19:27:38.911297+00:00,,,100,0,,,,
0adb45e62d314117952f668aba2485f2,duckdb,1.5.2,tpcds,1,local-dev,analytical,bench_eadf583a,q46,2,2026-07-14T19:27:38.911349+00:00,2026-07-14T19:27:39.155656+00:00,,,100,0,,,,
0adb45e62d314117952f668aba2485f2,duckdb,1.5.2,tpcds,1,local-dev,analytical,bench_eadf583a,q47,0,2026-07-14T19:27:39.316247+00:00,2026-07-14T19:27:39.483316+00:00,true,,100,0,,,,
0adb45e62d314117952f668aba2485f2,duckdb,1.5.2,tpcds,1,local-dev,analytical,bench_eadf583a,q47,1,2026-07-14T19:27:39.485325+00:00,2026-07-14T19:27:39.656087+00:00,,,100,0,,,,
0adb45e62d314117952f668aba2485f2,duckdb,1.5.2,tpcds,1,local-dev,analytical,bench_eadf583a,q47,2,2026-07-14T19:27:39.656142+00:00,2026-07-14T19:27:39.841025+00:00,,,100,0,,,,
0adb45e62d314117952f668aba2485f2,duckdb,1.5.2,tpcds,1,local-dev,analytical,bench_eadf583a,q48,0,2026-07-14T19:27:40.074128+00:00,2026-07-14T19:27:40.298571+00:00,true,,1,0,,,,
0adb45e62d314117952f668aba2485f2,duckdb,1.5.2,tpcds,1,local-dev,analytical,bench_eadf583a,q48,1,2026-07-14T19:27:40.299779+00:00,2026-07-14T19:27:40.528569+00:00,,,1,0,,,,
0adb45e62d314117952f668aba2485f2,duckdb,1.5.2,tpcds,1,local-dev,analytical,bench_eadf583a,q48,2,2026-07-14T19:27:40.528612+00:00,2026-07-14T19:27:40.839108+00:00,,,1,0,,,,
0adb45e62d314117952f668aba2485f2,duckdb,1.5.2,tpcds,1,local-dev,analytical,bench_eadf583a,q49,0,2026-07-14T19:27:41.165071+00:00,2026-07-14T19:27:41.465322+00:00,true,,34,0,,,,
0adb45e62d314117952f668aba2485f2,duckdb,1.5.2,tpcds,1,local-dev,analytical,bench_eadf583a,q49,1,2026-07-14T19:27:41.465850+00:00,2026-07-14T19:27:41.793150+00:00,,,34,0,,,,
0adb45e62d314117952f668aba2485f2,duckdb,1.5.2,tpcds,1,local-dev,analytical,bench_eadf583a,q49,2,2026-07-14T19:27:41.793199+00:00,2026-07-14T19:27:42.091144+00:00,,,34,0,,,,
0adb45e62d314117952f668aba2485f2,duckdb,1.5.2,tpcds,1,local-dev,analytical,bench_eadf583a,q50,0,2026-07-14T19:27:42.245358+00:00,2026-07-14T19:27:42.397237+00:00,true,,6,0,,,,
0adb45e62d314117952f668aba2485f2,duckdb,1.5.2,tpcds,1,local-dev,analytical,bench_eadf583a,q50,1,2026-07-14T19:27:42.398247+00:00,2026-07-14T19:27:42.559605+00:00,,,6,0,,,,
0adb45e62d314117952f668aba2485f2,duckdb,1.5.2,tpcds,1,local-dev,analytical,bench_eadf583a,q50,2,2026-07-14T19:27:42.559653+00:00,2026-07-14T19:27:42.723267+00:00,,,6,0,,,,
0adb45e62d314117952f668aba2485f2,duckdb,1.5.2,tpcds,1,local-dev,analytical,bench_eadf583a,q51,0,2026-07-14T19:27:42.946444+00:00,2026-07-14T19:27:43.140188+00:00,true,,100,0,,,,
0adb45e62d314117952f668aba2485f2,duckdb,1.5.2,tpcds,1,local-dev,analytical,bench_eadf583a,q51,1,2026-07-14T19:27:43.141573+00:00,2026-07-14T19:27:43.335454+00:00,,,100,0,,,,
0adb45e62d314117952f668aba2485f2,duckdb,1.5.2,tpcds,1,local-dev,analytical,bench_eadf583a,q51,2,2026-07-14T19:27:43.335514+00:00,2026-07-14T19:27:43.547065+00:00,,,100,0,,,,
0adb45e62d314117952f668aba2485f2,duckdb,1.5.2,tpcds,1,local-dev,analytical,bench_eadf583a,q52,0,2026-07-14T19:27:43.660970+00:00,2026-07-14T19:27:43.792030+00:00,true,,100,0,,,,
0adb45e62d314117952f668aba2485f2,duckdb,1.5.2,tpcds,1,local-dev,analytical,bench_eadf583a,q52,1,2026-07-14T19:27:43.793434+00:00,2026-07-14T19:27:43.897943+00:00,,,100,0,,,,
0adb45e62d314117952f668aba2485f2,duckdb,1.5.2,tpcds,1,local-dev,analytical,bench_eadf583a,q52,2,2026-07-14T19:27:43.897994+00:00,2026-07-14T19:27:44.017602+00:00,,,100,0,,,,
0adb45e62d314117952f668aba2485f2,duckdb,1.5.2,tpcds,1,local-dev,analytical,bench_eadf583a,q53,0,2026-07-14T19:27:44.140121+00:00,2026-07-14T19:27:44.267489+00:00,true,,100,0,,,,
0adb45e62d314117952f668aba2485f2,duckdb,1.5.2,tpcds,1,local-dev,analytical,bench_eadf583a,q53,1,2026-07-14T19:27:44.268105+00:00,2026-07-14T19:27:44.391795+00:00,,,100,0,,,,
0adb45e62d314117952f668aba2485f2,duckdb,1.5.2,tpcds,1,local-dev,analytical,bench_eadf583a,q53,2,2026-07-14T19:27:44.391841+00:00,2026-07-14T19:27:44.519734+00:00,,,100,0,,,,
0adb45e62d314117952f668aba2485f2,duckdb,1.5.2,tpcds,1,local-dev,analytical,bench_eadf583a,q54,0,2026-07-14T19:27:44.701739+00:00,2026-07-14T19:27:44.906778+00:00,true,,1,0,,,,
0adb45e62d314117952f668aba2485f2,duckdb,1.5.2,tpcds,1,local-dev,analytical,bench_eadf583a,q54,1,2026-07-14T19:27:44.907725+00:00,2026-07-14T19:27:45.083925+00:00,,,1,0,,,,
0adb45e62d314117952f668aba2485f2,duckdb,1.5.2,tpcds,1,local-dev,analytical,bench_eadf583a,q54,2,2026-07-14T19:27:45.083970+00:00,2026-07-14T19:27:45.248966+00:00,,,1,0,,,,
0adb45e62d314117952f668aba2485f2,duckdb,1.5.2,tpcds,1,local-dev,analytical,bench_eadf583a,q55,0,2026-07-14T19:27:45.354043+00:00,2026-07-14T19:27:45.464285+00:00,true,,100,0,,,,
0adb45e62d314117952f668aba2485f2,duckdb,1.5.2,tpcds,1,local-dev,analytical,bench_eadf583a,q55,1,2026-07-14T19:27:45.464888+00:00,2026-07-14T19:27:45.586647+00:00,,,100,0,,,,
0adb45e62d314117952f668aba2485f2,duckdb,1.5.2,tpcds,1,local-dev,analytical,bench_eadf583a,q55,2,2026-07-14T19:27:45.586693+00:00,2026-07-14T19:27:45.700461+00:00,,,100,0,,,,
0adb45e62d314117952f668aba2485f2,duckdb,1.5.2,tpcds,1,local-dev,analytical,bench_eadf583a,q56,0,2026-07-14T19:27:45.923615+00:00,2026-07-14T19:27:46.115114+00:00,true,,100,0,,,,
0adb45e62d314117952f668aba2485f2,duckdb,1.5.2,tpcds,1,local-dev,analytical,bench_eadf583a,q56,1,2026-07-14T19:27:46.116312+00:00,2026-07-14T19:27:46.315505+00:00,,,100,0,,,,
0adb45e62d314117952f668aba2485f2,duckdb,1.5.2,tpcds,1,local-dev,analytical,bench_eadf583a,q56,2,2026-07-14T19:27:46.315554+00:00,2026-07-14T19:27:46.512018+00:00,,,100,0,,,,
0adb45e62d314117952f668aba2485f2,duckdb,1.5.2,tpcds,1,local-dev,analytical,bench_eadf583a,q57,0,2026-07-14T19:27:46.584653+00:00,2026-07-14T19:27:46.656825+00:00,true,,100,0,,,,
0adb45e62d314117952f668aba2485f2,duckdb,1.5.2,tpcds,1,local-dev,analytical,bench_eadf583a,q57,1,2026-07-14T19:27:46.658482+00:00,2026-07-14T19:27:46.737663+00:00,,,100,0,,,,
0adb45e62d314117952f668aba2485f2,duckdb,1.5.2,tpcds,1,local-dev,analytical,bench_eadf583a,q57,2,2026-07-14T19:27:46.737717+00:00,2026-07-14T19:27:46.832422+00:00,,,100,0,,,,
0adb45e62d314117952f668aba2485f2,duckdb,1.5.2,tpcds,1,local-dev,analytical,bench_eadf583a,q58,0,2026-07-14T19:27:47.027833+00:00,2026-07-14T19:27:47.199447+00:00,true,,5,0,,,,
0adb45e62d314117952f668aba2485f2,duckdb,1.5.2,tpcds,1,local-dev,analytical,bench_eadf583a,q58,1,2026-07-14T19:27:47.199851+00:00,2026-07-14T19:27:47.368852+00:00,,,5,0,,,,
0adb45e62d314117952f668aba2485f2,duckdb,1.5.2,tpcds,1,local-dev,analytical,bench_eadf583a,q58,2,2026-07-14T19:27:47.368897+00:00,2026-07-14T19:27:47.533699+00:00,,,5,0,,,,
0adb45e62d314117952f668aba2485f2,duckdb,1.5.2,tpcds,1,local-dev,analytical,bench_eadf583a,q59,0,2026-07-14T19:27:47.645938+00:00,2026-07-14T19:27:47.765283+00:00,true,,100,0,,,,
0adb45e62d314117952f668aba2485f2,duckdb,1.5.2,tpcds,1,local-dev,analytical,bench_eadf583a,q59,1,2026-07-14T19:27:47.767551+00:00,2026-07-14T19:27:47.912024+00:00,,,100,0,,,,
0adb45e62d314117952f668aba2485f2,duckdb,1.5.2,tpcds,1,local-dev,analytical,bench_eadf583a,q59,2,2026-07-14T19:27:47.912077+00:00,2026-07-14T19:27:48.030964+00:00,,,100,0,,,,
0adb45e62d314117952f668aba2485f2,duckdb,1.5.2,tpcds,1,local-dev,analytical,bench_eadf583a,q60,0,2026-07-14T19:27:48.229846+00:00,2026-07-14T19:27:48.433979+00:00,true,,100,0,,,,
0adb45e62d314117952f668aba2485f2,duckdb,1.5.2,tpcds,1,local-dev,analytical,bench_eadf583a,q60,1,2026-07-14T19:27:48.435177+00:00,2026-07-14T19:27:48.633648+00:00,,,100,0,,,,
0adb45e62d314117952f668aba2485f2,duckdb,1.5.2,tpcds,1,local-dev,analytical,bench_eadf583a,q60,2,2026-07-14T19:27:48.633694+00:00,2026-07-14T19:27:48.832323+00:00,,,100,0,,,,
0adb45e62d314117952f668aba2485f2,duckdb,1.5.2,tpcds,1,local-dev,analytical,bench_eadf583a,q61,0,2026-07-14T19:27:49.174444+00:00,2026-07-14T19:27:49.482599+00:00,true,,1,0,,,,
0adb45e62d314117952f668aba2485f2,duckdb,1.5.2,tpcds,1,local-dev,analytical,bench_eadf583a,q61,1,2026-07-14T19:27:49.483480+00:00,2026-07-14T19:27:49.791417+00:00,,,1,0,,,,
0adb45e62d314117952f668aba2485f2,duckdb,1.5.2,tpcds,1,local-dev,analytical,bench_eadf583a,q61,2,2026-07-14T19:27:49.791458+00:00,2026-07-14T19:27:50.129483+00:00,,,1,0,,,,
0adb45e62d314117952f668aba2485f2,duckdb,1.5.2,tpcds,1,local-dev,analytical,bench_eadf583a,q62,0,2026-07-14T19:27:50.193168+00:00,2026-07-14T19:27:50.259421+00:00,true,,100,0,,,,
0adb45e62d314117952f668aba2485f2,duckdb,1.5.2,tpcds,1,local-dev,analytical,bench_eadf583a,q62,1,2026-07-14T19:27:50.261515+00:00,2026-07-14T19:27:50.321291+00:00,,,100,0,,,,
0adb45e62d314117952f668aba2485f2,duckdb,1.5.2,tpcds,1,local-dev,analytical,bench_eadf583a,q62,2,2026-07-14T19:27:50.321341+00:00,2026-07-14T19:27:50.386274+00:00,,,100,0,,,,
0adb45e62d314117952f668aba2485f2,duckdb,1.5.2,tpcds,1,local-dev,analytical,bench_eadf583a,q63,0,2026-07-14T19:27:50.524730+00:00,2026-07-14T19:27:50.654358+00:00,true,,100,0,,,,
0adb45e62d314117952f668aba2485f2,duckdb,1.5.2,tpcds,1,local-dev,analytical,bench_eadf583a,q63,1,2026-07-14T19:27:50.655626+00:00,2026-07-14T19:27:50.774228+00:00,,,100,0,,,,
0adb45e62d314117952f668aba2485f2,duckdb,1.5.2,tpcds,1,local-dev,analytical,bench_eadf583a,q63,2,2026-07-14T19:27:50.774278+00:00,2026-07-14T19:27:50.897420+00:00,,,100,0,,,,
0adb45e62d314117952f668aba2485f2,duckdb,1.5.2,tpcds,1,local-dev,analytical,bench_eadf583a,q64,0,2026-07-14T19:27:51.346397+00:00,2026-07-14T19:27:51.781230+00:00,true,,2,0,,,,
0adb45e62d314117952f668aba2485f2,duckdb,1.5.2,tpcds,1,local-dev,analytical,bench_eadf583a,q64,1,2026-07-14T19:27:51.782327+00:00,2026-07-14T19:27:52.242255+00:00,,,2,0,,,,
0adb45e62d314117952f668aba2485f2,duckdb,1.5.2,tpcds,1,local-dev,analytical,bench_eadf583a,q64,2,2026-07-14T19:27:52.242313+00:00,2026-07-14T19:27:52.670130+00:00,,,2,0,,,,
0adb45e62d314117952f668aba2485f2,duckdb,1.5.2,tpcds,1,local-dev,analytical,bench_eadf583a,q65,0,2026-07-14T19:27:52.885987+00:00,2026-07-14T19:27:53.122818+00:00,true,,100,0,,,,
0adb45e62d314117952f668aba2485f2,duckdb,1.5.2,tpcds,1,local-dev,analytical,bench_eadf583a,q65,1,2026-07-14T19:27:53.124366+00:00,2026-07-14T19:27:53.333580+00:00,,,100,0,,,,
0adb45e62d314117952f668aba2485f2,duckdb,1.5.2,tpcds,1,local-dev,analytical,bench_eadf583a,q65,2,2026-07-14T19:27:53.333628+00:00,2026-07-14T19:27:53.545906+00:00,,,100,0,,,,
0adb45e62d314117952f668aba2485f2,duckdb,1.5.2,tpcds,1,local-dev,analytical,bench_eadf583a,q66,0,2026-07-14T19:27:53.661453+00:00,2026-07-14T19:27:53.771736+00:00,true,,5,0,,,,
0adb45e62d314117952f668aba2485f2,duckdb,1.5.2,tpcds,1,local-dev,analytical,bench_eadf583a,q66,1,2026-07-14T19:27:53.773213+00:00,2026-07-14T19:27:53.881949+00:00,,,5,0,,,,
0adb45e62d314117952f668aba2485f2,duckdb,1.5.2,tpcds,1,local-dev,analytical,bench_eadf583a,q66,2,2026-07-14T19:27:53.882000+00:00,2026-07-14T19:27:53.996117+00:00,,,5,0,,,,
0adb45e62d314117952f668aba2485f2,duckdb,1.5.2,tpcds,1,local-dev,analytical,bench_eadf583a,q67,0,2026-07-14T19:27:54.302608+00:00,2026-07-14T19:27:54.606456+00:00,true,,100,0,,,,
0adb45e62d314117952f668aba2485f2,duckdb,1.5.2,tpcds,1,local-dev,analytical,bench_eadf583a,q67,1,2026-07-14T19:27:54.607858+00:00,2026-07-14T19:27:54.935756+00:00,,,100,0,,,,
0adb45e62d314117952f668aba2485f2,duckdb,1.5.2,tpcds,1,local-dev,analytical,bench_eadf583a,q67,2,2026-07-14T19:27:54.935808+00:00,2026-07-14T19:27:55.241072+00:00,,,100,0,,,,
0adb45e62d314117952f668aba2485f2,duckdb,1.5.2,tpcds,1,local-dev,analytical,bench_eadf583a,q68,0,2026-07-14T19:27:55.514149+00:00,2026-07-14T19:27:55.793638+00:00,true,,100,0,,,,
0adb45e62d314117952f668aba2485f2,duckdb,1.5.2,tpcds,1,local-dev,analytical,bench_eadf583a,q68,1,2026-07-14T19:27:55.794517+00:00,2026-07-14T19:27:56.064860+00:00,,,100,0,,,,
0adb45e62d314117952f668aba2485f2,duckdb,1.5.2,tpcds,1,local-dev,analytical,bench_eadf583a,q68,2,2026-07-14T19:27:56.064911+00:00,2026-07-14T19:27:56.349118+00:00,,,100,0,,,,
0adb45e62d314117952f668aba2485f2,duckdb,1.5.2,tpcds,1,local-dev,analytical,bench_eadf583a,q69,0,2026-07-14T19:27:56.501414+00:00,2026-07-14T19:27:56.645724+00:00,true,,100,0,,,,
0adb45e62d314117952f668aba2485f2,duckdb,1.5.2,tpcds,1,local-dev,analytical,bench_eadf583a,q69,1,2026-07-14T19:27:56.647210+00:00,2026-07-14T19:27:56.853390+00:00,,,100,0,,,,
0adb45e62d314117952f668aba2485f2,duckdb,1.5.2,tpcds,1,local-dev,analytical,bench_eadf583a,q69,2,2026-07-14T19:27:56.853450+00:00,2026-07-14T19:27:57.008437+00:00,,,100,0,,,,
0adb45e62d314117952f668aba2485f2,duckdb,1.5.2,tpcds,1,local-dev,analytical,bench_eadf583a,q70,0,2026-07-14T19:27:57.203875+00:00,2026-07-14T19:27:57.375076+00:00,true,,3,0,,,,
0adb45e62d314117952f668aba2485f2,duckdb,1.5.2,tpcds,1,local-dev,analytical,bench_eadf583a,q70,1,2026-07-14T19:27:57.375759+00:00,2026-07-14T19:27:57.549226+00:00,,,3,0,,,,
0adb45e62d314117952f668aba2485f2,duckdb,1.5.2,tpcds,1,local-dev,analytical,bench_eadf583a,q70,2,2026-07-14T19:27:57.549271+00:00,2026-07-14T19:27:57.715063+00:00,,,3,0,,,,
0adb45e62d314117952f668aba2485f2,duckdb,1.5.2,tpcds,1,local-dev,analytical,bench_eadf583a,q71,0,2026-07-14T19:27:57.913565+00:00,2026-07-14T19:27:58.093556+00:00,true,,1031,0,,,,
0adb45e62d314117952f668aba2485f2,duckdb,1.5.2,tpcds,1,local-dev,analytical,bench_eadf583a,q71,1,2026-07-14T19:27:58.098928+00:00,2026-07-14T19:27:58.301543+00:00,,,1031,0,,,,
0adb45e62d314117952f668aba2485f2,duckdb,1.5.2,tpcds,1,local-dev,analytical,bench_eadf583a,q71,2,2026-07-14T19:27:58.301627+00:00,2026-07-14T19:27:58.483170+00:00,,,1031,0,,,,
0adb45e62d314117952f668aba2485f2,duckdb,1.5.2,tpcds,1,local-dev,analytical,bench_eadf583a,q72,0,2026-07-14T19:27:58.763917+00:00,2026-07-14T19:27:59.033702+00:00,true,,100,0,,,,
0adb45e62d314117952f668aba2485f2,duckdb,1.5.2,tpcds,1,local-dev,analytical,bench_eadf583a,q72,1,2026-07-14T19:27:59.035363+00:00,2026-07-14T19:27:59.308774+00:00,,,100,0,,,,
0adb45e62d314117952f668aba2485f2,duckdb,1.5.2,tpcds,1,local-dev,analytical,bench_eadf583a,q72,2,2026-07-14T19:27:59.308819+00:00,2026-07-14T19:27:59.581057+00:00,,,100,0,,,,
0adb45e62d314117952f668aba2485f2,duckdb,1.5.2,tpcds,1,local-dev,analytical,bench_eadf583a,q73,0,2026-07-14T19:27:59.714969+00:00,2026-07-14T19:27:59.840696+00:00,true,,1,0,,,,
0adb45e62d314117952f668aba2485f2,duckdb,1.5.2,tpcds,1,local-dev,analytical,bench_eadf583a,q73,1,2026-07-14T19:27:59.841105+00:00,2026-07-14T19:27:59.968225+00:00,,,1,0,,,,
0adb45e62d314117952f668aba2485f2,duckdb,1.5.2,tpcds,1,local-dev,analytical,bench_eadf583a,q73,2,2026-07-14T19:27:59.968269+00:00,2026-07-14T19:28:00.095187+00:00,,,1,0,,,,
0adb45e62d314117952f668aba2485f2,duckdb,1.5.2,tpcds,1,local-dev,analytical,bench_eadf583a,q74,0,2026-07-14T19:28:00.398488+00:00,2026-07-14T19:28:00.692855+00:00,true,,92,0,,,,
0adb45e62d314117952f668aba2485f2,duckdb,1.5.2,tpcds,1,local-dev,analytical,bench_eadf583a,q74,1,2026-07-14T19:28:00.693893+00:00,2026-07-14T19:28:00.924197+00:00,,,92,0,,,,
0adb45e62d314117952f668aba2485f2,duckdb,1.5.2,tpcds,1,local-dev,analytical,bench_eadf583a,q74,2,2026-07-14T19:28:00.924247+00:00,2026-07-14T19:28:01.124368+00:00,,,92,0,,,,
0adb45e62d314117952f668aba2485f2,duckdb,1.5.2,tpcds,1,local-dev,analytical,bench_eadf583a,q75,0,2026-07-14T19:28:01.414195+00:00,2026-07-14T19:28:01.690491+00:00,true,,100,0,,,,
0adb45e62d314117952f668aba2485f2,duckdb,1.5.2,tpcds,1,local-dev,analytical,bench_eadf583a,q75,1,2026-07-14T19:28:01.691446+00:00,2026-07-14T19:28:01.968745+00:00,,,100,0,,,,
0adb45e62d314117952f668aba2485f2,duckdb,1.5.2,tpcds,1,local-dev,analytical,bench_eadf583a,q75,2,2026-07-14T19:28:01.968802+00:00,2026-07-14T19:28:02.269927+00:00,,,100,0,,,,
0adb45e62d314117952f668aba2485f2,duckdb,1.5.2,tpcds,1,local-dev,analytical,bench_eadf583a,q76,0,2026-07-14T19:28:02.487998+00:00,2026-07-14T19:28:02.699452+00:00,true,,100,0,,,,
0adb45e62d314117952f668aba2485f2,duckdb,1.5.2,tpcds,1,local-dev,analytical,bench_eadf583a,q76,1,2026-07-14T19:28:02.700421+00:00,2026-07-14T19:28:02.903869+00:00,,,100,0,,,,
0adb45e62d314117952f668aba2485f2,duckdb,1.5.2,tpcds,1,local-dev,analytical,bench_eadf583a,q76,2,2026-07-14T19:28:02.903917+00:00,2026-07-14T19:28:03.116198+00:00,,,100,0,,,,
0adb45e62d314117952f668aba2485f2,duckdb,1.5.2,tpcds,1,local-dev,analytical,bench_eadf583a,q77,0,2026-07-14T19:28:03.366762+00:00,2026-07-14T19:28:03.585603+00:00,true,,44,0,,,,
0adb45e62d314117952f668aba2485f2,duckdb,1.5.2,tpcds,1,local-dev,analytical,bench_eadf583a,q77,1,2026-07-14T19:28:03.586941+00:00,2026-07-14T19:28:03.806500+00:00,,,44,0,,,,
0adb45e62d314117952f668aba2485f2,duckdb,1.5.2,tpcds,1,local-dev,analytical,bench_eadf583a,q77,2,2026-07-14T19:28:03.806547+00:00,2026-07-14T19:28:04.024342+00:00,,,44,0,,,,
0adb45e62d314117952f668aba2485f2,duckdb,1.5.2,tpcds,1,local-dev,analytical,bench_eadf583a,q78,0,2026-07-14T19:28:04.269230+00:00,2026-07-14T19:28:04.539993+00:00,true,,100,0,,,,
0adb45e62d314117952f668aba2485f2,duckdb,1.5.2,tpcds,1,local-dev,analytical,bench_eadf583a,q78,1,2026-07-14T19:28:04.541421+00:00,2026-07-14T19:28:04.826753+00:00,,,100,0,,,,
0adb45e62d314117952f668aba2485f2,duckdb,1.5.2,tpcds,1,local-dev,analytical,bench_eadf583a,q78,2,2026-07-14T19:28:04.826804+00:00,2026-07-14T19:28:05.076843+00:00,,,100,0,,,,
0adb45e62d314117952f668aba2485f2,duckdb,1.5.2,tpcds,1,local-dev,analytical,bench_eadf583a,q79,0,2026-07-14T19:28:05.285694+00:00,2026-07-14T19:28:05.561839+00:00,true,,100,0,,,,
0adb45e62d314117952f668aba2485f2,duckdb,1.5.2,tpcds,1,local-dev,analytical,bench_eadf583a,q79,1,2026-07-14T19:28:05.563751+00:00,2026-07-14T19:28:05.779564+00:00,,,100,0,,,,
0adb45e62d314117952f668aba2485f2,duckdb,1.5.2,tpcds,1,local-dev,analytical,bench_eadf583a,q79,2,2026-07-14T19:28:05.779614+00:00,2026-07-14T19:28:05.997913+00:00,,,100,0,,,,
0adb45e62d314117952f668aba2485f2,duckdb,1.5.2,tpcds,1,local-dev,analytical,bench_eadf583a,q80,0,2026-07-14T19:28:06.322843+00:00,2026-07-14T19:28:06.681158+00:00,true,,100,0,,,,
0adb45e62d314117952f668aba2485f2,duckdb,1.5.2,tpcds,1,local-dev,analytical,bench_eadf583a,q80,1,2026-07-14T19:28:06.682585+00:00,2026-07-14T19:28:07.029052+00:00,,,100,0,,,,
0adb45e62d314117952f668aba2485f2,duckdb,1.5.2,tpcds,1,local-dev,analytical,bench_eadf583a,q80,2,2026-07-14T19:28:07.029104+00:00,2026-07-14T19:28:07.347256+00:00,,,100,0,,,,
0adb45e62d314117952f668aba2485f2,duckdb,1.5.2,tpcds,1,local-dev,analytical,bench_eadf583a,q81,0,2026-07-14T19:28:07.446713+00:00,2026-07-14T19:28:07.521874+00:00,true,,100,0,,,,
0adb45e62d314117952f668aba2485f2,duckdb,1.5.2,tpcds,1,local-dev,analytical,bench_eadf583a,q81,1,2026-07-14T19:28:07.523951+00:00,2026-07-14T19:28:07.598146+00:00,,,100,0,,,,
0adb45e62d314117952f668aba2485f2,duckdb,1.5.2,tpcds,1,local-dev,analytical,bench_eadf583a,q81,2,2026-07-14T19:28:07.598200+00:00,2026-07-14T19:28:07.675218+00:00,,,100,0,,,,
0adb45e62d314117952f668aba2485f2,duckdb,1.5.2,tpcds,1,local-dev,analytical,bench_eadf583a,q82,0,2026-07-14T19:28:07.755943+00:00,2026-07-14T19:28:07.835978+00:00,true,,2,0,,,,
0adb45e62d314117952f668aba2485f2,duckdb,1.5.2,tpcds,1,local-dev,analytical,bench_eadf583a,q82,1,2026-07-14T19:28:07.837013+00:00,2026-07-14T19:28:07.915610+00:00,,,2,0,,,,
0adb45e62d314117952f668aba2485f2,duckdb,1.5.2,tpcds,1,local-dev,analytical,bench_eadf583a,q82,2,2026-07-14T19:28:07.915650+00:00,2026-07-14T19:28:08.008548+00:00,,,2,0,,,,
0adb45e62d314117952f668aba2485f2,duckdb,1.5.2,tpcds,1,local-dev,analytical,bench_eadf583a,q83,0,2026-07-14T19:28:08.097380+00:00,2026-07-14T19:28:08.184361+00:00,true,,24,0,,,,
0adb45e62d314117952f668aba2485f2,duckdb,1.5.2,tpcds,1,local-dev,analytical,bench_eadf583a,q83,1,2026-07-14T19:28:08.185514+00:00,2026-07-14T19:28:08.277328+00:00,,,24,0,,,,
0adb45e62d314117952f668aba2485f2,duckdb,1.5.2,tpcds,1,local-dev,analytical,bench_eadf583a,q83,2,2026-07-14T19:28:08.277384+00:00,2026-07-14T19:28:08.365826+00:00,,,24,0,,,,
0adb45e62d314117952f668aba2485f2,duckdb,1.5.2,tpcds,1,local-dev,analytical,bench_eadf583a,q84,0,2026-07-14T19:28:08.468483+00:00,2026-07-14T19:28:08.545916+00:00,true,,16,0,,,,
0adb45e62d314117952f668aba2485f2,duckdb,1.5.2,tpcds,1,local-dev,analytical,bench_eadf583a,q84,1,2026-07-14T19:28:08.546934+00:00,2026-07-14T19:28:08.623919+00:00,,,16,0,,,,
0adb45e62d314117952f668aba2485f2,duckdb,1.5.2,tpcds,1,local-dev,analytical,bench_eadf583a,q84,2,2026-07-14T19:28:08.623960+00:00,2026-07-14T19:28:08.700366+00:00,,,16,0,,,,
0adb45e62d314117952f668aba2485f2,duckdb,1.5.2,tpcds,1,local-dev,analytical,bench_eadf583a,q85,0,2026-07-14T19:28:08.881849+00:00,2026-07-14T19:28:09.064562+00:00,true,,1,0,,,,
0adb45e62d314117952f668aba2485f2,duckdb,1.5.2,tpcds,1,local-dev,analytical,bench_eadf583a,q85,1,2026-07-14T19:28:09.065166+00:00,2026-07-14T19:28:09.246293+00:00,,,1,0,,,,
0adb45e62d314117952f668aba2485f2,duckdb,1.5.2,tpcds,1,local-dev,analytical,bench_eadf583a,q85,2,2026-07-14T19:28:09.246335+00:00,2026-07-14T19:28:09.418895+00:00,,,1,0,,,,
0adb45e62d314117952f668aba2485f2,duckdb,1.5.2,tpcds,1,local-dev,analytical,bench_eadf583a,q86,0,2026-07-14T19:28:09.492782+00:00,2026-07-14T19:28:09.546870+00:00,true,,100,0,,,,
0adb45e62d314117952f668aba2485f2,duckdb,1.5.2,tpcds,1,local-dev,analytical,bench_eadf583a,q86,1,2026-07-14T19:28:09.548164+00:00,2026-07-14T19:28:09.601527+00:00,,,100,0,,,,
0adb45e62d314117952f668aba2485f2,duckdb,1.5.2,tpcds,1,local-dev,analytical,bench_eadf583a,q86,2,2026-07-14T19:28:09.601573+00:00,2026-07-14T19:28:09.659041+00:00,,,100,0,,,,
0adb45e62d314117952f668aba2485f2,duckdb,1.5.2,tpcds,1,local-dev,analytical,bench_eadf583a,q87,0,2026-07-14T19:28:09.786148+00:00,2026-07-14T19:28:09.901607+00:00,true,,1,0,,,,
0adb45e62d314117952f668aba2485f2,duckdb,1.5.2,tpcds,1,local-dev,analytical,bench_eadf583a,q87,1,2026-07-14T19:28:09.902534+00:00,2026-07-14T19:28:10.021660+00:00,,,1,0,,,,
0adb45e62d314117952f668aba2485f2,duckdb,1.5.2,tpcds,1,local-dev,analytical,bench_eadf583a,q87,2,2026-07-14T19:28:10.021704+00:00,2026-07-14T19:28:10.135123+00:00,,,1,0,,,,
0adb45e62d314117952f668aba2485f2,duckdb,1.5.2,tpcds,1,local-dev,analytical,bench_eadf583a,q88,0,2026-07-14T19:28:10.718524+00:00,2026-07-14T19:28:11.359535+00:00,true,,1,0,,,,
0adb45e62d314117952f668aba2485f2,duckdb,1.5.2,tpcds,1,local-dev,analytical,bench_eadf583a,q88,1,2026-07-14T19:28:11.360546+00:00,2026-07-14T19:28:11.948982+00:00,,,1,0,,,,
0adb45e62d314117952f668aba2485f2,duckdb,1.5.2,tpcds,1,local-dev,analytical,bench_eadf583a,q88,2,2026-07-14T19:28:11.949024+00:00,2026-07-14T19:28:12.510552+00:00,,,1,0,,,,
0adb45e62d314117952f668aba2485f2,duckdb,1.5.2,tpcds,1,local-dev,analytical,bench_eadf583a,q89,0,2026-07-14T19:28:12.650512+00:00,2026-07-14T19:28:12.774508+00:00,true,,100,0,,,,
0adb45e62d314117952f668aba2485f2,duckdb,1.5.2,tpcds,1,local-dev,analytical,bench_eadf583a,q89,1,2026-07-14T19:28:12.776460+00:00,2026-07-14T19:28:12.905763+00:00,,,100,0,,,,
0adb45e62d314117952f668aba2485f2,duckdb,1.5.2,tpcds,1,local-dev,analytical,bench_eadf583a,q89,2,2026-07-14T19:28:12.905811+00:00,2026-07-14T19:28:13.031808+00:00,,,100,0,,,,
0adb45e62d314117952f668aba2485f2,duckdb,1.5.2,tpcds,1,local-dev,analytical,bench_eadf583a,q90,0,2026-07-14T19:28:13.105951+00:00,2026-07-14T19:28:13.180358+00:00,true,,1,0,,,,
0adb45e62d314117952f668aba2485f2,duckdb,1.5.2,tpcds,1,local-dev,analytical,bench_eadf583a,q90,1,2026-07-14T19:28:13.181285+00:00,2026-07-14T19:28:13.255042+00:00,,,1,0,,,,
0adb45e62d314117952f668aba2485f2,duckdb,1.5.2,tpcds,1,local-dev,analytical,bench_eadf583a,q90,2,2026-07-14T19:28:13.255093+00:00,2026-07-14T19:28:13.329213+00:00,,,1,0,,,,
0adb45e62d314117952f668aba2485f2,duckdb,1.5.2,tpcds,1,local-dev,analytical,bench_eadf583a,q91,0,2026-07-14T19:28:13.451411+00:00,2026-07-14T19:28:13.557816+00:00,true,,2,0,,,,
0adb45e62d314117952f668aba2485f2,duckdb,1.5.2,tpcds,1,local-dev,analytical,bench_eadf583a,q91,1,2026-07-14T19:28:13.558763+00:00,2026-07-14T19:28:13.697450+00:00,,,2,0,,,,
0adb45e62d314117952f668aba2485f2,duckdb,1.5.2,tpcds,1,local-dev,analytical,bench_eadf583a,q91,2,2026-07-14T19:28:13.697490+00:00,2026-07-14T19:28:13.795628+00:00,,,2,0,,,,
0adb45e62d314117952f668aba2485f2,duckdb,1.5.2,tpcds,1,local-dev,analytical,bench_eadf583a,q92,0,2026-07-14T19:28:13.879010+00:00,2026-07-14T19:28:13.961244+00:00,true,,1,0,,,,
0adb45e62d314117952f668aba2485f2,duckdb,1.5.2,tpcds,1,local-dev,analytical,bench_eadf583a,q92,1,2026-07-14T19:28:13.962236+00:00,2026-07-14T19:28:14.043390+00:00,,,1,0,,,,
0adb45e62d314117952f668aba2485f2,duckdb,1.5.2,tpcds,1,local-dev,analytical,bench_eadf583a,q92,2,2026-07-14T19:28:14.043431+00:00,2026-07-14T19:28:14.127275+00:00,,,1,0,,,,
0adb45e62d314117952f668aba2485f2,duckdb,1.5.2,tpcds,1,local-dev,analytical,bench_eadf583a,q93,0,2026-07-14T19:28:14.261302+00:00,2026-07-14T19:28:14.388896+00:00,true,,100,0,,,,
0adb45e62d314117952f668aba2485f2,duckdb,1.5.2,tpcds,1,local-dev,analytical,bench_eadf583a,q93,1,2026-07-14T19:28:14.389916+00:00,2026-07-14T19:28:14.518533+00:00,,,100,0,,,,
0adb45e62d314117952f668aba2485f2,duckdb,1.5.2,tpcds,1,local-dev,analytical,bench_eadf583a,q93,2,2026-07-14T19:28:14.518575+00:00,2026-07-14T19:28:14.689670+00:00,,,100,0,,,,
0adb45e62d314117952f668aba2485f2,duckdb,1.5.2,tpcds,1,local-dev,analytical,bench_eadf583a,q94,0,2026-07-14T19:28:14.815905+00:00,2026-07-14T19:28:14.917153+00:00,true,,1,0,,,,
0adb45e62d314117952f668aba2485f2,duckdb,1.5.2,tpcds,1,local-dev,analytical,bench_eadf583a,q94,1,2026-07-14T19:28:14.918216+00:00,2026-07-14T19:28:15.034045+00:00,,,1,0,,,,
0adb45e62d314117952f668aba2485f2,duckdb,1.5.2,tpcds,1,local-dev,analytical,bench_eadf583a,q94,2,2026-07-14T19:28:15.034088+00:00,2026-07-14T19:28:15.142814+00:00,,,1,0,,,,
0adb45e62d314117952f668aba2485f2,duckdb,1.5.2,tpcds,1,local-dev,analytical,bench_eadf583a,q95,0,2026-07-14T19:28:15.161957+00:00,2026-07-14T19:28:15.176604+00:00,,Not implemented Error: IcebergScan serialization not implemented,0,0,,,,
0adb45e62d314117952f668aba2485f2,duckdb,1.5.2,tpcds,1,local-dev,analytical,bench_eadf583a,q95,1,2026-07-14T19:28:15.176680+00:00,2026-07-14T19:28:15.193005+00:00,,Not implemented Error: IcebergScan serialization not implemented,0,0,,,,
0adb45e62d314117952f668aba2485f2,duckdb,1.5.2,tpcds,1,local-dev,analytical,bench_eadf583a,q95,2,2026-07-14T19:28:15.193044+00:00,2026-07-14T19:28:15.209459+00:00,,Not implemented Error: IcebergScan serialization not implemented,0,0,,,,
0adb45e62d314117952f668aba2485f2,duckdb,1.5.2,tpcds,1,local-dev,analytical,bench_eadf583a,q96,0,2026-07-14T19:28:15.302601+00:00,2026-07-14T19:28:15.390922+00:00,true,,1,0,,,,
0adb45e62d314117952f668aba2485f2,duckdb,1.5.2,tpcds,1,local-dev,analytical,bench_eadf583a,q96,1,2026-07-14T19:28:15.391870+00:00,2026-07-14T19:28:15.482975+00:00,,,1,0,,,,
0adb45e62d314117952f668aba2485f2,duckdb,1.5.2,tpcds,1,local-dev,analytical,bench_eadf583a,q96,2,2026-07-14T19:28:15.483015+00:00,2026-07-14T19:28:15.584470+00:00,,,1,0,,,,
0adb45e62d314117952f668aba2485f2,duckdb,1.5.2,tpcds,1,local-dev,analytical,bench_eadf583a,q97,0,2026-07-14T19:28:15.731103+00:00,2026-07-14T19:28:15.836272+00:00,true,,1,0,,,,
0adb45e62d314117952f668aba2485f2,duckdb,1.5.2,tpcds,1,local-dev,analytical,bench_eadf583a,q97,1,2026-07-14T19:28:15.836876+00:00,2026-07-14T19:28:15.928189+00:00,,,1,0,,,,
0adb45e62d314117952f668aba2485f2,duckdb,1.5.2,tpcds,1,local-dev,analytical,bench_eadf583a,q97,2,2026-07-14T19:28:15.928231+00:00,2026-07-14T19:28:16.022735+00:00,,,1,0,,,,
0adb45e62d314117952f668aba2485f2,duckdb,1.5.2,tpcds,1,local-dev,analytical,bench_eadf583a,q98,0,2026-07-14T19:28:16.143193+00:00,2026-07-14T19:28:16.257970+00:00,true,,2521,0,,,,
0adb45e62d314117952f668aba2485f2,duckdb,1.5.2,tpcds,1,local-dev,analytical,bench_eadf583a,q98,1,2026-07-14T19:28:16.274578+00:00,2026-07-14T19:28:16.390238+00:00,,,2521,0,,,,
0adb45e62d314117952f668aba2485f2,duckdb,1.5.2,tpcds,1,local-dev,analytical,bench_eadf583a,q98,2,2026-07-14T19:28:16.390399+00:00,2026-07-14T19:28:16.505270+00:00,,,2521,0,,,,
0adb45e62d314117952f668aba2485f2,duckdb,1.5.2,tpcds,1,local-dev,analytical,bench_eadf583a,q99,0,2026-07-14T19:28:16.564252+00:00,2026-07-14T19:28:16.622850+00:00,true,,90,0,,,,
0adb45e62d314117952f668aba2485f2,duckdb,1.5.2,tpcds,1,local-dev,analytical,bench_eadf583a,q99,1,2026-07-14T19:28:16.624280+00:00,2026-07-14T19:28:16.681958+00:00,,,90,0,,,,
0adb45e62d314117952f668aba2485f2,duckdb,1.5.2,tpcds,1,local-dev,analytical,bench_eadf583a,q99,2,2026-07-14T19:28:16.682002+00:00,2026-07-14T19:28:16.778930+00:00,,,90,0,,,,
87a6bfc1f4ec49f5b1f7cdfb607e8196,duckdb,1.5.2,tpch,1,local-dev,analytical,bench_46f4f99e,q01,0,2026-07-14T19:29:13.376586+00:00,2026-07-14T19:29:13.606253+00:00,true,,4,0,,,,
87a6bfc1f4ec49f5b1f7cdfb607e8196,duckdb,1.5.2,tpch,1,local-dev,analytical,bench_46f4f99e,q01,1,2026-07-14T19:29:13.607655+00:00,2026-07-14T19:29:13.855336+00:00,,,4,0,,,,
87a6bfc1f4ec49f5b1f7cdfb607e8196,duckdb,1.5.2,tpch,1,local-dev,analytical,bench_46f4f99e,q01,2,2026-07-14T19:29:13.855386+00:00,2026-07-14T19:29:14.079637+00:00,,,4,0,,,,
87a6bfc1f4ec49f5b1f7cdfb607e8196,duckdb,1.5.2,tpch,1,local-dev,analytical,bench_46f4f99e,q02,0,2026-07-14T19:29:14.204355+00:00,2026-07-14T19:29:14.324039+00:00,true,,100,0,,,,
87a6bfc1f4ec49f5b1f7cdfb607e8196,duckdb,1.5.2,tpch,1,local-dev,analytical,bench_46f4f99e,q02,1,2026-07-14T19:29:14.325443+00:00,2026-07-14T19:29:14.442165+00:00,,,100,0,,,,
87a6bfc1f4ec49f5b1f7cdfb607e8196,duckdb,1.5.2,tpch,1,local-dev,analytical,bench_46f4f99e,q02,2,2026-07-14T19:29:14.442211+00:00,2026-07-14T19:29:14.559947+00:00,,,100,0,,,,
87a6bfc1f4ec49f5b1f7cdfb607e8196,duckdb,1.5.2,tpch,1,local-dev,analytical,bench_46f4f99e,q03,0,2026-07-14T19:29:14.892868+00:00,2026-07-14T19:29:15.179718+00:00,true,,10,0,,,,
87a6bfc1f4ec49f5b1f7cdfb607e8196,duckdb,1.5.2,tpch,1,local-dev,analytical,bench_46f4f99e,q03,1,2026-07-14T19:29:15.181354+00:00,2026-07-14T19:29:15.455865+00:00,,,10,0,,,,
87a6bfc1f4ec49f5b1f7cdfb607e8196,duckdb,1.5.2,tpch,1,local-dev,analytical,bench_46f4f99e,q03,2,2026-07-14T19:29:15.455910+00:00,2026-07-14T19:29:15.737929+00:00,,,10,0,,,,
87a6bfc1f4ec49f5b1f7cdfb607e8196,duckdb,1.5.2,tpch,1,local-dev,analytical,bench_46f4f99e,q04,0,2026-07-14T19:29:15.916058+00:00,2026-07-14T19:29:16.093262+00:00,true,,5,0,,,,
87a6bfc1f4ec49f5b1f7cdfb607e8196,duckdb,1.5.2,tpch,1,local-dev,analytical,bench_46f4f99e,q04,1,2026-07-14T19:29:16.094498+00:00,2026-07-14T19:29:16.264937+00:00,,,5,0,,,,
87a6bfc1f4ec49f5b1f7cdfb607e8196,duckdb,1.5.2,tpch,1,local-dev,analytical,bench_46f4f99e,q04,2,2026-07-14T19:29:16.264984+00:00,2026-07-14T19:29:16.444047+00:00,,,5,0,,,,
87a6bfc1f4ec49f5b1f7cdfb607e8196,duckdb,1.5.2,tpch,1,local-dev,analytical,bench_46f4f99e,q05,0,2026-07-14T19:29:16.733126+00:00,2026-07-14T19:29:17.064347+00:00,true,,5,0,,,,
87a6bfc1f4ec49f5b1f7cdfb607e8196,duckdb,1.5.2,tpch,1,local-dev,analytical,bench_46f4f99e,q05,1,2026-07-14T19:29:17.065550+00:00,2026-07-14T19:29:17.351241+00:00,,,5,0,,,,
87a6bfc1f4ec49f5b1f7cdfb607e8196,duckdb,1.5.2,tpch,1,local-dev,analytical,bench_46f4f99e,q05,2,2026-07-14T19:29:17.351285+00:00,2026-07-14T19:29:17.633595+00:00,,,5,0,,,,
87a6bfc1f4ec49f5b1f7cdfb607e8196,duckdb,1.5.2,tpch,1,local-dev,analytical,bench_46f4f99e,q06,0,2026-07-14T19:29:17.852371+00:00,2026-07-14T19:29:18.070190+00:00,true,,1,0,,,,
87a6bfc1f4ec49f5b1f7cdfb607e8196,duckdb,1.5.2,tpch,1,local-dev,analytical,bench_46f4f99e,q06,1,2026-07-14T19:29:18.071240+00:00,2026-07-14T19:29:18.293532+00:00,,,1,0,,,,
87a6bfc1f4ec49f5b1f7cdfb607e8196,duckdb,1.5.2,tpch,1,local-dev,analytical,bench_46f4f99e,q06,2,2026-07-14T19:29:18.293583+00:00,2026-07-14T19:29:18.513810+00:00,,,1,0,,,,
87a6bfc1f4ec49f5b1f7cdfb607e8196,duckdb,1.5.2,tpch,1,local-dev,analytical,bench_46f4f99e,q07,0,2026-07-14T19:29:18.941128+00:00,2026-07-14T19:29:19.256231+00:00,true,,4,0,,,,
87a6bfc1f4ec49f5b1f7cdfb607e8196,duckdb,1.5.2,tpch,1,local-dev,analytical,bench_46f4f99e,q07,1,2026-07-14T19:29:19.257252+00:00,2026-07-14T19:29:19.576326+00:00,,,4,0,,,,
87a6bfc1f4ec49f5b1f7cdfb607e8196,duckdb,1.5.2,tpch,1,local-dev,analytical,bench_46f4f99e,q07,2,2026-07-14T19:29:19.576367+00:00,2026-07-14T19:29:19.925585+00:00,,,4,0,,,,
87a6bfc1f4ec49f5b1f7cdfb607e8196,duckdb,1.5.2,tpch,1,local-dev,analytical,bench_46f4f99e,q08,0,2026-07-14T19:29:20.292738+00:00,2026-07-14T19:29:20.665279+00:00,true,,2,0,,,,
87a6bfc1f4ec49f5b1f7cdfb607e8196,duckdb,1.5.2,tpch,1,local-dev,analytical,bench_46f4f99e,q08,1,2026-07-14T19:29:20.666295+00:00,2026-07-14T19:29:21.034542+00:00,,,2,0,,,,
87a6bfc1f4ec49f5b1f7cdfb607e8196,duckdb,1.5.2,tpch,1,local-dev,analytical,bench_46f4f99e,q08,2,2026-07-14T19:29:21.034587+00:00,2026-07-14T19:29:21.394683+00:00,,,2,0,,,,
87a6bfc1f4ec49f5b1f7cdfb607e8196,duckdb,1.5.2,tpch,1,local-dev,analytical,bench_46f4f99e,q09,0,2026-07-14T19:29:21.799617+00:00,2026-07-14T19:29:22.204345+00:00,true,,175,0,,,,
87a6bfc1f4ec49f5b1f7cdfb607e8196,duckdb,1.5.2,tpch,1,local-dev,analytical,bench_46f4f99e,q09,1,2026-07-14T19:29:22.206153+00:00,2026-07-14T19:29:22.605995+00:00,,,175,0,,,,
87a6bfc1f4ec49f5b1f7cdfb607e8196,duckdb,1.5.2,tpch,1,local-dev,analytical,bench_46f4f99e,q09,2,2026-07-14T19:29:22.606046+00:00,2026-07-14T19:29:23.013967+00:00,,,175,0,,,,
87a6bfc1f4ec49f5b1f7cdfb607e8196,duckdb,1.5.2,tpch,1,local-dev,analytical,bench_46f4f99e,q10,0,2026-07-14T19:29:23.351172+00:00,2026-07-14T19:29:23.672898+00:00,true,,20,0,,,,
87a6bfc1f4ec49f5b1f7cdfb607e8196,duckdb,1.5.2,tpch,1,local-dev,analytical,bench_46f4f99e,q10,1,2026-07-14T19:29:23.674011+00:00,2026-07-14T19:29:23.993817+00:00,,,20,0,,,,
87a6bfc1f4ec49f5b1f7cdfb607e8196,duckdb,1.5.2,tpch,1,local-dev,analytical,bench_46f4f99e,q10,2,2026-07-14T19:29:23.993861+00:00,2026-07-14T19:29:24.317388+00:00,,,20,0,,,,
87a6bfc1f4ec49f5b1f7cdfb607e8196,duckdb,1.5.2,tpch,1,local-dev,analytical,bench_46f4f99e,q11,0,2026-07-14T19:29:24.404151+00:00,2026-07-14T19:29:24.487778+00:00,true,,1048,0,,,,
87a6bfc1f4ec49f5b1f7cdfb607e8196,duckdb,1.5.2,tpch,1,local-dev,analytical,bench_46f4f99e,q11,1,2026-07-14T19:29:24.491008+00:00,2026-07-14T19:29:24.573504+00:00,,,1048,0,,,,
87a6bfc1f4ec49f5b1f7cdfb607e8196,duckdb,1.5.2,tpch,1,local-dev,analytical,bench_46f4f99e,q11,2,2026-07-14T19:29:24.573584+00:00,2026-07-14T19:29:24.663014+00:00,,,1048,0,,,,
87a6bfc1f4ec49f5b1f7cdfb607e8196,duckdb,1.5.2,tpch,1,local-dev,analytical,bench_46f4f99e,q12,0,2026-07-14T19:29:24.949104+00:00,2026-07-14T19:29:25.205029+00:00,true,,2,0,,,,
87a6bfc1f4ec49f5b1f7cdfb607e8196,duckdb,1.5.2,tpch,1,local-dev,analytical,bench_46f4f99e,q12,1,2026-07-14T19:29:25.206083+00:00,2026-07-14T19:29:25.439571+00:00,,,2,0,,,,
87a6bfc1f4ec49f5b1f7cdfb607e8196,duckdb,1.5.2,tpch,1,local-dev,analytical,bench_46f4f99e,q12,2,2026-07-14T19:29:25.439619+00:00,2026-07-14T19:29:25.689628+00:00,,,2,0,,,,
87a6bfc1f4ec49f5b1f7cdfb607e8196,duckdb,1.5.2,tpch,1,local-dev,analytical,bench_46f4f99e,q13,0,2026-07-14T19:29:25.869091+00:00,2026-07-14T19:29:26.041020+00:00,true,,42,0,,,,
87a6bfc1f4ec49f5b1f7cdfb607e8196,duckdb,1.5.2,tpch,1,local-dev,analytical,bench_46f4f99e,q13,1,2026-07-14T19:29:26.041450+00:00,2026-07-14T19:29:26.216694+00:00,,,42,0,,,,
87a6bfc1f4ec49f5b1f7cdfb607e8196,duckdb,1.5.2,tpch,1,local-dev,analytical,bench_46f4f99e,q13,2,2026-07-14T19:29:26.216738+00:00,2026-07-14T19:29:26.392254+00:00,,,42,0,,,,
87a6bfc1f4ec49f5b1f7cdfb607e8196,duckdb,1.5.2,tpch,1,local-dev,analytical,bench_46f4f99e,q14,0,2026-07-14T19:29:26.664125+00:00,2026-07-14T19:29:26.938236+00:00,true,,1,0,,,,
87a6bfc1f4ec49f5b1f7cdfb607e8196,duckdb,1.5.2,tpch,1,local-dev,analytical,bench_46f4f99e,q14,1,2026-07-14T19:29:26.939372+00:00,2026-07-14T19:29:27.209391+00:00,,,1,0,,,,
87a6bfc1f4ec49f5b1f7cdfb607e8196,duckdb,1.5.2,tpch,1,local-dev,analytical,bench_46f4f99e,q14,2,2026-07-14T19:29:27.209436+00:00,2026-07-14T19:29:27.452388+00:00,,,1,0,,,,
87a6bfc1f4ec49f5b1f7cdfb607e8196,duckdb,1.5.2,tpch,1,local-dev,analytical,bench_46f4f99e,q15,0,2026-07-14T19:29:27.666140+00:00,2026-07-14T19:29:27.881290+00:00,true,,1,0,,,,
87a6bfc1f4ec49f5b1f7cdfb607e8196,duckdb,1.5.2,tpch,1,local-dev,analytical,bench_46f4f99e,q15,1,2026-07-14T19:29:27.882332+00:00,2026-07-14T19:29:28.105245+00:00,,,1,0,,,,
87a6bfc1f4ec49f5b1f7cdfb607e8196,duckdb,1.5.2,tpch,1,local-dev,analytical,bench_46f4f99e,q15,2,2026-07-14T19:29:28.105289+00:00,2026-07-14T19:29:28.325373+00:00,,,1,0,,,,
87a6bfc1f4ec49f5b1f7cdfb607e8196,duckdb,1.5.2,tpch,1,local-dev,analytical,bench_46f4f99e,q16,0,2026-07-14T19:29:28.392037+00:00,2026-07-14T19:29:28.455463+00:00,true,,18314,0,,,,
87a6bfc1f4ec49f5b1f7cdfb607e8196,duckdb,1.5.2,tpch,1,local-dev,analytical,bench_46f4f99e,q16,1,2026-07-14T19:29:28.511620+00:00,2026-07-14T19:29:28.578874+00:00,,,18314,0,,,,
87a6bfc1f4ec49f5b1f7cdfb607e8196,duckdb,1.5.2,tpch,1,local-dev,analytical,bench_46f4f99e,q16,2,2026-07-14T19:29:28.579353+00:00,2026-07-14T19:29:28.642973+00:00,,,18314,0,,,,
87a6bfc1f4ec49f5b1f7cdfb607e8196,duckdb,1.5.2,tpch,1,local-dev,analytical,bench_46f4f99e,q17,0,2026-07-14T19:29:28.983958+00:00,2026-07-14T19:29:29.299552+00:00,true,,1,0,,,,
87a6bfc1f4ec49f5b1f7cdfb607e8196,duckdb,1.5.2,tpch,1,local-dev,analytical,bench_46f4f99e,q17,1,2026-07-14T19:29:29.300567+00:00,2026-07-14T19:29:29.622643+00:00,,,1,0,,,,
87a6bfc1f4ec49f5b1f7cdfb607e8196,duckdb,1.5.2,tpch,1,local-dev,analytical,bench_46f4f99e,q17,2,2026-07-14T19:29:29.622694+00:00,2026-07-14T19:29:29.948443+00:00,,,1,0,,,,
87a6bfc1f4ec49f5b1f7cdfb607e8196,duckdb,1.5.2,tpch,1,local-dev,analytical,bench_46f4f99e,q18,0,2026-07-14T19:29:30.230967+00:00,2026-07-14T19:29:30.508851+00:00,true,,57,0,,,,
87a6bfc1f4ec49f5b1f7cdfb607e8196,duckdb,1.5.2,tpch,1,local-dev,analytical,bench_46f4f99e,q18,1,2026-07-14T19:29:30.510519+00:00,2026-07-14T19:29:30.782021+00:00,,,57,0,,,,
87a6bfc1f4ec49f5b1f7cdfb607e8196,duckdb,1.5.2,tpch,1,local-dev,analytical,bench_46f4f99e,q18,2,2026-07-14T19:29:30.782066+00:00,2026-07-14T19:29:31.065643+00:00,,,57,0,,,,
87a6bfc1f4ec49f5b1f7cdfb607e8196,duckdb,1.5.2,tpch,1,local-dev,analytical,bench_46f4f99e,q19,0,2026-07-14T19:29:31.359690+00:00,2026-07-14T19:29:31.649755+00:00,true,,1,0,,,,
87a6bfc1f4ec49f5b1f7cdfb607e8196,duckdb,1.5.2,tpch,1,local-dev,analytical,bench_46f4f99e,q19,1,2026-07-14T19:29:31.650648+00:00,2026-07-14T19:29:31.947564+00:00,,,1,0,,,,
87a6bfc1f4ec49f5b1f7cdfb607e8196,duckdb,1.5.2,tpch,1,local-dev,analytical,bench_46f4f99e,q19,2,2026-07-14T19:29:31.947628+00:00,2026-07-14T19:29:32.257081+00:00,,,1,0,,,,
87a6bfc1f4ec49f5b1f7cdfb607e8196,duckdb,1.5.2,tpch,1,local-dev,analytical,bench_46f4f99e,q20,0,2026-07-14T19:29:32.548771+00:00,2026-07-14T19:29:32.850153+00:00,true,,186,0,,,,
87a6bfc1f4ec49f5b1f7cdfb607e8196,duckdb,1.5.2,tpch,1,local-dev,analytical,bench_46f4f99e,q20,1,2026-07-14T19:29:32.851643+00:00,2026-07-14T19:29:33.150521+00:00,,,186,0,,,,
87a6bfc1f4ec49f5b1f7cdfb607e8196,duckdb,1.5.2,tpch,1,local-dev,analytical,bench_46f4f99e,q20,2,2026-07-14T19:29:33.150574+00:00,2026-07-14T19:29:33.444989+00:00,,,186,0,,,,
87a6bfc1f4ec49f5b1f7cdfb607e8196,duckdb,1.5.2,tpch,1,local-dev,analytical,bench_46f4f99e,q21,0,2026-07-14T19:29:33.970691+00:00,2026-07-14T19:29:34.507938+00:00,true,,100,0,,,,
87a6bfc1f4ec49f5b1f7cdfb607e8196,duckdb,1.5.2,tpch,1,local-dev,analytical,bench_46f4f99e,q21,1,2026-07-14T19:29:34.509181+00:00,2026-07-14T19:29:35.113924+00:00,,,100,0,,,,
87a6bfc1f4ec49f5b1f7cdfb607e8196,duckdb,1.5.2,tpch,1,local-dev,analytical,bench_46f4f99e,q21,2,2026-07-14T19:29:35.113974+00:00,2026-07-14T19:29:35.688348+00:00,,,100,0,,,,
87a6bfc1f4ec49f5b1f7cdfb607e8196,duckdb,1.5.2,tpch,1,local-dev,analytical,bench_46f4f99e,q22,0,2026-07-14T19:29:35.773383+00:00,2026-07-14T19:29:35.855942+00:00,true,,7,0,,,,
87a6bfc1f4ec49f5b1f7cdfb607e8196,duckdb,1.5.2,tpch,1,local-dev,analytical,bench_46f4f99e,q22,1,2026-07-14T19:29:35.856365+00:00,2026-07-14T19:29:35.940311+00:00,,,7,0,,,,
87a6bfc1f4ec49f5b1f7cdfb607e8196,duckdb,1.5.2,tpch,1,local-dev,analytical,bench_46f4f99e,q22,2,2026-07-14T19:29:35.940354+00:00,2026-07-14T19:29:36.027913+00:00,,,7,0,,,,
ab2c5739feb74acd965b414e9f9c9efb,duckdb,1.5.2,tpch,1,local-dev,analytical,bench_8a0ea887,q01,0,2026-07-14T20:11:57.363202+00:00,2026-07-14T20:11:57.583882+00:00,true,,4,0,,,,
ab2c5739feb74acd965b414e9f9c9efb,duckdb,1.5.2,tpch,1,local-dev,analytical,bench_8a0ea887,q01,1,2026-07-14T20:11:57.585038+00:00,2026-07-14T20:11:57.806612+00:00,,,4,0,,,,
ab2c5739feb74acd965b414e9f9c9efb,duckdb,1.5.2,tpch,1,local-dev,analytical,bench_8a0ea887,q01,2,2026-07-14T20:11:57.806657+00:00,2026-07-14T20:11:58.055124+00:00,,,4,0,,,,
ab2c5739feb74acd965b414e9f9c9efb,duckdb,1.5.2,tpch,1,local-dev,analytical,bench_8a0ea887,q02,0,2026-07-14T20:11:58.172151+00:00,2026-07-14T20:11:58.283908+00:00,true,,100,0,,,,
ab2c5739feb74acd965b414e9f9c9efb,duckdb,1.5.2,tpch,1,local-dev,analytical,bench_8a0ea887,q02,1,2026-07-14T20:11:58.285044+00:00,2026-07-14T20:11:58.391526+00:00,,,100,0,,,,
ab2c5739feb74acd965b414e9f9c9efb,duckdb,1.5.2,tpch,1,local-dev,analytical,bench_8a0ea887,q02,2,2026-07-14T20:11:58.391584+00:00,2026-07-14T20:11:58.497083+00:00,,,100,0,,,,
ab2c5739feb74acd965b414e9f9c9efb,duckdb,1.5.2,tpch,1,local-dev,analytical,bench_8a0ea887,q03,0,2026-07-14T20:11:58.769017+00:00,2026-07-14T20:11:59.034823+00:00,true,,10,0,,,,
ab2c5739feb74acd965b414e9f9c9efb,duckdb,1.5.2,tpch,1,local-dev,analytical,bench_8a0ea887,q03,1,2026-07-14T20:11:59.035854+00:00,2026-07-14T20:11:59.300665+00:00,,,10,0,,,,
ab2c5739feb74acd965b414e9f9c9efb,duckdb,1.5.2,tpch,1,local-dev,analytical,bench_8a0ea887,q03,2,2026-07-14T20:11:59.300706+00:00,2026-07-14T20:11:59.560362+00:00,,,10,0,,,,
ab2c5739feb74acd965b414e9f9c9efb,duckdb,1.5.2,tpch,1,local-dev,analytical,bench_8a0ea887,q04,0,2026-07-14T20:11:59.732273+00:00,2026-07-14T20:11:59.898456+00:00,true,,5,0,,,,
ab2c5739feb74acd965b414e9f9c9efb,duckdb,1.5.2,tpch,1,local-dev,analytical,bench_8a0ea887,q04,1,2026-07-14T20:11:59.899494+00:00,2026-07-14T20:12:00.064796+00:00,,,5,0,,,,
ab2c5739feb74acd965b414e9f9c9efb,duckdb,1.5.2,tpch,1,local-dev,analytical,bench_8a0ea887,q04,2,2026-07-14T20:12:00.064842+00:00,2026-07-14T20:12:00.392649+00:00,,,5,0,,,,
ab2c5739feb74acd965b414e9f9c9efb,duckdb,1.5.2,tpch,1,local-dev,analytical,bench_8a0ea887,q05,0,2026-07-14T20:12:01.077418+00:00,2026-07-14T20:12:01.689914+00:00,true,,5,0,,,,
ab2c5739feb74acd965b414e9f9c9efb,duckdb,1.5.2,tpch,1,local-dev,analytical,bench_8a0ea887,q05,1,2026-07-14T20:12:01.690326+00:00,2026-07-14T20:12:01.972828+00:00,,,5,0,,,,
ab2c5739feb74acd965b414e9f9c9efb,duckdb,1.5.2,tpch,1,local-dev,analytical,bench_8a0ea887,q05,2,2026-07-14T20:12:01.972872+00:00,2026-07-14T20:12:02.296863+00:00,,,5,0,,,,
ab2c5739feb74acd965b414e9f9c9efb,duckdb,1.5.2,tpch,1,local-dev,analytical,bench_8a0ea887,q06,0,2026-07-14T20:12:02.509250+00:00,2026-07-14T20:12:02.722014+00:00,true,,1,0,,,,
ab2c5739feb74acd965b414e9f9c9efb,duckdb,1.5.2,tpch,1,local-dev,analytical,bench_8a0ea887,q06,1,2026-07-14T20:12:02.722983+00:00,2026-07-14T20:12:02.940115+00:00,,,1,0,,,,
ab2c5739feb74acd965b414e9f9c9efb,duckdb,1.5.2,tpch,1,local-dev,analytical,bench_8a0ea887,q06,2,2026-07-14T20:12:02.940161+00:00,2026-07-14T20:12:03.153248+00:00,,,1,0,,,,
ab2c5739feb74acd965b414e9f9c9efb,duckdb,1.5.2,tpch,1,local-dev,analytical,bench_8a0ea887,q07,0,2026-07-14T20:12:03.454068+00:00,2026-07-14T20:12:03.757733+00:00,true,,4,0,,,,
ab2c5739feb74acd965b414e9f9c9efb,duckdb,1.5.2,tpch,1,local-dev,analytical,bench_8a0ea887,q07,1,2026-07-14T20:12:03.758763+00:00,2026-07-14T20:12:04.061871+00:00,,,4,0,,,,
ab2c5739feb74acd965b414e9f9c9efb,duckdb,1.5.2,tpch,1,local-dev,analytical,bench_8a0ea887,q07,2,2026-07-14T20:12:04.061911+00:00,2026-07-14T20:12:04.365012+00:00,,,4,0,,,,
ab2c5739feb74acd965b414e9f9c9efb,duckdb,1.5.2,tpch,1,local-dev,analytical,bench_8a0ea887,q08,0,2026-07-14T20:12:04.719210+00:00,2026-07-14T20:12:05.078028+00:00,true,,2,0,,,,
ab2c5739feb74acd965b414e9f9c9efb,duckdb,1.5.2,tpch,1,local-dev,analytical,bench_8a0ea887,q08,1,2026-07-14T20:12:05.079040+00:00,2026-07-14T20:12:05.438585+00:00,,,2,0,,,,
ab2c5739feb74acd965b414e9f9c9efb,duckdb,1.5.2,tpch,1,local-dev,analytical,bench_8a0ea887,q08,2,2026-07-14T20:12:05.438632+00:00,2026-07-14T20:12:05.795362+00:00,,,2,0,,,,
ab2c5739feb74acd965b414e9f9c9efb,duckdb,1.5.2,tpch,1,local-dev,analytical,bench_8a0ea887,q09,0,2026-07-14T20:12:06.229098+00:00,2026-07-14T20:12:06.612269+00:00,true,,175,0,,,,
ab2c5739feb74acd965b414e9f9c9efb,duckdb,1.5.2,tpch,1,local-dev,analytical,bench_8a0ea887,q09,1,2026-07-14T20:12:06.613762+00:00,2026-07-14T20:12:07.000117+00:00,,,175,0,,,,
ab2c5739feb74acd965b414e9f9c9efb,duckdb,1.5.2,tpch,1,local-dev,analytical,bench_8a0ea887,q09,2,2026-07-14T20:12:07.000168+00:00,2026-07-14T20:12:07.385591+00:00,,,175,0,,,,
ab2c5739feb74acd965b414e9f9c9efb,duckdb,1.5.2,tpch,1,local-dev,analytical,bench_8a0ea887,q10,0,2026-07-14T20:12:07.706557+00:00,2026-07-14T20:12:08.046120+00:00,true,,20,0,,,,
ab2c5739feb74acd965b414e9f9c9efb,duckdb,1.5.2,tpch,1,local-dev,analytical,bench_8a0ea887,q10,1,2026-07-14T20:12:08.047213+00:00,2026-07-14T20:12:08.371364+00:00,,,20,0,,,,
ab2c5739feb74acd965b414e9f9c9efb,duckdb,1.5.2,tpch,1,local-dev,analytical,bench_8a0ea887,q10,2,2026-07-14T20:12:08.371413+00:00,2026-07-14T20:12:08.678390+00:00,,,20,0,,,,
ab2c5739feb74acd965b414e9f9c9efb,duckdb,1.5.2,tpch,1,local-dev,analytical,bench_8a0ea887,q11,0,2026-07-14T20:12:08.768850+00:00,2026-07-14T20:12:08.848555+00:00,true,,1048,0,,,,
ab2c5739feb74acd965b414e9f9c9efb,duckdb,1.5.2,tpch,1,local-dev,analytical,bench_8a0ea887,q11,1,2026-07-14T20:12:08.851438+00:00,2026-07-14T20:12:08.932069+00:00,,,1048,0,,,,
ab2c5739feb74acd965b414e9f9c9efb,duckdb,1.5.2,tpch,1,local-dev,analytical,bench_8a0ea887,q11,2,2026-07-14T20:12:08.932130+00:00,2026-07-14T20:12:09.013717+00:00,,,1048,0,,,,
ab2c5739feb74acd965b414e9f9c9efb,duckdb,1.5.2,tpch,1,local-dev,analytical,bench_8a0ea887,q12,0,2026-07-14T20:12:09.262966+00:00,2026-07-14T20:12:09.500958+00:00,true,,2,0,,,,
ab2c5739feb74acd965b414e9f9c9efb,duckdb,1.5.2,tpch,1,local-dev,analytical,bench_8a0ea887,q12,1,2026-07-14T20:12:09.502436+00:00,2026-07-14T20:12:09.739658+00:00,,,2,0,,,,
ab2c5739feb74acd965b414e9f9c9efb,duckdb,1.5.2,tpch,1,local-dev,analytical,bench_8a0ea887,q12,2,2026-07-14T20:12:09.739706+00:00,2026-07-14T20:12:09.974554+00:00,,,2,0,,,,
ab2c5739feb74acd965b414e9f9c9efb,duckdb,1.5.2,tpch,1,local-dev,analytical,bench_8a0ea887,q13,0,2026-07-14T20:12:10.143376+00:00,2026-07-14T20:12:10.316485+00:00,true,,42,0,,,,
ab2c5739feb74acd965b414e9f9c9efb,duckdb,1.5.2,tpch,1,local-dev,analytical,bench_8a0ea887,q13,1,2026-07-14T20:12:10.317693+00:00,2026-07-14T20:12:10.485849+00:00,,,42,0,,,,
ab2c5739feb74acd965b414e9f9c9efb,duckdb,1.5.2,tpch,1,local-dev,analytical,bench_8a0ea887,q13,2,2026-07-14T20:12:10.485895+00:00,2026-07-14T20:12:10.661288+00:00,,,42,0,,,,
ab2c5739feb74acd965b414e9f9c9efb,duckdb,1.5.2,tpch,1,local-dev,analytical,bench_8a0ea887,q14,0,2026-07-14T20:12:10.895158+00:00,2026-07-14T20:12:11.137715+00:00,true,,1,0,,,,
ab2c5739feb74acd965b414e9f9c9efb,duckdb,1.5.2,tpch,1,local-dev,analytical,bench_8a0ea887,q14,1,2026-07-14T20:12:11.138740+00:00,2026-07-14T20:12:11.379421+00:00,,,1,0,,,,
ab2c5739feb74acd965b414e9f9c9efb,duckdb,1.5.2,tpch,1,local-dev,analytical,bench_8a0ea887,q14,2,2026-07-14T20:12:11.379463+00:00,2026-07-14T20:12:11.616243+00:00,,,1,0,,,,
ab2c5739feb74acd965b414e9f9c9efb,duckdb,1.5.2,tpch,1,local-dev,analytical,bench_8a0ea887,q15,0,2026-07-14T20:12:11.827900+00:00,2026-07-14T20:12:12.040987+00:00,true,,1,0,,,,
ab2c5739feb74acd965b414e9f9c9efb,duckdb,1.5.2,tpch,1,local-dev,analytical,bench_8a0ea887,q15,1,2026-07-14T20:12:12.042027+00:00,2026-07-14T20:12:12.253883+00:00,,,1,0,,,,
ab2c5739feb74acd965b414e9f9c9efb,duckdb,1.5.2,tpch,1,local-dev,analytical,bench_8a0ea887,q15,2,2026-07-14T20:12:12.253932+00:00,2026-07-14T20:12:12.482209+00:00,,,1,0,,,,
ab2c5739feb74acd965b414e9f9c9efb,duckdb,1.5.2,tpch,1,local-dev,analytical,bench_8a0ea887,q16,0,2026-07-14T20:12:12.550176+00:00,2026-07-14T20:12:12.615829+00:00,true,,18314,0,,,,
ab2c5739feb74acd965b414e9f9c9efb,duckdb,1.5.2,tpch,1,local-dev,analytical,bench_8a0ea887,q16,1,2026-07-14T20:12:12.673019+00:00,2026-07-14T20:12:12.735366+00:00,,,18314,0,,,,
ab2c5739feb74acd965b414e9f9c9efb,duckdb,1.5.2,tpch,1,local-dev,analytical,bench_8a0ea887,q16,2,2026-07-14T20:12:12.735831+00:00,2026-07-14T20:12:12.798779+00:00,,,18314,0,,,,
ab2c5739feb74acd965b414e9f9c9efb,duckdb,1.5.2,tpch,1,local-dev,analytical,bench_8a0ea887,q17,0,2026-07-14T20:12:13.115634+00:00,2026-07-14T20:12:13.429402+00:00,true,,1,0,,,,
ab2c5739feb74acd965b414e9f9c9efb,duckdb,1.5.2,tpch,1,local-dev,analytical,bench_8a0ea887,q17,1,2026-07-14T20:12:13.430350+00:00,2026-07-14T20:12:13.757612+00:00,,,1,0,,,,
ab2c5739feb74acd965b414e9f9c9efb,duckdb,1.5.2,tpch,1,local-dev,analytical,bench_8a0ea887,q17,2,2026-07-14T20:12:13.757655+00:00,2026-07-14T20:12:14.078071+00:00,,,1,0,,,,
ab2c5739feb74acd965b414e9f9c9efb,duckdb,1.5.2,tpch,1,local-dev,analytical,bench_8a0ea887,q18,0,2026-07-14T20:12:14.351674+00:00,2026-07-14T20:12:14.616495+00:00,true,,57,0,,,,
ab2c5739feb74acd965b414e9f9c9efb,duckdb,1.5.2,tpch,1,local-dev,analytical,bench_8a0ea887,q18,1,2026-07-14T20:12:14.617725+00:00,2026-07-14T20:12:14.881421+00:00,,,57,0,,,,
ab2c5739feb74acd965b414e9f9c9efb,duckdb,1.5.2,tpch,1,local-dev,analytical,bench_8a0ea887,q18,2,2026-07-14T20:12:14.881467+00:00,2026-07-14T20:12:15.146201+00:00,,,57,0,,,,
ab2c5739feb74acd965b414e9f9c9efb,duckdb,1.5.2,tpch,1,local-dev,analytical,bench_8a0ea887,q19,0,2026-07-14T20:12:15.441615+00:00,2026-07-14T20:12:15.732572+00:00,true,,1,0,,,,
ab2c5739feb74acd965b414e9f9c9efb,duckdb,1.5.2,tpch,1,local-dev,analytical,bench_8a0ea887,q19,1,2026-07-14T20:12:15.733588+00:00,2026-07-14T20:12:16.071427+00:00,,,1,0,,,,
ab2c5739feb74acd965b414e9f9c9efb,duckdb,1.5.2,tpch,1,local-dev,analytical,bench_8a0ea887,q19,2,2026-07-14T20:12:16.071472+00:00,2026-07-14T20:12:16.387546+00:00,,,1,0,,,,
ab2c5739feb74acd965b414e9f9c9efb,duckdb,1.5.2,tpch,1,local-dev,analytical,bench_8a0ea887,q20,0,2026-07-14T20:12:16.683956+00:00,2026-07-14T20:12:16.973704+00:00,true,,186,0,,,,
ab2c5739feb74acd965b414e9f9c9efb,duckdb,1.5.2,tpch,1,local-dev,analytical,bench_8a0ea887,q20,1,2026-07-14T20:12:16.975062+00:00,2026-07-14T20:12:17.270779+00:00,,,186,0,,,,
ab2c5739feb74acd965b414e9f9c9efb,duckdb,1.5.2,tpch,1,local-dev,analytical,bench_8a0ea887,q20,2,2026-07-14T20:12:17.270826+00:00,2026-07-14T20:12:17.559104+00:00,,,186,0,,,,
ab2c5739feb74acd965b414e9f9c9efb,duckdb,1.5.2,tpch,1,local-dev,analytical,bench_8a0ea887,q21,0,2026-07-14T20:12:18.093765+00:00,2026-07-14T20:12:18.610783+00:00,true,,100,0,,,,
ab2c5739feb74acd965b414e9f9c9efb,duckdb,1.5.2,tpch,1,local-dev,analytical,bench_8a0ea887,q21,1,2026-07-14T20:12:18.612650+00:00,2026-07-14T20:12:19.238534+00:00,,,100,0,,,,
ab2c5739feb74acd965b414e9f9c9efb,duckdb,1.5.2,tpch,1,local-dev,analytical,bench_8a0ea887,q21,2,2026-07-14T20:12:19.238583+00:00,2026-07-14T20:12:19.762557+00:00,,,100,0,,,,
ab2c5739feb74acd965b414e9f9c9efb,duckdb,1.5.2,tpch,1,local-dev,analytical,bench_8a0ea887,q22,0,2026-07-14T20:12:19.846270+00:00,2026-07-14T20:12:19.928371+00:00,true,,7,0,,,,
ab2c5739feb74acd965b414e9f9c9efb,duckdb,1.5.2,tpch,1,local-dev,analytical,bench_8a0ea887,q22,1,2026-07-14T20:12:19.929369+00:00,2026-07-14T20:12:20.008710+00:00,,,7,0,,,,
ab2c5739feb74acd965b414e9f9c9efb,duckdb,1.5.2,tpch,1,local-dev,analytical,bench_8a0ea887,q22,2,2026-07-14T20:12:20.008758+00:00,2026-07-14T20:12:20.090599+00:00,,,7,0,,,,
b89c1b3838fe441abc254a7199e72a43,duckdb,1.6.0.dev281,tpch,1,local-dev,analytical,bench_dc601466,q01,0,2026-07-14T21:40:29.693265+00:00,2026-07-14T21:40:30.877326+00:00,true,,4,0,,,,
b89c1b3838fe441abc254a7199e72a43,duckdb,1.6.0.dev281,tpch,1,local-dev,analytical,bench_dc601466,q01,1,2026-07-14T21:40:30.879359+00:00,2026-07-14T21:40:32.067395+00:00,,,4,0,,,,
b89c1b3838fe441abc254a7199e72a43,duckdb,1.6.0.dev281,tpch,1,local-dev,analytical,bench_dc601466,q01,2,2026-07-14T21:40:32.067524+00:00,2026-07-14T21:40:33.228734+00:00,,,4,0,,,,
b89c1b3838fe441abc254a7199e72a43,duckdb,1.6.0.dev281,tpch,1,local-dev,analytical,bench_dc601466,q02,0,2026-07-14T21:40:33.653328+00:00,2026-07-14T21:40:34.056125+00:00,true,,100,0,,,,
b89c1b3838fe441abc254a7199e72a43,duckdb,1.6.0.dev281,tpch,1,local-dev,analytical,bench_dc601466,q02,1,2026-07-14T21:40:34.058907+00:00,2026-07-14T21:40:34.448406+00:00,,,100,0,,,,
b89c1b3838fe441abc254a7199e72a43,duckdb,1.6.0.dev281,tpch,1,local-dev,analytical,bench_dc601466,q02,2,2026-07-14T21:40:34.448453+00:00,2026-07-14T21:40:34.851097+00:00,,,100,0,,,,
b89c1b3838fe441abc254a7199e72a43,duckdb,1.6.0.dev281,tpch,1,local-dev,analytical,bench_dc601466,q03,0,2026-07-14T21:40:36.028301+00:00,2026-07-14T21:40:37.125478+00:00,,IO Error: Could not resolve hostname error for HTTP GET to 'http://127.0.0.1:9000/warehouse/bench_dc601466/lineitem/data/019f6292-f460-7151-a278-43cfb1867834.parquet',0,0,,,,
b89c1b3838fe441abc254a7199e72a43,duckdb,1.6.0.dev281,tpch,1,local-dev,analytical,bench_dc601466,q03,1,2026-07-14T21:40:37.125589+00:00,2026-07-14T21:40:38.345650+00:00,,IO Error: Could not resolve hostname error for HTTP GET to 'http://127.0.0.1:9000/warehouse/bench_dc601466/lineitem/data/019f6292-f460-7151-a278-43cfb1867834.parquet',0,0,,,,
b89c1b3838fe441abc254a7199e72a43,duckdb,1.6.0.dev281,tpch,1,local-dev,analytical,bench_dc601466,q03,2,2026-07-14T21:40:38.345755+00:00,2026-07-14T21:40:39.435016+00:00,,IO Error: Could not resolve hostname error for HTTP GET to 'http://127.0.0.1:9000/warehouse/bench_dc601466/lineitem/data/019f6292-f460-7151-a278-43cfb1867834.parquet',0,0,,,,
b89c1b3838fe441abc254a7199e72a43,duckdb,1.6.0.dev281,tpch,1,local-dev,analytical,bench_dc601466,q04,0,2026-07-14T21:40:40.338320+00:00,2026-07-14T21:40:41.288460+00:00,,IO Error: Could not resolve hostname error for HTTP GET to 'http://127.0.0.1:9000/warehouse/bench_dc601466/lineitem/data/019f6292-f460-7151-a278-43cfb1867834.parquet',0,0,,,,
b89c1b3838fe441abc254a7199e72a43,duckdb,1.6.0.dev281,tpch,1,local-dev,analytical,bench_dc601466,q04,1,2026-07-14T21:40:41.288554+00:00,2026-07-14T21:40:42.317379+00:00,,IO Error: Could not resolve hostname error for HTTP GET to 'http://127.0.0.1:9000/warehouse/bench_dc601466/lineitem/data/019f6292-f460-7151-a278-43cfb1867834.parquet',0,0,,,,
b89c1b3838fe441abc254a7199e72a43,duckdb,1.6.0.dev281,tpch,1,local-dev,analytical,bench_dc601466,q04,2,2026-07-14T21:40:42.317499+00:00,2026-07-14T21:40:43.238300+00:00,,IO Error: Could not resolve hostname error for HTTP GET to 'http://127.0.0.1:9000/warehouse/bench_dc601466/lineitem/data/019f6292-f460-7151-a278-43cfb1867834.parquet',0,0,,,,
b89c1b3838fe441abc254a7199e72a43,duckdb,1.6.0.dev281,tpch,1,local-dev,analytical,bench_dc601466,q05,0,2026-07-14T21:40:44.909906+00:00,2026-07-14T21:40:46.609329+00:00,true,,5,0,,,,
b89c1b3838fe441abc254a7199e72a43,duckdb,1.6.0.dev281,tpch,1,local-dev,analytical,bench_dc601466,q05,1,2026-07-14T21:40:46.611034+00:00,2026-07-14T21:40:48.289000+00:00,,,5,0,,,,
b89c1b3838fe441abc254a7199e72a43,duckdb,1.6.0.dev281,tpch,1,local-dev,analytical,bench_dc601466,q05,2,2026-07-14T21:40:48.289178+00:00,2026-07-14T21:40:49.929843+00:00,,,5,0,,,,
b89c1b3838fe441abc254a7199e72a43,duckdb,1.6.0.dev281,tpch,1,local-dev,analytical,bench_dc601466,q06,0,2026-07-14T21:40:51.127559+00:00,2026-07-14T21:40:52.275498+00:00,true,,1,0,,,,
b89c1b3838fe441abc254a7199e72a43,duckdb,1.6.0.dev281,tpch,1,local-dev,analytical,bench_dc601466,q06,1,2026-07-14T21:40:52.276920+00:00,2026-07-14T21:40:53.468966+00:00,,,1,0,,,,
b89c1b3838fe441abc254a7199e72a43,duckdb,1.6.0.dev281,tpch,1,local-dev,analytical,bench_dc601466,q06,2,2026-07-14T21:40:53.469064+00:00,2026-07-14T21:40:54.610349+00:00,,,1,0,,,,
b89c1b3838fe441abc254a7199e72a43,duckdb,1.6.0.dev281,tpch,1,local-dev,analytical,bench_dc601466,q07,0,2026-07-14T21:40:56.280273+00:00,2026-07-14T21:40:58.044299+00:00,true,,4,0,,,,
b89c1b3838fe441abc254a7199e72a43,duckdb,1.6.0.dev281,tpch,1,local-dev,analytical,bench_dc601466,q07,1,2026-07-14T21:40:58.044698+00:00,2026-07-14T21:40:59.948396+00:00,,,4,0,,,,
b89c1b3838fe441abc254a7199e72a43,duckdb,1.6.0.dev281,tpch,1,local-dev,analytical,bench_dc601466,q07,2,2026-07-14T21:40:59.948544+00:00,2026-07-14T21:41:01.813179+00:00,,,4,0,,,,
b89c1b3838fe441abc254a7199e72a43,duckdb,1.6.0.dev281,tpch,1,local-dev,analytical,bench_dc601466,q08,0,2026-07-14T21:41:03.604855+00:00,2026-07-14T21:41:05.407747+00:00,true,,2,0,,,,
b89c1b3838fe441abc254a7199e72a43,duckdb,1.6.0.dev281,tpch,1,local-dev,analytical,bench_dc601466,q08,1,2026-07-14T21:41:05.408690+00:00,2026-07-14T21:41:07.209970+00:00,,,2,0,,,,
b89c1b3838fe441abc254a7199e72a43,duckdb,1.6.0.dev281,tpch,1,local-dev,analytical,bench_dc601466,q08,2,2026-07-14T21:41:07.210135+00:00,2026-07-14T21:41:09.171065+00:00,,,2,0,,,,
b89c1b3838fe441abc254a7199e72a43,duckdb,1.6.0.dev281,tpch,1,local-dev,analytical,bench_dc601466,q09,0,2026-07-14T21:41:11.314290+00:00,2026-07-14T21:41:13.387172+00:00,true,,175,0,,,,
b89c1b3838fe441abc254a7199e72a43,duckdb,1.6.0.dev281,tpch,1,local-dev,analytical,bench_dc601466,q09,1,2026-07-14T21:41:13.390276+00:00,2026-07-14T21:41:15.586634+00:00,,,175,0,,,,
b89c1b3838fe441abc254a7199e72a43,duckdb,1.6.0.dev281,tpch,1,local-dev,analytical,bench_dc601466,q09,2,2026-07-14T21:41:15.586687+00:00,2026-07-14T21:41:17.854103+00:00,,,175,0,,,,
b89c1b3838fe441abc254a7199e72a43,duckdb,1.6.0.dev281,tpch,1,local-dev,analytical,bench_dc601466,q10,0,2026-07-14T21:41:21.415701+00:00,2026-07-14T21:41:25.039098+00:00,true,,20,0,,,,
b89c1b3838fe441abc254a7199e72a43,duckdb,1.6.0.dev281,tpch,1,local-dev,analytical,bench_dc601466,q10,1,2026-07-14T21:41:25.040005+00:00,2026-07-14T21:41:28.591848+00:00,,,20,0,,,,
b89c1b3838fe441abc254a7199e72a43,duckdb,1.6.0.dev281,tpch,1,local-dev,analytical,bench_dc601466,q10,2,2026-07-14T21:41:28.591893+00:00,2026-07-14T21:41:32.216263+00:00,,,20,0,,,,
b89c1b3838fe441abc254a7199e72a43,duckdb,1.6.0.dev281,tpch,1,local-dev,analytical,bench_dc601466,q11,0,2026-07-14T21:41:33.007596+00:00,2026-07-14T21:41:33.720516+00:00,true,,1048,0,,,,
b89c1b3838fe441abc254a7199e72a43,duckdb,1.6.0.dev281,tpch,1,local-dev,analytical,bench_dc601466,q11,1,2026-07-14T21:41:33.725668+00:00,2026-07-14T21:41:34.441200+00:00,,,1048,0,,,,
b89c1b3838fe441abc254a7199e72a43,duckdb,1.6.0.dev281,tpch,1,local-dev,analytical,bench_dc601466,q11,2,2026-07-14T21:41:34.441497+00:00,2026-07-14T21:41:35.240388+00:00,,,1048,0,,,,
b89c1b3838fe441abc254a7199e72a43,duckdb,1.6.0.dev281,tpch,1,local-dev,analytical,bench_dc601466,q12,0,2026-07-14T21:41:36.018286+00:00,2026-07-14T21:41:36.798789+00:00,,IO Error: Could not resolve hostname error for HTTP GET to 'http://127.0.0.1:9000/warehouse/bench_dc601466/lineitem/data/019f6292-f460-7151-a278-43cfb1867834.parquet',0,0,,,,
b89c1b3838fe441abc254a7199e72a43,duckdb,1.6.0.dev281,tpch,1,local-dev,analytical,bench_dc601466,q12,1,2026-07-14T21:41:36.798966+00:00,2026-07-14T21:41:37.395338+00:00,,IO Error: Could not resolve hostname error for HTTP GET to 'http://127.0.0.1:9000/warehouse/bench_dc601466/lineitem/data/019f6292-f460-7151-a278-43cfb1867834.parquet',0,0,,,,
b89c1b3838fe441abc254a7199e72a43,duckdb,1.6.0.dev281,tpch,1,local-dev,analytical,bench_dc601466,q12,2,2026-07-14T21:41:37.395405+00:00,2026-07-14T21:41:38.082943+00:00,,IO Error: Could not resolve hostname error for HTTP GET to 'http://127.0.0.1:9000/warehouse/bench_dc601466/lineitem/data/019f6292-f460-7151-a278-43cfb1867834.parquet',0,0,,,,
b89c1b3838fe441abc254a7199e72a43,duckdb,1.6.0.dev281,tpch,1,local-dev,analytical,bench_dc601466,q13,0,2026-07-14T21:41:38.659344+00:00,2026-07-14T21:41:39.235442+00:00,,IO Error: Could not resolve hostname error for HTTP GET to 'http://127.0.0.1:9000/warehouse/bench_dc601466/orders/data/019f6292-f9be-76bc-9fac-cc63d5be2f3d.parquet',0,0,,,,
b89c1b3838fe441abc254a7199e72a43,duckdb,1.6.0.dev281,tpch,1,local-dev,analytical,bench_dc601466,q13,1,2026-07-14T21:41:39.235529+00:00,2026-07-14T21:41:39.822262+00:00,,IO Error: Could not resolve hostname error for HTTP GET to 'http://127.0.0.1:9000/warehouse/bench_dc601466/orders/data/019f6292-f9be-76bc-9fac-cc63d5be2f3d.parquet',0,0,,,,
b89c1b3838fe441abc254a7199e72a43,duckdb,1.6.0.dev281,tpch,1,local-dev,analytical,bench_dc601466,q13,2,2026-07-14T21:41:39.822304+00:00,2026-07-14T21:41:40.400954+00:00,,IO Error: Could not resolve hostname error for HTTP GET to 'http://127.0.0.1:9000/warehouse/bench_dc601466/orders/data/019f6292-f9be-76bc-9fac-cc63d5be2f3d.parquet',0,0,,,,
b89c1b3838fe441abc254a7199e72a43,duckdb,1.6.0.dev281,tpch,1,local-dev,analytical,bench_dc601466,q14,0,2026-07-14T21:41:41.894895+00:00,2026-07-14T21:41:43.478269+00:00,true,,1,0,,,,
b89c1b3838fe441abc254a7199e72a43,duckdb,1.6.0.dev281,tpch,1,local-dev,analytical,bench_dc601466,q14,1,2026-07-14T21:41:43.478560+00:00,2026-07-14T21:41:45.270759+00:00,,,1,0,,,,
b89c1b3838fe441abc254a7199e72a43,duckdb,1.6.0.dev281,tpch,1,local-dev,analytical,bench_dc601466,q14,2,2026-07-14T21:41:45.270800+00:00,2026-07-14T21:41:47.471952+00:00,,,1,0,,,,
b89c1b3838fe441abc254a7199e72a43,duckdb,1.6.0.dev281,tpch,1,local-dev,analytical,bench_dc601466,q15,0,2026-07-14T21:41:52.364971+00:00,2026-07-14T21:41:54.017137+00:00,true,,1,0,,,,
b89c1b3838fe441abc254a7199e72a43,duckdb,1.6.0.dev281,tpch,1,local-dev,analytical,bench_dc601466,q15,1,2026-07-14T21:41:54.019119+00:00,2026-07-14T21:41:55.274172+00:00,,,1,0,,,,
b89c1b3838fe441abc254a7199e72a43,duckdb,1.6.0.dev281,tpch,1,local-dev,analytical,bench_dc601466,q15,2,2026-07-14T21:41:55.274340+00:00,2026-07-14T21:41:56.660666+00:00,,,1,0,,,,
b89c1b3838fe441abc254a7199e72a43,duckdb,1.6.0.dev281,tpch,1,local-dev,analytical,bench_dc601466,q16,0,2026-07-14T21:41:57.008147+00:00,2026-07-14T21:41:57.321499+00:00,true,,18314,0,,,,
b89c1b3838fe441abc254a7199e72a43,duckdb,1.6.0.dev281,tpch,1,local-dev,analytical,bench_dc601466,q16,1,2026-07-14T21:41:57.391753+00:00,2026-07-14T21:41:57.698818+00:00,,,18314,0,,,,
b89c1b3838fe441abc254a7199e72a43,duckdb,1.6.0.dev281,tpch,1,local-dev,analytical,bench_dc601466,q16,2,2026-07-14T21:41:57.699294+00:00,2026-07-14T21:41:58.040769+00:00,,,18314,0,,,,
b89c1b3838fe441abc254a7199e72a43,duckdb,1.6.0.dev281,tpch,1,local-dev,analytical,bench_dc601466,q17,0,2026-07-14T21:42:01.207920+00:00,2026-07-14T21:42:04.447331+00:00,true,,1,0,,,,
b89c1b3838fe441abc254a7199e72a43,duckdb,1.6.0.dev281,tpch,1,local-dev,analytical,bench_dc601466,q17,1,2026-07-14T21:42:04.448664+00:00,2026-07-14T21:42:07.880950+00:00,,,1,0,,,,
b89c1b3838fe441abc254a7199e72a43,duckdb,1.6.0.dev281,tpch,1,local-dev,analytical,bench_dc601466,q17,2,2026-07-14T21:42:07.881021+00:00,2026-07-14T21:42:11.170448+00:00,,,1,0,,,,
b89c1b3838fe441abc254a7199e72a43,duckdb,1.6.0.dev281,tpch,1,local-dev,analytical,bench_dc601466,q18,0,2026-07-14T21:42:12.644635+00:00,2026-07-14T21:42:14.025019+00:00,true,,57,0,,,,
b89c1b3838fe441abc254a7199e72a43,duckdb,1.6.0.dev281,tpch,1,local-dev,analytical,bench_dc601466,q18,1,2026-07-14T21:42:14.026506+00:00,2026-07-14T21:42:15.434930+00:00,,,57,0,,,,
b89c1b3838fe441abc254a7199e72a43,duckdb,1.6.0.dev281,tpch,1,local-dev,analytical,bench_dc601466,q18,2,2026-07-14T21:42:15.434975+00:00,2026-07-14T21:42:16.912923+00:00,,,57,0,,,,
b89c1b3838fe441abc254a7199e72a43,duckdb,1.6.0.dev281,tpch,1,local-dev,analytical,bench_dc601466,q19,0,2026-07-14T21:42:22.220837+00:00,2026-07-14T21:42:27.455019+00:00,true,,1,0,,,,
b89c1b3838fe441abc254a7199e72a43,duckdb,1.6.0.dev281,tpch,1,local-dev,analytical,bench_dc601466,q19,1,2026-07-14T21:42:27.456472+00:00,2026-07-14T21:42:32.607279+00:00,,,1,0,,,,
b89c1b3838fe441abc254a7199e72a43,duckdb,1.6.0.dev281,tpch,1,local-dev,analytical,bench_dc601466,q19,2,2026-07-14T21:42:32.607447+00:00,2026-07-14T21:42:37.671472+00:00,,,1,0,,,,
b89c1b3838fe441abc254a7199e72a43,duckdb,1.6.0.dev281,tpch,1,local-dev,analytical,bench_dc601466,q20,0,2026-07-14T21:42:39.240974+00:00,2026-07-14T21:42:40.998224+00:00,true,,186,0,,,,
b89c1b3838fe441abc254a7199e72a43,duckdb,1.6.0.dev281,tpch,1,local-dev,analytical,bench_dc601466,q20,1,2026-07-14T21:42:40.999652+00:00,2026-07-14T21:42:42.567467+00:00,,,186,0,,,,
b89c1b3838fe441abc254a7199e72a43,duckdb,1.6.0.dev281,tpch,1,local-dev,analytical,bench_dc601466,q20,2,2026-07-14T21:42:42.567579+00:00,2026-07-14T21:42:44.269088+00:00,,,186,0,,,,
b89c1b3838fe441abc254a7199e72a43,duckdb,1.6.0.dev281,tpch,1,local-dev,analytical,bench_dc601466,q21,0,2026-07-14T21:42:45.022340+00:00,2026-07-14T21:42:45.859036+00:00,,IO Error: Could not resolve hostname error for HTTP GET to 'http://127.0.0.1:9000/warehouse/bench_dc601466/lineitem/data/019f6292-f460-7151-a278-43cfb1867834.parquet',0,0,,,,
b89c1b3838fe441abc254a7199e72a43,duckdb,1.6.0.dev281,tpch,1,local-dev,analytical,bench_dc601466,q21,1,2026-07-14T21:42:45.859358+00:00,2026-07-14T21:42:46.611762+00:00,,IO Error: Could not resolve hostname error for HTTP GET to 'http://127.0.0.1:9000/warehouse/bench_dc601466/lineitem/data/019f6292-f460-7151-a278-43cfb1867834.parquet',0,0,,,,
b89c1b3838fe441abc254a7199e72a43,duckdb,1.6.0.dev281,tpch,1,local-dev,analytical,bench_dc601466,q21,2,2026-07-14T21:42:46.611803+00:00,2026-07-14T21:42:47.317667+00:00,,IO Error: Could not resolve hostname error for HTTP GET to 'http://127.0.0.1:9000/warehouse/bench_dc601466/lineitem/data/019f6292-f460-7151-a278-43cfb1867834.parquet',0,0,,,,
b89c1b3838fe441abc254a7199e72a43,duckdb,1.6.0.dev281,tpch,1,local-dev,analytical,bench_dc601466,q22,0,2026-07-14T21:42:47.902551+00:00,2026-07-14T21:42:48.426956+00:00,true,,7,0,,,,
b89c1b3838fe441abc254a7199e72a43,duckdb,1.6.0.dev281,tpch,1,local-dev,analytical,bench_dc601466,q22,1,2026-07-14T21:42:48.427829+00:00,2026-07-14T21:42:48.990080+00:00,,,7,0,,,,
b89c1b3838fe441abc254a7199e72a43,duckdb,1.6.0.dev281,tpch,1,local-dev,analytical,bench_dc601466,q22,2,2026-07-14T21:42:48.990171+00:00,2026-07-14T21:42:49.467633+00:00,,,7,0,,,,
f70d6932e3c54df08a38c669f0901eeb,duckdb,1.6.0.dev281,tpch,1,local-dev,analytical,test_tpch_async_sf1,q01,0,2026-07-15T06:20:04.751563+00:00,2026-07-15T06:20:05.935642+00:00,true,,4,0,,,,
f70d6932e3c54df08a38c669f0901eeb,duckdb,1.6.0.dev281,tpch,1,local-dev,analytical,test_tpch_async_sf1,q01,1,2026-07-15T06:20:05.937005+00:00,2026-07-15T06:20:07.111171+00:00,,,4,0,,,,
f70d6932e3c54df08a38c669f0901eeb,duckdb,1.6.0.dev281,tpch,1,local-dev,analytical,test_tpch_async_sf1,q01,2,2026-07-15T06:20:07.111335+00:00,2026-07-15T06:20:08.304562+00:00,,,4,0,,,,
f70d6932e3c54df08a38c669f0901eeb,duckdb,1.6.0.dev281,tpch,1,local-dev,analytical,test_tpch_async_sf1,q02,0,2026-07-15T06:20:08.731288+00:00,2026-07-15T06:20:09.138704+00:00,true,,100,0,,,,
f70d6932e3c54df08a38c669f0901eeb,duckdb,1.6.0.dev281,tpch,1,local-dev,analytical,test_tpch_async_sf1,q02,1,2026-07-15T06:20:09.141373+00:00,2026-07-15T06:20:09.556800+00:00,,,100,0,,,,
f70d6932e3c54df08a38c669f0901eeb,duckdb,1.6.0.dev281,tpch,1,local-dev,analytical,test_tpch_async_sf1,q02,2,2026-07-15T06:20:09.556922+00:00,2026-07-15T06:20:09.955034+00:00,,,100,0,,,,
f70d6932e3c54df08a38c669f0901eeb,duckdb,1.6.0.dev281,tpch,1,local-dev,analytical,test_tpch_async_sf1,q03,0,2026-07-15T06:20:11.113976+00:00,2026-07-15T06:20:12.199077+00:00,,IO Error: Could not resolve hostname error for HTTP GET to 'http://127.0.0.1:9000/warehouse/test_tpch_async_sf1/lineitem/data/019f646e-a657-767d-bcef-51a60aa1e1c5.parquet',0,0,,,,
f70d6932e3c54df08a38c669f0901eeb,duckdb,1.6.0.dev281,tpch,1,local-dev,analytical,test_tpch_async_sf1,q03,1,2026-07-15T06:20:12.199209+00:00,2026-07-15T06:20:13.823444+00:00,,IO Error: Could not resolve hostname error for HTTP GET to 'http://127.0.0.1:9000/warehouse/test_tpch_async_sf1/lineitem/data/019f646e-a657-767d-bcef-51a60aa1e1c5.parquet',0,0,,,,
f70d6932e3c54df08a38c669f0901eeb,duckdb,1.6.0.dev281,tpch,1,local-dev,analytical,test_tpch_async_sf1,q03,2,2026-07-15T06:20:13.823529+00:00,2026-07-15T06:20:15.106460+00:00,,IO Error: Could not resolve hostname error for HTTP GET to 'http://127.0.0.1:9000/warehouse/test_tpch_async_sf1/lineitem/data/019f646e-a657-767d-bcef-51a60aa1e1c5.parquet',0,0,,,,
f70d6932e3c54df08a38c669f0901eeb,duckdb,1.6.0.dev281,tpch,1,local-dev,analytical,test_tpch_async_sf1,q04,0,2026-07-15T06:20:16.421228+00:00,2026-07-15T06:20:17.374550+00:00,,IO Error: Could not resolve hostname error for HTTP GET to 'http://127.0.0.1:9000/warehouse/test_tpch_async_sf1/lineitem/data/019f646e-a657-767d-bcef-51a60aa1e1c5.parquet',0,0,,,,
f70d6932e3c54df08a38c669f0901eeb,duckdb,1.6.0.dev281,tpch,1,local-dev,analytical,test_tpch_async_sf1,q04,1,2026-07-15T06:20:17.374730+00:00,2026-07-15T06:20:18.407576+00:00,,IO Error: Could not resolve hostname error for HTTP GET to 'http://127.0.0.1:9000/warehouse/test_tpch_async_sf1/lineitem/data/019f646e-a657-767d-bcef-51a60aa1e1c5.parquet',0,0,,,,
f70d6932e3c54df08a38c669f0901eeb,duckdb,1.6.0.dev281,tpch,1,local-dev,analytical,test_tpch_async_sf1,q04,2,2026-07-15T06:20:18.407640+00:00,2026-07-15T06:20:19.373886+00:00,,IO Error: Could not resolve hostname error for HTTP GET to 'http://127.0.0.1:9000/warehouse/test_tpch_async_sf1/lineitem/data/019f646e-a657-767d-bcef-51a60aa1e1c5.parquet',0,0,,,,
f70d6932e3c54df08a38c669f0901eeb,duckdb,1.6.0.dev281,tpch,1,local-dev,analytical,test_tpch_async_sf1,q05,0,2026-07-15T06:20:21.139712+00:00,2026-07-15T06:20:22.832891+00:00,true,,5,0,,,,
f70d6932e3c54df08a38c669f0901eeb,duckdb,1.6.0.dev281,tpch,1,local-dev,analytical,test_tpch_async_sf1,q05,1,2026-07-15T06:20:22.834151+00:00,2026-07-15T06:20:24.659578+00:00,,,5,0,,,,
f70d6932e3c54df08a38c669f0901eeb,duckdb,1.6.0.dev281,tpch,1,local-dev,analytical,test_tpch_async_sf1,q05,2,2026-07-15T06:20:24.659672+00:00,2026-07-15T06:20:26.389997+00:00,,,5,0,,,,
f70d6932e3c54df08a38c669f0901eeb,duckdb,1.6.0.dev281,tpch,1,local-dev,analytical,test_tpch_async_sf1,q06,0,2026-07-15T06:20:27.640572+00:00,2026-07-15T06:20:28.870150+00:00,true,,1,0,,,,
f70d6932e3c54df08a38c669f0901eeb,duckdb,1.6.0.dev281,tpch,1,local-dev,analytical,test_tpch_async_sf1,q06,1,2026-07-15T06:20:28.871698+00:00,2026-07-15T06:20:30.075572+00:00,,,1,0,,,,
f70d6932e3c54df08a38c669f0901eeb,duckdb,1.6.0.dev281,tpch,1,local-dev,analytical,test_tpch_async_sf1,q06,2,2026-07-15T06:20:30.075759+00:00,2026-07-15T06:20:31.267320+00:00,,,1,0,,,,
f70d6932e3c54df08a38c669f0901eeb,duckdb,1.6.0.dev281,tpch,1,local-dev,analytical,test_tpch_async_sf1,q07,0,2026-07-15T06:20:33.100613+00:00,2026-07-15T06:20:34.824777+00:00,true,,4,0,,,,
f70d6932e3c54df08a38c669f0901eeb,duckdb,1.6.0.dev281,tpch,1,local-dev,analytical,test_tpch_async_sf1,q07,1,2026-07-15T06:20:34.826449+00:00,2026-07-15T06:20:36.510570+00:00,,,4,0,,,,
f70d6932e3c54df08a38c669f0901eeb,duckdb,1.6.0.dev281,tpch,1,local-dev,analytical,test_tpch_async_sf1,q07,2,2026-07-15T06:20:36.510679+00:00,2026-07-15T06:20:38.154889+00:00,,,4,0,,,,
f70d6932e3c54df08a38c669f0901eeb,duckdb,1.6.0.dev281,tpch,1,local-dev,analytical,test_tpch_async_sf1,q08,0,2026-07-15T06:20:39.980096+00:00,2026-07-15T06:20:41.820246+00:00,true,,2,0,,,,
f70d6932e3c54df08a38c669f0901eeb,duckdb,1.6.0.dev281,tpch,1,local-dev,analytical,test_tpch_async_sf1,q08,1,2026-07-15T06:20:41.821417+00:00,2026-07-15T06:20:43.653572+00:00,,,2,0,,,,
f70d6932e3c54df08a38c669f0901eeb,duckdb,1.6.0.dev281,tpch,1,local-dev,analytical,test_tpch_async_sf1,q08,2,2026-07-15T06:20:43.653729+00:00,2026-07-15T06:20:45.489161+00:00,,,2,0,,,,
f70d6932e3c54df08a38c669f0901eeb,duckdb,1.6.0.dev281,tpch,1,local-dev,analytical,test_tpch_async_sf1,q09,0,2026-07-15T06:20:47.701096+00:00,2026-07-15T06:20:49.911808+00:00,true,,175,0,,,,
f70d6932e3c54df08a38c669f0901eeb,duckdb,1.6.0.dev281,tpch,1,local-dev,analytical,test_tpch_async_sf1,q09,1,2026-07-15T06:20:49.915131+00:00,2026-07-15T06:20:52.044375+00:00,,,175,0,,,,
f70d6932e3c54df08a38c669f0901eeb,duckdb,1.6.0.dev281,tpch,1,local-dev,analytical,test_tpch_async_sf1,q09,2,2026-07-15T06:20:52.044600+00:00,2026-07-15T06:20:53.863213+00:00,,,175,0,,,,
f70d6932e3c54df08a38c669f0901eeb,duckdb,1.6.0.dev281,tpch,1,local-dev,analytical,test_tpch_async_sf1,q10,0,2026-07-15T06:20:57.381896+00:00,2026-07-15T06:21:01.000594+00:00,true,,20,0,,,,
f70d6932e3c54df08a38c669f0901eeb,duckdb,1.6.0.dev281,tpch,1,local-dev,analytical,test_tpch_async_sf1,q10,1,2026-07-15T06:21:01.002477+00:00,2026-07-15T06:21:04.676553+00:00,,,20,0,,,,
f70d6932e3c54df08a38c669f0901eeb,duckdb,1.6.0.dev281,tpch,1,local-dev,analytical,test_tpch_async_sf1,q10,2,2026-07-15T06:21:04.676631+00:00,2026-07-15T06:21:08.212336+00:00,,,20,0,,,,
f70d6932e3c54df08a38c669f0901eeb,duckdb,1.6.0.dev281,tpch,1,local-dev,analytical,test_tpch_async_sf1,q11,0,2026-07-15T06:21:08.994384+00:00,2026-07-15T06:21:09.710886+00:00,true,,1048,0,,,,
f70d6932e3c54df08a38c669f0901eeb,duckdb,1.6.0.dev281,tpch,1,local-dev,analytical,test_tpch_async_sf1,q11,1,2026-07-15T06:21:09.716682+00:00,2026-07-15T06:21:10.413862+00:00,,,1048,0,,,,
f70d6932e3c54df08a38c669f0901eeb,duckdb,1.6.0.dev281,tpch,1,local-dev,analytical,test_tpch_async_sf1,q11,2,2026-07-15T06:21:10.414224+00:00,2026-07-15T06:21:11.031590+00:00,,,1048,0,,,,
f70d6932e3c54df08a38c669f0901eeb,duckdb,1.6.0.dev281,tpch,1,local-dev,analytical,test_tpch_async_sf1,q12,0,2026-07-15T06:21:11.758485+00:00,2026-07-15T06:21:12.367508+00:00,,IO Error: Could not resolve hostname error for HTTP GET to 'http://127.0.0.1:9000/warehouse/test_tpch_async_sf1/lineitem/data/019f646e-a657-767d-bcef-51a60aa1e1c5.parquet',0,0,,,,
f70d6932e3c54df08a38c669f0901eeb,duckdb,1.6.0.dev281,tpch,1,local-dev,analytical,test_tpch_async_sf1,q12,1,2026-07-15T06:21:12.367665+00:00,2026-07-15T06:21:12.966412+00:00,,IO Error: Could not resolve hostname error for HTTP GET to 'http://127.0.0.1:9000/warehouse/test_tpch_async_sf1/lineitem/data/019f646e-a657-767d-bcef-51a60aa1e1c5.parquet',0,0,,,,
f70d6932e3c54df08a38c669f0901eeb,duckdb,1.6.0.dev281,tpch,1,local-dev,analytical,test_tpch_async_sf1,q12,2,2026-07-15T06:21:12.966510+00:00,2026-07-15T06:21:13.765208+00:00,,IO Error: Could not resolve hostname error for HTTP GET to 'http://127.0.0.1:9000/warehouse/test_tpch_async_sf1/lineitem/data/019f646e-a657-767d-bcef-51a60aa1e1c5.parquet',0,0,,,,
f70d6932e3c54df08a38c669f0901eeb,duckdb,1.6.0.dev281,tpch,1,local-dev,analytical,test_tpch_async_sf1,q13,0,2026-07-15T06:21:14.439558+00:00,2026-07-15T06:21:15.121001+00:00,,IO Error: Could not resolve hostname error for HTTP GET to 'http://127.0.0.1:9000/warehouse/test_tpch_async_sf1/orders/data/019f646e-aba0-748e-a004-addf95a24c22.parquet',0,0,,,,
f70d6932e3c54df08a38c669f0901eeb,duckdb,1.6.0.dev281,tpch,1,local-dev,analytical,test_tpch_async_sf1,q13,1,2026-07-15T06:21:15.121094+00:00,2026-07-15T06:21:15.814275+00:00,,IO Error: Could not resolve hostname error for HTTP GET to 'http://127.0.0.1:9000/warehouse/test_tpch_async_sf1/orders/data/019f646e-aba0-748e-a004-addf95a24c22.parquet',0,0,,,,
f70d6932e3c54df08a38c669f0901eeb,duckdb,1.6.0.dev281,tpch,1,local-dev,analytical,test_tpch_async_sf1,q13,2,2026-07-15T06:21:15.814317+00:00,2026-07-15T06:21:16.567184+00:00,,IO Error: Could not resolve hostname error for HTTP GET to 'http://127.0.0.1:9000/warehouse/test_tpch_async_sf1/orders/data/019f646e-aba0-748e-a004-addf95a24c22.parquet',0,0,,,,
f70d6932e3c54df08a38c669f0901eeb,duckdb,1.6.0.dev281,tpch,1,local-dev,analytical,test_tpch_async_sf1,q14,0,2026-07-15T06:21:17.952653+00:00,2026-07-15T06:21:19.425743+00:00,true,,1,0,,,,
f70d6932e3c54df08a38c669f0901eeb,duckdb,1.6.0.dev281,tpch,1,local-dev,analytical,test_tpch_async_sf1,q14,1,2026-07-15T06:21:19.428505+00:00,2026-07-15T06:21:20.840082+00:00,,,1,0,,,,
f70d6932e3c54df08a38c669f0901eeb,duckdb,1.6.0.dev281,tpch,1,local-dev,analytical,test_tpch_async_sf1,q14,2,2026-07-15T06:21:20.840163+00:00,2026-07-15T06:21:22.286590+00:00,,,1,0,,,,
f70d6932e3c54df08a38c669f0901eeb,duckdb,1.6.0.dev281,tpch,1,local-dev,analytical,test_tpch_async_sf1,q15,0,2026-07-15T06:21:23.492734+00:00,2026-07-15T06:21:24.718725+00:00,true,,1,0,,,,
f70d6932e3c54df08a38c669f0901eeb,duckdb,1.6.0.dev281,tpch,1,local-dev,analytical,test_tpch_async_sf1,q15,1,2026-07-15T06:21:24.719289+00:00,2026-07-15T06:21:25.941350+00:00,,,1,0,,,,
f70d6932e3c54df08a38c669f0901eeb,duckdb,1.6.0.dev281,tpch,1,local-dev,analytical,test_tpch_async_sf1,q15,2,2026-07-15T06:21:25.941515+00:00,2026-07-15T06:21:27.162810+00:00,,,1,0,,,,
f70d6932e3c54df08a38c669f0901eeb,duckdb,1.6.0.dev281,tpch,1,local-dev,analytical,test_tpch_async_sf1,q16,0,2026-07-15T06:21:27.522987+00:00,2026-07-15T06:21:27.869308+00:00,true,,18314,0,,,,
f70d6932e3c54df08a38c669f0901eeb,duckdb,1.6.0.dev281,tpch,1,local-dev,analytical,test_tpch_async_sf1,q16,1,2026-07-15T06:21:27.936326+00:00,2026-07-15T06:21:28.253094+00:00,,,18314,0,,,,
f70d6932e3c54df08a38c669f0901eeb,duckdb,1.6.0.dev281,tpch,1,local-dev,analytical,test_tpch_async_sf1,q16,2,2026-07-15T06:21:28.253993+00:00,2026-07-15T06:21:28.580440+00:00,,,18314,0,,,,
f70d6932e3c54df08a38c669f0901eeb,duckdb,1.6.0.dev281,tpch,1,local-dev,analytical,test_tpch_async_sf1,q17,0,2026-07-15T06:21:31.703905+00:00,2026-07-15T06:21:34.961572+00:00,true,,1,0,,,,
f70d6932e3c54df08a38c669f0901eeb,duckdb,1.6.0.dev281,tpch,1,local-dev,analytical,test_tpch_async_sf1,q17,1,2026-07-15T06:21:34.964061+00:00,2026-07-15T06:21:38.014782+00:00,,,1,0,,,,
f70d6932e3c54df08a38c669f0901eeb,duckdb,1.6.0.dev281,tpch,1,local-dev,analytical,test_tpch_async_sf1,q17,2,2026-07-15T06:21:38.014946+00:00,2026-07-15T06:21:41.060839+00:00,,,1,0,,,,
f70d6932e3c54df08a38c669f0901eeb,duckdb,1.6.0.dev281,tpch,1,local-dev,analytical,test_tpch_async_sf1,q18,0,2026-07-15T06:21:42.465687+00:00,2026-07-15T06:21:43.917057+00:00,true,,57,0,,,,
f70d6932e3c54df08a38c669f0901eeb,duckdb,1.6.0.dev281,tpch,1,local-dev,analytical,test_tpch_async_sf1,q18,1,2026-07-15T06:21:43.918917+00:00,2026-07-15T06:21:45.312470+00:00,,,57,0,,,,
f70d6932e3c54df08a38c669f0901eeb,duckdb,1.6.0.dev281,tpch,1,local-dev,analytical,test_tpch_async_sf1,q18,2,2026-07-15T06:21:45.312516+00:00,2026-07-15T06:21:46.739593+00:00,,,57,0,,,,
f70d6932e3c54df08a38c669f0901eeb,duckdb,1.6.0.dev281,tpch,1,local-dev,analytical,test_tpch_async_sf1,q19,0,2026-07-15T06:21:51.903896+00:00,2026-07-15T06:21:57.121935+00:00,true,,1,0,,,,
f70d6932e3c54df08a38c669f0901eeb,duckdb,1.6.0.dev281,tpch,1,local-dev,analytical,test_tpch_async_sf1,q19,1,2026-07-15T06:21:57.122547+00:00,2026-07-15T06:22:02.296671+00:00,,,1,0,,,,
f70d6932e3c54df08a38c669f0901eeb,duckdb,1.6.0.dev281,tpch,1,local-dev,analytical,test_tpch_async_sf1,q19,2,2026-07-15T06:22:02.296840+00:00,2026-07-15T06:22:07.306124+00:00,,,1,0,,,,
f70d6932e3c54df08a38c669f0901eeb,duckdb,1.6.0.dev281,tpch,1,local-dev,analytical,test_tpch_async_sf1,q20,0,2026-07-15T06:22:08.889469+00:00,2026-07-15T06:22:10.493673+00:00,true,,186,0,,,,
f70d6932e3c54df08a38c669f0901eeb,duckdb,1.6.0.dev281,tpch,1,local-dev,analytical,test_tpch_async_sf1,q20,1,2026-07-15T06:22:10.495879+00:00,2026-07-15T06:22:12.138876+00:00,,,186,0,,,,
f70d6932e3c54df08a38c669f0901eeb,duckdb,1.6.0.dev281,tpch,1,local-dev,analytical,test_tpch_async_sf1,q20,2,2026-07-15T06:22:12.139053+00:00,2026-07-15T06:22:13.762161+00:00,,,186,0,,,,
f70d6932e3c54df08a38c669f0901eeb,duckdb,1.6.0.dev281,tpch,1,local-dev,analytical,test_tpch_async_sf1,q21,0,2026-07-15T06:22:14.477204+00:00,2026-07-15T06:22:15.205022+00:00,,IO Error: Could not resolve hostname error for HTTP GET to 'http://127.0.0.1:9000/warehouse/test_tpch_async_sf1/lineitem/data/019f646e-a657-767d-bcef-51a60aa1e1c5.parquet',0,0,,,,
f70d6932e3c54df08a38c669f0901eeb,duckdb,1.6.0.dev281,tpch,1,local-dev,analytical,test_tpch_async_sf1,q21,1,2026-07-15T06:22:15.205108+00:00,2026-07-15T06:22:15.947151+00:00,,IO Error: Could not resolve hostname error for HTTP GET to 'http://127.0.0.1:9000/warehouse/test_tpch_async_sf1/lineitem/data/019f646e-a657-767d-bcef-51a60aa1e1c5.parquet',0,0,,,,
f70d6932e3c54df08a38c669f0901eeb,duckdb,1.6.0.dev281,tpch,1,local-dev,analytical,test_tpch_async_sf1,q21,2,2026-07-15T06:22:15.947194+00:00,2026-07-15T06:22:16.664390+00:00,,IO Error: Could not resolve hostname error for HTTP GET to 'http://127.0.0.1:9000/warehouse/test_tpch_async_sf1/lineitem/data/019f646e-a657-767d-bcef-51a60aa1e1c5.parquet',0,0,,,,
f70d6932e3c54df08a38c669f0901eeb,duckdb,1.6.0.dev281,tpch,1,local-dev,analytical,test_tpch_async_sf1,q22,0,2026-07-15T06:22:17.153946+00:00,2026-07-15T06:22:17.740830+00:00,true,,7,0,,,,
f70d6932e3c54df08a38c669f0901eeb,duckdb,1.6.0.dev281,tpch,1,local-dev,analytical,test_tpch_async_sf1,q22,1,2026-07-15T06:22:17.742640+00:00,2026-07-15T06:22:18.214254+00:00,,,7,0,,,,
f70d6932e3c54df08a38c669f0901eeb,duckdb,1.6.0.dev281,tpch,1,local-dev,analytical,test_tpch_async_sf1,q22,2,2026-07-15T06:22:18.214406+00:00,2026-07-15T06:22:18.688331+00:00,,,7,0,,,,
367bedd35b0a429aa81e62adcc854266,duckdb,1.5.2,tpch,1,local-dev,analytical,bench_cb9eb844,q01,0,2026-07-15T08:58:09.510130+00:00,2026-07-15T08:58:09.747259+00:00,true,,4,0,,,,
367bedd35b0a429aa81e62adcc854266,duckdb,1.5.2,tpch,1,local-dev,analytical,bench_cb9eb844,q01,1,2026-07-15T08:58:09.748260+00:00,2026-07-15T08:58:09.980256+00:00,,,4,0,,,,
367bedd35b0a429aa81e62adcc854266,duckdb,1.5.2,tpch,1,local-dev,analytical,bench_cb9eb844,q01,2,2026-07-15T08:58:09.980299+00:00,2026-07-15T08:58:10.201309+00:00,,,4,0,,,,
367bedd35b0a429aa81e62adcc854266,duckdb,1.5.2,tpch,1,local-dev,analytical,bench_cb9eb844,q02,0,2026-07-15T08:58:10.308991+00:00,2026-07-15T08:58:10.415890+00:00,true,,100,0,,,,
367bedd35b0a429aa81e62adcc854266,duckdb,1.5.2,tpch,1,local-dev,analytical,bench_cb9eb844,q02,1,2026-07-15T08:58:10.417684+00:00,2026-07-15T08:58:10.533005+00:00,,,100,0,,,,
367bedd35b0a429aa81e62adcc854266,duckdb,1.5.2,tpch,1,local-dev,analytical,bench_cb9eb844,q02,2,2026-07-15T08:58:10.533059+00:00,2026-07-15T08:58:10.641812+00:00,,,100,0,,,,
367bedd35b0a429aa81e62adcc854266,duckdb,1.5.2,tpch,1,local-dev,analytical,bench_cb9eb844,q03,0,2026-07-15T08:58:10.932030+00:00,2026-07-15T08:58:11.205871+00:00,true,,10,0,,,,
367bedd35b0a429aa81e62adcc854266,duckdb,1.5.2,tpch,1,local-dev,analytical,bench_cb9eb844,q03,1,2026-07-15T08:58:11.206839+00:00,2026-07-15T08:58:11.470279+00:00,,,10,0,,,,
367bedd35b0a429aa81e62adcc854266,duckdb,1.5.2,tpch,1,local-dev,analytical,bench_cb9eb844,q03,2,2026-07-15T08:58:11.470322+00:00,2026-07-15T08:58:11.759690+00:00,,,10,0,,,,
367bedd35b0a429aa81e62adcc854266,duckdb,1.5.2,tpch,1,local-dev,analytical,bench_cb9eb844,q04,0,2026-07-15T08:58:11.944994+00:00,2026-07-15T08:58:12.109435+00:00,true,,5,0,,,,
367bedd35b0a429aa81e62adcc854266,duckdb,1.5.2,tpch,1,local-dev,analytical,bench_cb9eb844,q04,1,2026-07-15T08:58:12.110561+00:00,2026-07-15T08:58:12.278679+00:00,,,5,0,,,,
367bedd35b0a429aa81e62adcc854266,duckdb,1.5.2,tpch,1,local-dev,analytical,bench_cb9eb844,q04,2,2026-07-15T08:58:12.278721+00:00,2026-07-15T08:58:12.446901+00:00,,,5,0,,,,
367bedd35b0a429aa81e62adcc854266,duckdb,1.5.2,tpch,1,local-dev,analytical,bench_cb9eb844,q05,0,2026-07-15T08:58:12.824628+00:00,2026-07-15T08:58:13.102455+00:00,true,,5,0,,,,
367bedd35b0a429aa81e62adcc854266,duckdb,1.5.2,tpch,1,local-dev,analytical,bench_cb9eb844,q05,1,2026-07-15T08:58:13.102907+00:00,2026-07-15T08:58:13.422274+00:00,,,5,0,,,,
367bedd35b0a429aa81e62adcc854266,duckdb,1.5.2,tpch,1,local-dev,analytical,bench_cb9eb844,q05,2,2026-07-15T08:58:13.422318+00:00,2026-07-15T08:58:13.721166+00:00,,,5,0,,,,
367bedd35b0a429aa81e62adcc854266,duckdb,1.5.2,tpch,1,local-dev,analytical,bench_cb9eb844,q06,0,2026-07-15T08:58:13.951086+00:00,2026-07-15T08:58:14.169541+00:00,true,,1,0,,,,
367bedd35b0a429aa81e62adcc854266,duckdb,1.5.2,tpch,1,local-dev,analytical,bench_cb9eb844,q06,1,2026-07-15T08:58:14.169882+00:00,2026-07-15T08:58:14.381720+00:00,,,1,0,,,,
367bedd35b0a429aa81e62adcc854266,duckdb,1.5.2,tpch,1,local-dev,analytical,bench_cb9eb844,q06,2,2026-07-15T08:58:14.381770+00:00,2026-07-15T08:58:14.603674+00:00,,,1,0,,,,
367bedd35b0a429aa81e62adcc854266,duckdb,1.5.2,tpch,1,local-dev,analytical,bench_cb9eb844,q07,0,2026-07-15T08:58:14.905935+00:00,2026-07-15T08:58:15.207745+00:00,true,,4,0,,,,
367bedd35b0a429aa81e62adcc854266,duckdb,1.5.2,tpch,1,local-dev,analytical,bench_cb9eb844,q07,1,2026-07-15T08:58:15.208802+00:00,2026-07-15T08:58:15.514835+00:00,,,4,0,,,,
367bedd35b0a429aa81e62adcc854266,duckdb,1.5.2,tpch,1,local-dev,analytical,bench_cb9eb844,q07,2,2026-07-15T08:58:15.514880+00:00,2026-07-15T08:58:15.818806+00:00,,,4,0,,,,
367bedd35b0a429aa81e62adcc854266,duckdb,1.5.2,tpch,1,local-dev,analytical,bench_cb9eb844,q08,0,2026-07-15T08:58:16.183759+00:00,2026-07-15T08:58:16.536594+00:00,true,,2,0,,,,
367bedd35b0a429aa81e62adcc854266,duckdb,1.5.2,tpch,1,local-dev,analytical,bench_cb9eb844,q08,1,2026-07-15T08:58:16.537635+00:00,2026-07-15T08:58:16.885190+00:00,,,2,0,,,,
367bedd35b0a429aa81e62adcc854266,duckdb,1.5.2,tpch,1,local-dev,analytical,bench_cb9eb844,q08,2,2026-07-15T08:58:16.885239+00:00,2026-07-15T08:58:17.249184+00:00,,,2,0,,,,
367bedd35b0a429aa81e62adcc854266,duckdb,1.5.2,tpch,1,local-dev,analytical,bench_cb9eb844,q09,0,2026-07-15T08:58:17.631532+00:00,2026-07-15T08:58:18.054253+00:00,true,,175,0,,,,
367bedd35b0a429aa81e62adcc854266,duckdb,1.5.2,tpch,1,local-dev,analytical,bench_cb9eb844,q09,1,2026-07-15T08:58:18.055684+00:00,2026-07-15T08:58:18.435492+00:00,,,175,0,,,,
367bedd35b0a429aa81e62adcc854266,duckdb,1.5.2,tpch,1,local-dev,analytical,bench_cb9eb844,q09,2,2026-07-15T08:58:18.435540+00:00,2026-07-15T08:58:18.837335+00:00,,,175,0,,,,
367bedd35b0a429aa81e62adcc854266,duckdb,1.5.2,tpch,1,local-dev,analytical,bench_cb9eb844,q10,0,2026-07-15T08:58:19.159067+00:00,2026-07-15T08:58:19.466065+00:00,true,,20,0,,,,
367bedd35b0a429aa81e62adcc854266,duckdb,1.5.2,tpch,1,local-dev,analytical,bench_cb9eb844,q10,1,2026-07-15T08:58:19.466596+00:00,2026-07-15T08:58:19.807792+00:00,,,20,0,,,,
367bedd35b0a429aa81e62adcc854266,duckdb,1.5.2,tpch,1,local-dev,analytical,bench_cb9eb844,q10,2,2026-07-15T08:58:19.807837+00:00,2026-07-15T08:58:20.126453+00:00,,,20,0,,,,
367bedd35b0a429aa81e62adcc854266,duckdb,1.5.2,tpch,1,local-dev,analytical,bench_cb9eb844,q11,0,2026-07-15T08:58:20.208645+00:00,2026-07-15T08:58:20.293506+00:00,true,,1048,0,,,,
367bedd35b0a429aa81e62adcc854266,duckdb,1.5.2,tpch,1,local-dev,analytical,bench_cb9eb844,q11,1,2026-07-15T08:58:20.295809+00:00,2026-07-15T08:58:20.377841+00:00,,,1048,0,,,,
367bedd35b0a429aa81e62adcc854266,duckdb,1.5.2,tpch,1,local-dev,analytical,bench_cb9eb844,q11,2,2026-07-15T08:58:20.377914+00:00,2026-07-15T08:58:20.462139+00:00,,,1048,0,,,,
367bedd35b0a429aa81e62adcc854266,duckdb,1.5.2,tpch,1,local-dev,analytical,bench_cb9eb844,q12,0,2026-07-15T08:58:20.694230+00:00,2026-07-15T08:58:20.925891+00:00,true,,2,0,,,,
367bedd35b0a429aa81e62adcc854266,duckdb,1.5.2,tpch,1,local-dev,analytical,bench_cb9eb844,q12,1,2026-07-15T08:58:20.926259+00:00,2026-07-15T08:58:21.164805+00:00,,,2,0,,,,
367bedd35b0a429aa81e62adcc854266,duckdb,1.5.2,tpch,1,local-dev,analytical,bench_cb9eb844,q12,2,2026-07-15T08:58:21.164848+00:00,2026-07-15T08:58:21.395405+00:00,,,2,0,,,,
367bedd35b0a429aa81e62adcc854266,duckdb,1.5.2,tpch,1,local-dev,analytical,bench_cb9eb844,q13,0,2026-07-15T08:58:21.559860+00:00,2026-07-15T08:58:21.726307+00:00,true,,42,0,,,,
367bedd35b0a429aa81e62adcc854266,duckdb,1.5.2,tpch,1,local-dev,analytical,bench_cb9eb844,q13,1,2026-07-15T08:58:21.726705+00:00,2026-07-15T08:58:21.890420+00:00,,,42,0,,,,
367bedd35b0a429aa81e62adcc854266,duckdb,1.5.2,tpch,1,local-dev,analytical,bench_cb9eb844,q13,2,2026-07-15T08:58:21.890464+00:00,2026-07-15T08:58:22.058030+00:00,,,42,0,,,,
367bedd35b0a429aa81e62adcc854266,duckdb,1.5.2,tpch,1,local-dev,analytical,bench_cb9eb844,q14,0,2026-07-15T08:58:22.299914+00:00,2026-07-15T08:58:22.551857+00:00,true,,1,0,,,,
367bedd35b0a429aa81e62adcc854266,duckdb,1.5.2,tpch,1,local-dev,analytical,bench_cb9eb844,q14,1,2026-07-15T08:58:22.552546+00:00,2026-07-15T08:58:22.784351+00:00,,,1,0,,,,
367bedd35b0a429aa81e62adcc854266,duckdb,1.5.2,tpch,1,local-dev,analytical,bench_cb9eb844,q14,2,2026-07-15T08:58:22.784412+00:00,2026-07-15T08:58:23.046457+00:00,,,1,0,,,,
367bedd35b0a429aa81e62adcc854266,duckdb,1.5.2,tpch,1,local-dev,analytical,bench_cb9eb844,q15,0,2026-07-15T08:58:23.269424+00:00,2026-07-15T08:58:23.478497+00:00,true,,1,0,,,,
367bedd35b0a429aa81e62adcc854266,duckdb,1.5.2,tpch,1,local-dev,analytical,bench_cb9eb844,q15,1,2026-07-15T08:58:23.478887+00:00,2026-07-15T08:58:23.683812+00:00,,,1,0,,,,
367bedd35b0a429aa81e62adcc854266,duckdb,1.5.2,tpch,1,local-dev,analytical,bench_cb9eb844,q15,2,2026-07-15T08:58:23.683853+00:00,2026-07-15T08:58:23.894337+00:00,,,1,0,,,,
367bedd35b0a429aa81e62adcc854266,duckdb,1.5.2,tpch,1,local-dev,analytical,bench_cb9eb844,q16,0,2026-07-15T08:58:23.956769+00:00,2026-07-15T08:58:24.018350+00:00,true,,18314,0,,,,
367bedd35b0a429aa81e62adcc854266,duckdb,1.5.2,tpch,1,local-dev,analytical,bench_cb9eb844,q16,1,2026-07-15T08:58:24.075770+00:00,2026-07-15T08:58:24.136816+00:00,,,18314,0,,,,
367bedd35b0a429aa81e62adcc854266,duckdb,1.5.2,tpch,1,local-dev,analytical,bench_cb9eb844,q16,2,2026-07-15T08:58:24.137254+00:00,2026-07-15T08:58:24.197463+00:00,,,18314,0,,,,
367bedd35b0a429aa81e62adcc854266,duckdb,1.5.2,tpch,1,local-dev,analytical,bench_cb9eb844,q17,0,2026-07-15T08:58:24.512072+00:00,2026-07-15T08:58:24.827441+00:00,true,,1,0,,,,
367bedd35b0a429aa81e62adcc854266,duckdb,1.5.2,tpch,1,local-dev,analytical,bench_cb9eb844,q17,1,2026-07-15T08:58:24.828177+00:00,2026-07-15T08:58:25.140170+00:00,,,1,0,,,,
367bedd35b0a429aa81e62adcc854266,duckdb,1.5.2,tpch,1,local-dev,analytical,bench_cb9eb844,q17,2,2026-07-15T08:58:25.140210+00:00,2026-07-15T08:58:25.466687+00:00,,,1,0,,,,
367bedd35b0a429aa81e62adcc854266,duckdb,1.5.2,tpch,1,local-dev,analytical,bench_cb9eb844,q18,0,2026-07-15T08:58:25.752637+00:00,2026-07-15T08:58:26.022286+00:00,true,,57,0,,,,
367bedd35b0a429aa81e62adcc854266,duckdb,1.5.2,tpch,1,local-dev,analytical,bench_cb9eb844,q18,1,2026-07-15T08:58:26.023831+00:00,2026-07-15T08:58:26.309410+00:00,,,57,0,,,,
367bedd35b0a429aa81e62adcc854266,duckdb,1.5.2,tpch,1,local-dev,analytical,bench_cb9eb844,q18,2,2026-07-15T08:58:26.309453+00:00,2026-07-15T08:58:26.581443+00:00,,,57,0,,,,
367bedd35b0a429aa81e62adcc854266,duckdb,1.5.2,tpch,1,local-dev,analytical,bench_cb9eb844,q19,0,2026-07-15T08:58:26.878097+00:00,2026-07-15T08:58:27.171723+00:00,true,,1,0,,,,
367bedd35b0a429aa81e62adcc854266,duckdb,1.5.2,tpch,1,local-dev,analytical,bench_cb9eb844,q19,1,2026-07-15T08:58:27.172254+00:00,2026-07-15T08:58:27.468662+00:00,,,1,0,,,,
367bedd35b0a429aa81e62adcc854266,duckdb,1.5.2,tpch,1,local-dev,analytical,bench_cb9eb844,q19,2,2026-07-15T08:58:27.468701+00:00,2026-07-15T08:58:27.790870+00:00,,,1,0,,,,
367bedd35b0a429aa81e62adcc854266,duckdb,1.5.2,tpch,1,local-dev,analytical,bench_cb9eb844,q20,0,2026-07-15T08:58:28.089344+00:00,2026-07-15T08:58:28.378110+00:00,true,,186,0,,,,
367bedd35b0a429aa81e62adcc854266,duckdb,1.5.2,tpch,1,local-dev,analytical,bench_cb9eb844,q20,1,2026-07-15T08:58:28.379563+00:00,2026-07-15T08:58:28.667536+00:00,,,186,0,,,,
367bedd35b0a429aa81e62adcc854266,duckdb,1.5.2,tpch,1,local-dev,analytical,bench_cb9eb844,q20,2,2026-07-15T08:58:28.667581+00:00,2026-07-15T08:58:28.952834+00:00,,,186,0,,,,
367bedd35b0a429aa81e62adcc854266,duckdb,1.5.2,tpch,1,local-dev,analytical,bench_cb9eb844,q21,0,2026-07-15T08:58:29.475837+00:00,2026-07-15T08:58:30.031603+00:00,true,,100,0,,,,
367bedd35b0a429aa81e62adcc854266,duckdb,1.5.2,tpch,1,local-dev,analytical,bench_cb9eb844,q21,1,2026-07-15T08:58:30.032813+00:00,2026-07-15T08:58:30.560334+00:00,,,100,0,,,,
367bedd35b0a429aa81e62adcc854266,duckdb,1.5.2,tpch,1,local-dev,analytical,bench_cb9eb844,q21,2,2026-07-15T08:58:30.560383+00:00,2026-07-15T08:58:31.081193+00:00,,,100,0,,,,
367bedd35b0a429aa81e62adcc854266,duckdb,1.5.2,tpch,1,local-dev,analytical,bench_cb9eb844,q22,0,2026-07-15T08:58:31.165968+00:00,2026-07-15T08:58:31.250905+00:00,true,,7,0,,,,
367bedd35b0a429aa81e62adcc854266,duckdb,1.5.2,tpch,1,local-dev,analytical,bench_cb9eb844,q22,1,2026-07-15T08:58:31.251879+00:00,2026-07-15T08:58:31.338645+00:00,,,7,0,,,,
367bedd35b0a429aa81e62adcc854266,duckdb,1.5.2,tpch,1,local-dev,analytical,bench_cb9eb844,q22,2,2026-07-15T08:58:31.338702+00:00,2026-07-15T08:58:31.429313+00:00,,,7,0,,,,
c2519bd91e2d4ec9b03a1b4342ec58e7,duckdb,1.5.2,tpch,1,local-dev,analytical,test_tpch_async_sf1,q01,0,2026-07-15T09:16:15.250918+00:00,2026-07-15T09:16:15.495902+00:00,true,,4,0,,,,
c2519bd91e2d4ec9b03a1b4342ec58e7,duckdb,1.5.2,tpch,1,local-dev,analytical,test_tpch_async_sf1,q01,1,2026-07-15T09:16:15.497272+00:00,2026-07-15T09:16:15.703715+00:00,,,4,0,,,,
c2519bd91e2d4ec9b03a1b4342ec58e7,duckdb,1.5.2,tpch,1,local-dev,analytical,test_tpch_async_sf1,q01,2,2026-07-15T09:16:15.703755+00:00,2026-07-15T09:16:15.917733+00:00,,,4,0,,,,
c2519bd91e2d4ec9b03a1b4342ec58e7,duckdb,1.5.2,tpch,1,local-dev,analytical,test_tpch_async_sf1,q02,0,2026-07-15T09:16:16.052915+00:00,2026-07-15T09:16:16.183455+00:00,true,,100,0,,,,
c2519bd91e2d4ec9b03a1b4342ec58e7,duckdb,1.5.2,tpch,1,local-dev,analytical,test_tpch_async_sf1,q02,1,2026-07-15T09:16:16.184655+00:00,2026-07-15T09:16:16.309356+00:00,,,100,0,,,,
c2519bd91e2d4ec9b03a1b4342ec58e7,duckdb,1.5.2,tpch,1,local-dev,analytical,test_tpch_async_sf1,q02,2,2026-07-15T09:16:16.309403+00:00,2026-07-15T09:16:16.435515+00:00,,,100,0,,,,
c2519bd91e2d4ec9b03a1b4342ec58e7,duckdb,1.5.2,tpch,1,local-dev,analytical,test_tpch_async_sf1,q03,0,2026-07-15T09:16:16.700495+00:00,2026-07-15T09:16:16.965073+00:00,true,,10,0,,,,
c2519bd91e2d4ec9b03a1b4342ec58e7,duckdb,1.5.2,tpch,1,local-dev,analytical,test_tpch_async_sf1,q03,1,2026-07-15T09:16:16.965501+00:00,2026-07-15T09:16:17.265647+00:00,,,10,0,,,,
c2519bd91e2d4ec9b03a1b4342ec58e7,duckdb,1.5.2,tpch,1,local-dev,analytical,test_tpch_async_sf1,q03,2,2026-07-15T09:16:17.265687+00:00,2026-07-15T09:16:17.530625+00:00,,,10,0,,,,
c2519bd91e2d4ec9b03a1b4342ec58e7,duckdb,1.5.2,tpch,1,local-dev,analytical,test_tpch_async_sf1,q04,0,2026-07-15T09:16:17.704839+00:00,2026-07-15T09:16:17.873331+00:00,true,,5,0,,,,
c2519bd91e2d4ec9b03a1b4342ec58e7,duckdb,1.5.2,tpch,1,local-dev,analytical,test_tpch_async_sf1,q04,1,2026-07-15T09:16:17.873724+00:00,2026-07-15T09:16:18.041069+00:00,,,5,0,,,,
c2519bd91e2d4ec9b03a1b4342ec58e7,duckdb,1.5.2,tpch,1,local-dev,analytical,test_tpch_async_sf1,q04,2,2026-07-15T09:16:18.041113+00:00,2026-07-15T09:16:18.214792+00:00,,,5,0,,,,
c2519bd91e2d4ec9b03a1b4342ec58e7,duckdb,1.5.2,tpch,1,local-dev,analytical,test_tpch_async_sf1,q05,0,2026-07-15T09:16:18.512374+00:00,2026-07-15T09:16:18.791232+00:00,true,,5,0,,,,
c2519bd91e2d4ec9b03a1b4342ec58e7,duckdb,1.5.2,tpch,1,local-dev,analytical,test_tpch_async_sf1,q05,1,2026-07-15T09:16:18.791712+00:00,2026-07-15T09:16:19.095053+00:00,,,5,0,,,,
c2519bd91e2d4ec9b03a1b4342ec58e7,duckdb,1.5.2,tpch,1,local-dev,analytical,test_tpch_async_sf1,q05,2,2026-07-15T09:16:19.095096+00:00,2026-07-15T09:16:19.410839+00:00,,,5,0,,,,
c2519bd91e2d4ec9b03a1b4342ec58e7,duckdb,1.5.2,tpch,1,local-dev,analytical,test_tpch_async_sf1,q06,0,2026-07-15T09:16:19.627995+00:00,2026-07-15T09:16:19.862704+00:00,true,,1,0,,,,
c2519bd91e2d4ec9b03a1b4342ec58e7,duckdb,1.5.2,tpch,1,local-dev,analytical,test_tpch_async_sf1,q06,1,2026-07-15T09:16:19.863086+00:00,2026-07-15T09:16:20.104375+00:00,,,1,0,,,,
c2519bd91e2d4ec9b03a1b4342ec58e7,duckdb,1.5.2,tpch,1,local-dev,analytical,test_tpch_async_sf1,q06,2,2026-07-15T09:16:20.104419+00:00,2026-07-15T09:16:20.320758+00:00,,,1,0,,,,
c2519bd91e2d4ec9b03a1b4342ec58e7,duckdb,1.5.2,tpch,1,local-dev,analytical,test_tpch_async_sf1,q07,0,2026-07-15T09:16:20.621239+00:00,2026-07-15T09:16:20.928844+00:00,true,,4,0,,,,
c2519bd91e2d4ec9b03a1b4342ec58e7,duckdb,1.5.2,tpch,1,local-dev,analytical,test_tpch_async_sf1,q07,1,2026-07-15T09:16:20.929484+00:00,2026-07-15T09:16:21.234169+00:00,,,4,0,,,,
c2519bd91e2d4ec9b03a1b4342ec58e7,duckdb,1.5.2,tpch,1,local-dev,analytical,test_tpch_async_sf1,q07,2,2026-07-15T09:16:21.234211+00:00,2026-07-15T09:16:21.545036+00:00,,,4,0,,,,
c2519bd91e2d4ec9b03a1b4342ec58e7,duckdb,1.5.2,tpch,1,local-dev,analytical,test_tpch_async_sf1,q08,0,2026-07-15T09:16:21.900375+00:00,2026-07-15T09:16:22.256089+00:00,true,,2,0,,,,
c2519bd91e2d4ec9b03a1b4342ec58e7,duckdb,1.5.2,tpch,1,local-dev,analytical,test_tpch_async_sf1,q08,1,2026-07-15T09:16:22.257052+00:00,2026-07-15T09:16:22.629147+00:00,,,2,0,,,,
c2519bd91e2d4ec9b03a1b4342ec58e7,duckdb,1.5.2,tpch,1,local-dev,analytical,test_tpch_async_sf1,q08,2,2026-07-15T09:16:22.629204+00:00,2026-07-15T09:16:22.980650+00:00,,,2,0,,,,
c2519bd91e2d4ec9b03a1b4342ec58e7,duckdb,1.5.2,tpch,1,local-dev,analytical,test_tpch_async_sf1,q09,0,2026-07-15T09:16:23.363801+00:00,2026-07-15T09:16:23.755628+00:00,true,,175,0,,,,
c2519bd91e2d4ec9b03a1b4342ec58e7,duckdb,1.5.2,tpch,1,local-dev,analytical,test_tpch_async_sf1,q09,1,2026-07-15T09:16:23.757226+00:00,2026-07-15T09:16:24.144427+00:00,,,175,0,,,,
c2519bd91e2d4ec9b03a1b4342ec58e7,duckdb,1.5.2,tpch,1,local-dev,analytical,test_tpch_async_sf1,q09,2,2026-07-15T09:16:24.144478+00:00,2026-07-15T09:16:24.528835+00:00,,,175,0,,,,
c2519bd91e2d4ec9b03a1b4342ec58e7,duckdb,1.5.2,tpch,1,local-dev,analytical,test_tpch_async_sf1,q10,0,2026-07-15T09:16:24.846142+00:00,2026-07-15T09:16:25.158230+00:00,true,,20,0,,,,
c2519bd91e2d4ec9b03a1b4342ec58e7,duckdb,1.5.2,tpch,1,local-dev,analytical,test_tpch_async_sf1,q10,1,2026-07-15T09:16:25.159361+00:00,2026-07-15T09:16:25.565660+00:00,,,20,0,,,,
c2519bd91e2d4ec9b03a1b4342ec58e7,duckdb,1.5.2,tpch,1,local-dev,analytical,test_tpch_async_sf1,q10,2,2026-07-15T09:16:25.565704+00:00,2026-07-15T09:16:25.878942+00:00,,,20,0,,,,
c2519bd91e2d4ec9b03a1b4342ec58e7,duckdb,1.5.2,tpch,1,local-dev,analytical,test_tpch_async_sf1,q11,0,2026-07-15T09:16:25.974553+00:00,2026-07-15T09:16:26.071486+00:00,true,,1048,0,,,,
c2519bd91e2d4ec9b03a1b4342ec58e7,duckdb,1.5.2,tpch,1,local-dev,analytical,test_tpch_async_sf1,q11,1,2026-07-15T09:16:26.074565+00:00,2026-07-15T09:16:26.163525+00:00,,,1048,0,,,,
c2519bd91e2d4ec9b03a1b4342ec58e7,duckdb,1.5.2,tpch,1,local-dev,analytical,test_tpch_async_sf1,q11,2,2026-07-15T09:16:26.163602+00:00,2026-07-15T09:16:26.245382+00:00,,,1048,0,,,,
c2519bd91e2d4ec9b03a1b4342ec58e7,duckdb,1.5.2,tpch,1,local-dev,analytical,test_tpch_async_sf1,q12,0,2026-07-15T09:16:26.481578+00:00,2026-07-15T09:16:26.731808+00:00,true,,2,0,,,,
c2519bd91e2d4ec9b03a1b4342ec58e7,duckdb,1.5.2,tpch,1,local-dev,analytical,test_tpch_async_sf1,q12,1,2026-07-15T09:16:26.732826+00:00,2026-07-15T09:16:26.980662+00:00,,,2,0,,,,
c2519bd91e2d4ec9b03a1b4342ec58e7,duckdb,1.5.2,tpch,1,local-dev,analytical,test_tpch_async_sf1,q12,2,2026-07-15T09:16:26.980711+00:00,2026-07-15T09:16:27.230052+00:00,,,2,0,,,,
c2519bd91e2d4ec9b03a1b4342ec58e7,duckdb,1.5.2,tpch,1,local-dev,analytical,test_tpch_async_sf1,q13,0,2026-07-15T09:16:27.401592+00:00,2026-07-15T09:16:27.580200+00:00,true,,42,0,,,,
c2519bd91e2d4ec9b03a1b4342ec58e7,duckdb,1.5.2,tpch,1,local-dev,analytical,test_tpch_async_sf1,q13,1,2026-07-15T09:16:27.580690+00:00,2026-07-15T09:16:27.757154+00:00,,,42,0,,,,
c2519bd91e2d4ec9b03a1b4342ec58e7,duckdb,1.5.2,tpch,1,local-dev,analytical,test_tpch_async_sf1,q13,2,2026-07-15T09:16:27.757200+00:00,2026-07-15T09:16:27.927755+00:00,,,42,0,,,,
c2519bd91e2d4ec9b03a1b4342ec58e7,duckdb,1.5.2,tpch,1,local-dev,analytical,test_tpch_async_sf1,q14,0,2026-07-15T09:16:28.161358+00:00,2026-07-15T09:16:28.393455+00:00,true,,1,0,,,,
c2519bd91e2d4ec9b03a1b4342ec58e7,duckdb,1.5.2,tpch,1,local-dev,analytical,test_tpch_async_sf1,q14,1,2026-07-15T09:16:28.393758+00:00,2026-07-15T09:16:28.645357+00:00,,,1,0,,,,
c2519bd91e2d4ec9b03a1b4342ec58e7,duckdb,1.5.2,tpch,1,local-dev,analytical,test_tpch_async_sf1,q14,2,2026-07-15T09:16:28.645400+00:00,2026-07-15T09:16:28.881914+00:00,,,1,0,,,,
c2519bd91e2d4ec9b03a1b4342ec58e7,duckdb,1.5.2,tpch,1,local-dev,analytical,test_tpch_async_sf1,q15,0,2026-07-15T09:16:29.106960+00:00,2026-07-15T09:16:29.327635+00:00,true,,1,0,,,,
c2519bd91e2d4ec9b03a1b4342ec58e7,duckdb,1.5.2,tpch,1,local-dev,analytical,test_tpch_async_sf1,q15,1,2026-07-15T09:16:29.327941+00:00,2026-07-15T09:16:29.532091+00:00,,,1,0,,,,
c2519bd91e2d4ec9b03a1b4342ec58e7,duckdb,1.5.2,tpch,1,local-dev,analytical,test_tpch_async_sf1,q15,2,2026-07-15T09:16:29.532129+00:00,2026-07-15T09:16:29.751227+00:00,,,1,0,,,,
c2519bd91e2d4ec9b03a1b4342ec58e7,duckdb,1.5.2,tpch,1,local-dev,analytical,test_tpch_async_sf1,q16,0,2026-07-15T09:16:29.822690+00:00,2026-07-15T09:16:29.887096+00:00,true,,18314,0,,,,
c2519bd91e2d4ec9b03a1b4342ec58e7,duckdb,1.5.2,tpch,1,local-dev,analytical,test_tpch_async_sf1,q16,1,2026-07-15T09:16:29.942995+00:00,2026-07-15T09:16:30.011842+00:00,,,18314,0,,,,
c2519bd91e2d4ec9b03a1b4342ec58e7,duckdb,1.5.2,tpch,1,local-dev,analytical,test_tpch_async_sf1,q16,2,2026-07-15T09:16:30.012318+00:00,2026-07-15T09:16:30.140433+00:00,,,18314,0,,,,
c2519bd91e2d4ec9b03a1b4342ec58e7,duckdb,1.5.2,tpch,1,local-dev,analytical,test_tpch_async_sf1,q17,0,2026-07-15T09:16:30.829895+00:00,2026-07-15T09:16:31.209178+00:00,true,,1,0,,,,
c2519bd91e2d4ec9b03a1b4342ec58e7,duckdb,1.5.2,tpch,1,local-dev,analytical,test_tpch_async_sf1,q17,1,2026-07-15T09:16:31.209558+00:00,2026-07-15T09:16:31.524353+00:00,,,1,0,,,,
c2519bd91e2d4ec9b03a1b4342ec58e7,duckdb,1.5.2,tpch,1,local-dev,analytical,test_tpch_async_sf1,q17,2,2026-07-15T09:16:31.524395+00:00,2026-07-15T09:16:31.847880+00:00,,,1,0,,,,
c2519bd91e2d4ec9b03a1b4342ec58e7,duckdb,1.5.2,tpch,1,local-dev,analytical,test_tpch_async_sf1,q18,0,2026-07-15T09:16:32.111092+00:00,2026-07-15T09:16:32.379398+00:00,true,,57,0,,,,
c2519bd91e2d4ec9b03a1b4342ec58e7,duckdb,1.5.2,tpch,1,local-dev,analytical,test_tpch_async_sf1,q18,1,2026-07-15T09:16:32.380716+00:00,2026-07-15T09:16:32.649310+00:00,,,57,0,,,,
c2519bd91e2d4ec9b03a1b4342ec58e7,duckdb,1.5.2,tpch,1,local-dev,analytical,test_tpch_async_sf1,q18,2,2026-07-15T09:16:32.649356+00:00,2026-07-15T09:16:32.921073+00:00,,,57,0,,,,
c2519bd91e2d4ec9b03a1b4342ec58e7,duckdb,1.5.2,tpch,1,local-dev,analytical,test_tpch_async_sf1,q19,0,2026-07-15T09:16:33.218892+00:00,2026-07-15T09:16:33.512086+00:00,true,,1,0,,,,
c2519bd91e2d4ec9b03a1b4342ec58e7,duckdb,1.5.2,tpch,1,local-dev,analytical,test_tpch_async_sf1,q19,1,2026-07-15T09:16:33.513330+00:00,2026-07-15T09:16:33.806415+00:00,,,1,0,,,,
c2519bd91e2d4ec9b03a1b4342ec58e7,duckdb,1.5.2,tpch,1,local-dev,analytical,test_tpch_async_sf1,q19,2,2026-07-15T09:16:33.806462+00:00,2026-07-15T09:16:34.104027+00:00,,,1,0,,,,
c2519bd91e2d4ec9b03a1b4342ec58e7,duckdb,1.5.2,tpch,1,local-dev,analytical,test_tpch_async_sf1,q20,0,2026-07-15T09:16:34.398180+00:00,2026-07-15T09:16:34.684060+00:00,true,,186,0,,,,
c2519bd91e2d4ec9b03a1b4342ec58e7,duckdb,1.5.2,tpch,1,local-dev,analytical,test_tpch_async_sf1,q20,1,2026-07-15T09:16:34.685428+00:00,2026-07-15T09:16:34.973967+00:00,,,186,0,,,,
c2519bd91e2d4ec9b03a1b4342ec58e7,duckdb,1.5.2,tpch,1,local-dev,analytical,test_tpch_async_sf1,q20,2,2026-07-15T09:16:34.974016+00:00,2026-07-15T09:16:35.277583+00:00,,,186,0,,,,
c2519bd91e2d4ec9b03a1b4342ec58e7,duckdb,1.5.2,tpch,1,local-dev,analytical,test_tpch_async_sf1,q21,0,2026-07-15T09:16:35.973962+00:00,2026-07-15T09:16:36.509662+00:00,true,,100,0,,,,
c2519bd91e2d4ec9b03a1b4342ec58e7,duckdb,1.5.2,tpch,1,local-dev,analytical,test_tpch_async_sf1,q21,1,2026-07-15T09:16:36.511013+00:00,2026-07-15T09:16:37.056989+00:00,,,100,0,,,,
c2519bd91e2d4ec9b03a1b4342ec58e7,duckdb,1.5.2,tpch,1,local-dev,analytical,test_tpch_async_sf1,q21,2,2026-07-15T09:16:37.057049+00:00,2026-07-15T09:16:37.577101+00:00,,,100,0,,,,
c2519bd91e2d4ec9b03a1b4342ec58e7,duckdb,1.5.2,tpch,1,local-dev,analytical,test_tpch_async_sf1,q22,0,2026-07-15T09:16:37.663356+00:00,2026-07-15T09:16:37.744291+00:00,true,,7,0,,,,
c2519bd91e2d4ec9b03a1b4342ec58e7,duckdb,1.5.2,tpch,1,local-dev,analytical,test_tpch_async_sf1,q22,1,2026-07-15T09:16:37.745381+00:00,2026-07-15T09:16:37.828608+00:00,,,7,0,,,,
c2519bd91e2d4ec9b03a1b4342ec58e7,duckdb,1.5.2,tpch,1,local-dev,analytical,test_tpch_async_sf1,q22,2,2026-07-15T09:16:37.828648+00:00,2026-07-15T09:16:37.911380+00:00,,,7,0,,,,
